event,ticker,league,market_type,home,away,start_ts,start_utc,schedule_source,schedule_updated_at,milestone_id,result,settled_ts,occurrence_ts,archived,bar_count,day,split
KXNBAGAME-26FEB12PORUTA,KXNBAGAME-26FEB12PORUTA-UTA,NBA,winner,Utah,Portland,1770948000,2026-02-13T02:00:00+00:00,kalshi_milestone_start_date,2026-03-26T07:28:44.964714Z,cedcc13b-25fa-45ec-873a-4c5b33fd162a,0,1770957781,,True,1208,2026-02-13,train
KXNBAGAME-26FEB12DALLAL,KXNBAGAME-26FEB12DALLAL-LAL,NBA,winner,Los Angeles L,Dallas,1770951600,2026-02-13T03:00:00+00:00,kalshi_milestone_start_date,2026-03-26T07:28:48.23762Z,eb2d758d-08a6-473e-959a-276e1cd34bc8,1,1770961141,,True,1306,2026-02-13,train
KXNBAGAME-26FEB19ATLPHI,KXNBAGAME-26FEB19ATLPHI-PHI,NBA,winner,Philadelphia,Atlanta,1771545600,2026-02-20T00:00:00+00:00,kalshi_milestone_start_date,2026-03-26T07:28:26.376871Z,5cb6941f-c3f7-4849-8618-489895938bf1,0,1771555940,,True,1194,2026-02-20,train
KXNBAGAME-26FEB19BKNCLE,KXNBAGAME-26FEB19BKNCLE-CLE,NBA,winner,Cleveland,Brooklyn,1771545600,2026-02-20T00:00:00+00:00,kalshi_milestone_start_date,2026-03-26T07:28:37.049414Z,7e3e23f3-6025-4aea-b7de-19e46ae14712,1,1771554760,,True,1127,2026-02-20,train
KXNBAGAME-26FEB19HOUCHA,KXNBAGAME-26FEB19HOUCHA-CHA,NBA,winner,Charlotte,Houston,1771545600,2026-02-20T00:00:00+00:00,kalshi_milestone_start_date,2026-03-26T07:28:37.51709Z,7566d5c5-7fd3-467f-b91f-5175375530fb,0,1771554970,,True,1233,2026-02-20,train
KXNBAGAME-26FEB19INDWAS,KXNBAGAME-26FEB19INDWAS-WAS,NBA,winner,Washington,Indiana,1771545600,2026-02-20T00:00:00+00:00,kalshi_milestone_start_date,2026-03-26T07:28:30.10531Z,dfed0a63-acd6-4827-83c6-ad218f02a2a1,1,1771555940,,True,824,2026-02-20,train
KXNBAGAME-26FEB19DETNYK,KXNBAGAME-26FEB19DETNYK-NYK,NBA,winner,New York,Detroit,1771547400,2026-02-20T00:30:00+00:00,kalshi_milestone_start_date,2026-03-26T07:28:35.747586Z,5e30967c-034e-479e-bbed-856a7c78126e,0,1771557500,,True,1155,2026-02-20,train
KXNBAGAME-26FEB19TORCHI,KXNBAGAME-26FEB19TORCHI-CHI,NBA,winner,Chicago,Toronto,1771549200,2026-02-20T01:00:00+00:00,kalshi_milestone_start_date,2026-03-26T07:28:27.481896Z,8f381d39-8de7-48a9-8f89-36c20da7dda9,0,1771559160,,True,860,2026-02-20,train
KXNBAGAME-26FEB19PHXSAS,KXNBAGAME-26FEB19PHXSAS-SAS,NBA,winner,San Antonio,Phoenix,1771551000,2026-02-20T01:30:00+00:00,kalshi_milestone_start_date,2026-03-26T07:28:34.068984Z,5da26157-1e50-42f4-a3ca-3bdf1348590f,1,1771559880,,True,1017,2026-02-20,train
KXNBAGAME-26FEB19BOSGSW,KXNBAGAME-26FEB19BOSGSW-GSW,NBA,winner,Golden State,Boston,1771556400,2026-02-20T03:00:00+00:00,kalshi_milestone_start_date,2026-03-26T07:28:04.120188Z,527acd65-22a3-4643-9ac3-cc070a8fdce0,0,1771566240,,True,1065,2026-02-20,train
KXNBAGAME-26FEB19ORLSAC,KXNBAGAME-26FEB19ORLSAC-SAC,NBA,winner,Sacramento,Orlando,1771556400,2026-02-20T03:00:00+00:00,kalshi_milestone_start_date,2026-03-26T07:28:33.469326Z,1adaa57a-bcc4-4869-af3f-7605a0208d50,0,1771566350,,True,960,2026-02-20,train
KXNBAGAME-26FEB19DENLAC,KXNBAGAME-26FEB19DENLAC-LAC,NBA,winner,Los Angeles C,Denver,1771558200,2026-02-20T03:30:00+00:00,kalshi_milestone_start_date,2026-03-26T07:28:32.076235Z,054e5007-1965-4ca6-a038-8ecd06917337,1,1771568620,,True,864,2026-02-20,train
KXNBAGAME-26FEB20CLECHA,KXNBAGAME-26FEB20CLECHA-CHA,NBA,winner,Charlotte,Cleveland,1771632000,2026-02-21T00:00:00+00:00,kalshi_milestone_start_date,2026-03-26T07:29:02.634769Z,28311994-6688-48bb-8ad4-d396cfba14ed,0,1771641986,,True,1105,2026-02-21,train
KXNBAGAME-26FEB20INDWAS,KXNBAGAME-26FEB20INDWAS-WAS,NBA,winner,Washington,Indiana,1771632000,2026-02-21T00:00:00+00:00,kalshi_milestone_start_date,2026-03-26T07:28:29.657657Z,940de0dd-9eaf-4222-af7a-71f42bc3f443,1,1771641386,,True,1195,2026-02-21,train
KXNBAGAME-26FEB20UTAMEM,KXNBAGAME-26FEB20UTAMEM-MEM,NBA,winner,Memphis,Utah,1771632000,2026-02-21T00:00:00+00:00,kalshi_milestone_start_date,2026-03-26T07:28:58.226644Z,948edb91-e17e-4f0a-a1f7-f5d8983a91ab,1,1771641506,,True,1077,2026-02-21,train
KXNBAGAME-26FEB20DALMIN,KXNBAGAME-26FEB20DALMIN-MIN,NBA,winner,Minnesota,Dallas,1771633800,2026-02-21T00:30:00+00:00,kalshi_milestone_start_date,2026-03-26T07:29:05.292342Z,9827b072-d6dc-4e57-8329-1baf851db695,1,1771644136,,True,1073,2026-02-21,train
KXNBAGAME-26FEB20MIAATL,KXNBAGAME-26FEB20MIAATL-ATL,NBA,winner,Atlanta,Miami,1771633800,2026-02-21T00:30:00+00:00,kalshi_milestone_start_date,2026-03-26T07:28:58.234098Z,be9901a5-bfd9-415b-8aea-ee85a15819e1,0,1771642806,,True,1023,2026-02-21,train
KXNBAGAME-26FEB20BKNOKC,KXNBAGAME-26FEB20BKNOKC-OKC,NBA,winner,Oklahoma City,Brooklyn,1771635600,2026-02-21T01:00:00+00:00,kalshi_milestone_start_date,2026-03-26T07:29:07.260366Z,3a656ab7-0cc4-4397-93e7-cdfb18848eb0,1,1771645796,,True,1032,2026-02-21,train
KXNBAGAME-26FEB20MILNOP,KXNBAGAME-26FEB20MILNOP-NOP,NBA,winner,New Orleans,Milwaukee,1771635600,2026-02-21T01:00:00+00:00,kalshi_milestone_start_date,2026-03-26T07:28:49.656305Z,cf61d00b-954f-48c8-8f5b-31474aa126da,0,1771644306,,True,1073,2026-02-21,train
KXNBAGAME-26FEB20DENPOR,KXNBAGAME-26FEB20DENPOR-POR,NBA,winner,Portland,Denver,1771642800,2026-02-21T03:00:00+00:00,kalshi_milestone_start_date,2026-03-26T07:28:49.614641Z,5bc07d7b-eb4d-4060-997f-cdde3b7c1a4a,0,1771652876,,True,1104,2026-02-21,train
KXNBAGAME-26FEB20LACLAL,KXNBAGAME-26FEB20LACLAL-LAL,NBA,winner,Los Angeles L,Los Angeles C,1771642800,2026-02-21T03:00:00+00:00,kalshi_milestone_start_date,2026-03-26T07:28:52.931427Z,b25e79f3-4e24-429c-a092-3557ed3b3489,1,1771653237,,True,1257,2026-02-21,train
KXNBAGAME-26FEB21ORLPHX,KXNBAGAME-26FEB21ORLPHX-PHX,NBA,winner,Phoenix,Orlando,1771711200,2026-02-21T22:00:00+00:00,kalshi_milestone_start_date,2026-03-26T07:28:45.587549Z,7649b50e-8b46-45d5-bd5b-94a9660788a8,1,1771723076,,True,1206,2026-02-21,train
KXNBAGAME-26FEB21PHINOP,KXNBAGAME-26FEB21PHINOP-NOP,NBA,winner,New Orleans,Philadelphia,1771718400,2026-02-22T00:00:00+00:00,kalshi_milestone_start_date,2026-03-26T07:28:10.972316Z,c4532702-6f0a-4c1c-bd89-1a82ae1926bf,1,1771728476,,True,906,2026-02-22,train
KXNBAGAME-26FEB21DETCHI,KXNBAGAME-26FEB21DETCHI-CHI,NBA,winner,Chicago,Detroit,1771722000,2026-02-22T01:00:00+00:00,kalshi_milestone_start_date,2026-03-26T07:29:02.174065Z,b3fbb693-caa0-44b6-ae33-0d76bc0d7bc8,0,1771731126,,True,937,2026-02-22,train
KXNBAGAME-26FEB21MEMMIA,KXNBAGAME-26FEB21MEMMIA-MIA,NBA,winner,Miami,Memphis,1771722000,2026-02-22T01:00:00+00:00,kalshi_milestone_start_date,2026-03-26T07:28:16.886693Z,9c2f8e31-ab4b-4e6b-90ab-0ef280ab8a03,1,1771731956,,True,976,2026-02-22,train
KXNBAGAME-26FEB21SACSAS,KXNBAGAME-26FEB21SACSAS-SAS,NBA,winner,San Antonio,Sacramento,1771722000,2026-02-22T01:00:00+00:00,kalshi_milestone_start_date,2026-03-26T07:28:54.11167Z,7856955c-4560-4960-97ba-ad6c8fcee776,1,1771732068,,True,1119,2026-02-22,train
KXNBAGAME-26FEB21HOUNYK,KXNBAGAME-26FEB21HOUNYK-NYK,NBA,winner,New York,Houston,1771723800,2026-02-22T01:30:00+00:00,kalshi_milestone_start_date,2026-03-26T07:28:10.109899Z,0d77b01b-f721-4bfc-b933-b5b12ae5662e,1,1771734337,,True,1169,2026-02-22,train
KXNBAGAME-26FEB22CLEOKC,KXNBAGAME-26FEB22CLEOKC-OKC,NBA,winner,Oklahoma City,Cleveland,1771783200,2026-02-22T18:00:00+00:00,kalshi_milestone_start_date,2026-03-26T07:28:56.148043Z,ec39dc52-fc2a-44f1-ba55-7bd4d0c4e594,1,1771793416,,True,1299,2026-02-22,train
KXNBAGAME-26FEB22BKNATL,KXNBAGAME-26FEB22BKNATL-ATL,NBA,winner,Atlanta,Brooklyn,1771792200,2026-02-22T20:30:00+00:00,kalshi_milestone_start_date,2026-03-26T07:28:19.120498Z,c1d03cae-ef08-4bf1-b13a-c5b31ab9dcf3,1,1771802056,,True,927,2026-02-22,train
KXNBAGAME-26FEB22DENGSW,KXNBAGAME-26FEB22DENGSW-GSW,NBA,winner,Golden State,Denver,1771792200,2026-02-22T20:30:00+00:00,kalshi_milestone_start_date,2026-03-26T07:28:12.615233Z,76bd3ba9-e669-4509-8098-cf6a132fc7cf,1,1771802647,,True,1161,2026-02-22,train
KXNBAGAME-26FEB22TORMIL,KXNBAGAME-26FEB22TORMIL-MIL,NBA,winner,Milwaukee,Toronto,1771792200,2026-02-22T20:30:00+00:00,kalshi_milestone_start_date,2026-03-26T07:28:13.918215Z,06f6816f-e516-4e86-bdcd-291be93f09c5,0,1771802406,,True,1124,2026-02-22,train
KXNBAGAME-26FEB22DALIND,KXNBAGAME-26FEB22DALIND-IND,NBA,winner,Indiana,Dallas,1771797600,2026-02-22T22:00:00+00:00,kalshi_milestone_start_date,2026-03-26T07:28:16.294546Z,d9f5613c-0a63-47a0-b718-d9c109cea176,0,1771807086,,True,982,2026-02-22,train
KXNBAGAME-26FEB22CHAWAS,KXNBAGAME-26FEB22CHAWAS-WAS,NBA,winner,Washington,Charlotte,1771801200,2026-02-22T23:00:00+00:00,kalshi_milestone_start_date,2026-03-26T07:29:08.438902Z,ea407a9a-6692-4ff0-a59a-70818c30c354,0,1771810346,,True,937,2026-02-22,train
KXNBAGAME-26FEB22BOSLAL,KXNBAGAME-26FEB22BOSLAL-LAL,NBA,winner,Los Angeles L,Boston,1771803000,2026-02-22T23:30:00+00:00,kalshi_milestone_start_date,2026-03-26T07:28:16.90122Z,aa8d08de-0c14-4a07-a8bc-1c91a686d5ee,0,1771812367,,True,1253,2026-02-22,train
KXNBAGAME-26FEB22PHIMIN,KXNBAGAME-26FEB22PHIMIN-MIN,NBA,winner,Minnesota,Philadelphia,1771804800,2026-02-23T00:00:00+00:00,kalshi_milestone_start_date,2026-03-26T07:28:17.568028Z,08faf913-7289-472c-890b-cb2c560720aa,0,1771814267,,True,937,2026-02-23,train
KXNBAGAME-26FEB22NYKCHI,KXNBAGAME-26FEB22NYKCHI-CHI,NBA,winner,Chicago,New York,1771808400,2026-02-23T01:00:00+00:00,kalshi_milestone_start_date,2026-03-26T07:27:52.688775Z,de0725a3-0cd6-42c2-8702-9d7317a6634b,0,1771818726,,True,787,2026-02-23,train
KXNBAGAME-26FEB22PORPHX,KXNBAGAME-26FEB22PORPHX-PHX,NBA,winner,Phoenix,Portland,1771808400,2026-02-23T01:00:00+00:00,kalshi_milestone_start_date,2026-03-26T07:28:17.540309Z,20ab5310-bbd3-44ec-9c1b-654f6693ce73,0,1771817156,,True,1097,2026-02-23,train
KXNBAGAME-26FEB22ORLLAC,KXNBAGAME-26FEB22ORLLAC-LAC,NBA,winner,Los Angeles C,Orlando,1771812000,2026-02-23T02:00:00+00:00,kalshi_milestone_start_date,2026-03-26T07:29:01.696363Z,28068150-dafb-40fc-9632-1de7a3fd8e45,0,1771822316,,True,1051,2026-02-23,train
KXNBAGAME-26FEB23SASDET,KXNBAGAME-26FEB23SASDET-DET,NBA,winner,Detroit,San Antonio,1771891200,2026-02-24T00:00:00+00:00,kalshi_milestone_start_date,2026-03-26T07:28:33.073159Z,eceba088-3c61-4c3f-a467-edbdfed0e41d,0,1771902837,,True,1355,2026-02-24,train
KXNBAGAME-26FEB23SACMEM,KXNBAGAME-26FEB23SACMEM-MEM,NBA,winner,Memphis,Sacramento,1771894800,2026-02-24T01:00:00+00:00,kalshi_milestone_start_date,2026-03-26T07:28:18.246835Z,bdf58191-0eca-4403-a801-7c9c452a45e1,0,1771904646,,True,1380,2026-02-24,train
KXNBAGAME-26FEB23UTAHOU,KXNBAGAME-26FEB23UTAHOU-HOU,NBA,winner,Houston,Utah,1771900200,2026-02-24T02:30:00+00:00,kalshi_milestone_start_date,2026-03-26T07:28:16.287216Z,2568ee3d-8e2a-44b9-b8be-494b81b1a3ca,1,1771909427,,True,1322,2026-02-24,train
KXNBAGAME-26FEB24PHIIND,KXNBAGAME-26FEB24PHIIND-IND,NBA,winner,Indiana,Philadelphia,1771977600,2026-02-25T00:00:00+00:00,kalshi_milestone_start_date,2026-03-26T07:28:38.913989Z,19a658c9-b786-4db0-b096-20cea99d3cde,0,1771987225,,True,1267,2026-02-25,train
KXNBAGAME-26FEB24DALBKN,KXNBAGAME-26FEB24DALBKN-BKN,NBA,winner,Brooklyn,Dallas,1771979400,2026-02-25T00:30:00+00:00,kalshi_milestone_start_date,2026-03-26T07:28:38.798918Z,f4c28379-8624-44ff-b57d-960d2a177bcf,0,1771991076,,True,896,2026-02-25,train
KXNBAGAME-26FEB24NYKCLE,KXNBAGAME-26FEB24NYKCLE-CLE,NBA,winner,Cleveland,New York,1771979400,2026-02-25T00:30:00+00:00,kalshi_milestone_start_date,2026-03-26T07:28:35.890226Z,0800eaf7-c42f-40b6-a9db-4258ddb1e568,1,1771989756,,True,1264,2026-02-25,train
KXNBAGAME-26FEB24OKCTOR,KXNBAGAME-26FEB24OKCTOR-TOR,NBA,winner,Toronto,Oklahoma City,1771979400,2026-02-25T00:30:00+00:00,kalshi_milestone_start_date,2026-03-26T07:28:38.065771Z,e45329df-c0cc-4355-8a52-ad26eda87679,0,1771989265,,True,1236,2026-02-25,train
KXNBAGAME-26FEB24WASATL,KXNBAGAME-26FEB24WASATL-ATL,NBA,winner,Atlanta,Washington,1771979400,2026-02-25T00:30:00+00:00,kalshi_milestone_start_date,2026-03-26T07:28:34.653426Z,15a24300-bd45-4c5a-8128-1d3322062077,1,1771991155,,True,967,2026-02-25,train
KXNBAGAME-26FEB24CHACHI,KXNBAGAME-26FEB24CHACHI-CHI,NBA,winner,Chicago,Charlotte,1771981200,2026-02-25T01:00:00+00:00,kalshi_milestone_start_date,2026-03-26T07:28:57.429041Z,3307732e-8078-46a0-9072-9c70dcf5df6a,0,1771989855,,True,1010,2026-02-25,train
KXNBAGAME-26FEB24GSWNOP,KXNBAGAME-26FEB24GSWNOP-NOP,NBA,winner,New Orleans,Golden State,1771981200,2026-02-25T01:00:00+00:00,kalshi_milestone_start_date,2026-03-26T07:28:33.835778Z,a5cf9852-3b86-40ab-bbd9-af65d1921cad,1,1771991405,,True,1060,2026-02-25,train
KXNBAGAME-26FEB24MIAMIL,KXNBAGAME-26FEB24MIAMIL-MIL,NBA,winner,Milwaukee,Miami,1771981200,2026-02-25T01:00:00+00:00,kalshi_milestone_start_date,2026-03-26T07:28:35.048889Z,6f3b4d26-42b8-49fc-84ed-8621ee82422c,1,1771990945,,True,943,2026-02-25,train
KXNBAGAME-26FEB24BOSPHX,KXNBAGAME-26FEB24BOSPHX-PHX,NBA,winner,Phoenix,Boston,1771984800,2026-02-25T02:00:00+00:00,kalshi_milestone_start_date,2026-03-26T07:28:33.642185Z,f7255070-329e-4b90-a0b4-ab656281fda7,0,1771993336,,True,926,2026-02-25,train
KXNBAGAME-26FEB24MINPOR,KXNBAGAME-26FEB24MINPOR-POR,NBA,winner,Portland,Minnesota,1771988400,2026-02-25T03:00:00+00:00,kalshi_milestone_start_date,2026-03-26T07:28:30.256241Z,e4532e04-a862-420d-b301-f65b84155cd3,0,1771998945,,True,813,2026-02-25,train
KXNBAGAME-26FEB24ORLLAL,KXNBAGAME-26FEB24ORLLAL-LAL,NBA,winner,Los Angeles L,Orlando,1771990200,2026-02-25T03:30:00+00:00,kalshi_milestone_start_date,2026-03-26T07:28:43.871908Z,739dda96-b675-4b1c-b6b5-365768e87dac,0,1772000275,,True,1218,2026-02-25,train
KXNBAGAME-26FEB25GSWMEM,KXNBAGAME-26FEB25GSWMEM-MEM,NBA,winner,Memphis,Golden State,1772065800,2026-02-26T00:30:00+00:00,kalshi_milestone_start_date,2026-03-26T07:28:37.367476Z,0ec71a53-0e5f-45bd-93aa-e14c8530d31f,0,1772075285,,True,1089,2026-02-26,train
KXNBAGAME-26FEB25OKCDET,KXNBAGAME-26FEB25OKCDET-DET,NBA,winner,Detroit,Oklahoma City,1772065800,2026-02-26T00:30:00+00:00,kalshi_milestone_start_date,2026-03-26T07:28:42.09284Z,ed4e4c3f-7d61-4528-ad32-ae9d0d0ef801,1,1772076125,,True,1223,2026-02-26,train
KXNBAGAME-26FEB25SASTOR,KXNBAGAME-26FEB25SASTOR-TOR,NBA,winner,Toronto,San Antonio,1772065800,2026-02-26T00:30:00+00:00,kalshi_milestone_start_date,2026-03-26T07:29:28.11392Z,caf5df6e-1940-4aae-8a3a-45f5d3cf2189,0,1772076005,,True,1076,2026-02-26,train
KXNBAGAME-26FEB25CLEMIL,KXNBAGAME-26FEB25CLEMIL-MIL,NBA,winner,Milwaukee,Cleveland,1772067600,2026-02-26T01:00:00+00:00,kalshi_milestone_start_date,2026-03-26T07:28:59.319365Z,871c41d8-0423-4019-80ca-7c60fecda912,1,1772077075,,True,1060,2026-02-26,train
KXNBAGAME-26FEB25SACHOU,KXNBAGAME-26FEB25SACHOU-HOU,NBA,winner,Houston,Sacramento,1772067600,2026-02-26T01:00:00+00:00,kalshi_milestone_start_date,2026-03-26T07:28:37.408915Z,6892c878-1a02-42ed-a00a-d0f8df6b6619,1,1772078155,,True,1244,2026-02-26,train
KXNBAGAME-26FEB25BOSDEN,KXNBAGAME-26FEB25BOSDEN-DEN,NBA,winner,Denver,Boston,1772074800,2026-02-26T03:00:00+00:00,kalshi_milestone_start_date,2026-03-26T07:28:50.323684Z,0c53f8b5-79f1-4aba-8c8d-3b9f0a8ff1b0,1,1772084866,,True,1312,2026-02-26,train
KXNBAGAME-26FEB26CHAIND,KXNBAGAME-26FEB26CHAIND-IND,NBA,winner,Indiana,Charlotte,1772150400,2026-02-27T00:00:00+00:00,kalshi_milestone_start_date,2026-03-26T07:29:12.973982Z,cbd91d56-7d4a-4d4e-bc81-56244d3dcebf,0,1772159857,,True,1202,2026-02-27,train
KXNBAGAME-26FEB26MIAPHI,KXNBAGAME-26FEB26MIAPHI-PHI,NBA,winner,Philadelphia,Miami,1772150400,2026-02-27T00:00:00+00:00,kalshi_milestone_start_date,2026-03-26T07:29:26.660297Z,53140700-3be7-4052-b90c-b1d01c9472c0,1,1772160119,,True,1233,2026-02-27,train
KXNBAGAME-26FEB26HOUORL,KXNBAGAME-26FEB26HOUORL-ORL,NBA,winner,Orlando,Houston,1772152200,2026-02-27T00:30:00+00:00,kalshi_milestone_start_date,2026-03-26T07:29:44.285014Z,2de0e47e-531e-4d98-92f1-aa464c52dca0,0,1772162517,,True,953,2026-02-27,train
KXNBAGAME-26FEB26SASBKN,KXNBAGAME-26FEB26SASBKN-BKN,NBA,winner,Brooklyn,San Antonio,1772152200,2026-02-27T00:30:00+00:00,kalshi_milestone_start_date,2026-03-26T07:29:09.444008Z,e36e80ca-2073-4f94-9b4b-ed0c5091590f,0,1772161378,,True,905,2026-02-27,train
KXNBAGAME-26FEB26WASATL,KXNBAGAME-26FEB26WASATL-ATL,NBA,winner,Atlanta,Washington,1772152200,2026-02-27T00:30:00+00:00,kalshi_milestone_start_date,2026-03-26T07:29:12.405407Z,02637ca8-1970-40cb-97c3-7ac7558df58f,1,1772161057,,True,850,2026-02-27,train
KXNBAGAME-26FEB26PORCHI,KXNBAGAME-26FEB26PORCHI-CHI,NBA,winner,Chicago,Portland,1772154000,2026-02-27T01:00:00+00:00,kalshi_milestone_start_date,2026-03-26T07:29:25.350922Z,1398930c-dbb7-423c-bae4-79f7ce42cd0d,0,1772163718,,True,929,2026-02-27,train
KXNBAGAME-26FEB26SACDAL,KXNBAGAME-26FEB26SACDAL-DAL,NBA,winner,Dallas,Sacramento,1772155800,2026-02-27T01:30:00+00:00,kalshi_milestone_start_date,2026-03-26T07:29:26.443334Z,9723b2f4-8004-486e-bd28-09986ae2e0e4,0,1772165117,,True,869,2026-02-27,train
KXNBAGAME-26FEB26LALPHX,KXNBAGAME-26FEB26LALPHX-PHX,NBA,winner,Phoenix,Los Angeles L,1772157600,2026-02-27T02:00:00+00:00,kalshi_milestone_start_date,2026-03-26T07:28:54.482378Z,bdbaeb1a-52ac-4d28-874e-90d01e02b8bb,1,1772167397,,True,1047,2026-02-27,train
KXNBAGAME-26FEB26NOPUTA,KXNBAGAME-26FEB26NOPUTA-UTA,NBA,winner,Utah,New Orleans,1772157600,2026-02-27T02:00:00+00:00,kalshi_milestone_start_date,2026-03-26T07:29:25.906963Z,cefbdd34-350e-4809-bfcb-db71cf1f6b1e,0,1772167517,,True,958,2026-02-27,train
KXNBAGAME-26FEB26MINLAC,KXNBAGAME-26FEB26MINLAC-LAC,NBA,winner,Los Angeles C,Minnesota,1772161200,2026-02-27T03:00:00+00:00,kalshi_milestone_start_date,2026-03-26T07:29:38.372614Z,5f36ae05-c258-4e75-9996-6e8372382a1f,0,1772171957,,True,1033,2026-02-27,train
KXNBAGAME-26FEB27CLEDET,KXNBAGAME-26FEB27CLEDET-DET,NBA,winner,Detroit,Cleveland,1772236800,2026-02-28T00:00:00+00:00,kalshi_milestone_start_date,2026-03-26T07:29:24.319601Z,48e50b17-33af-4742-acc1-be4ce909aaa2,1,1772249767,,True,1386,2026-02-28,train
KXNBAGAME-26FEB27BKNBOS,KXNBAGAME-26FEB27BKNBOS-BOS,NBA,winner,Boston,Brooklyn,1772238600,2026-02-28T00:30:00+00:00,kalshi_milestone_start_date,2026-03-26T07:29:11.051025Z,9613a843-c3ce-4316-8f12-6b271f1378c6,1,1772247946,,True,1246,2026-02-28,train
KXNBAGAME-26FEB27NYKMIL,KXNBAGAME-26FEB27NYKMIL-MIL,NBA,winner,Milwaukee,New York,1772240400,2026-02-28T01:00:00+00:00,kalshi_milestone_start_date,2026-03-26T07:28:59.89574Z,8de6b064-86ca-4d9e-bd90-dbe65316e1c8,0,1772249616,,True,1198,2026-02-28,train
KXNBAGAME-26FEB27MEMDAL,KXNBAGAME-26FEB27MEMDAL-DAL,NBA,winner,Dallas,Memphis,1772242200,2026-02-28T01:30:00+00:00,kalshi_milestone_start_date,2026-03-26T07:28:51.082836Z,33aa8fc3-815e-4c7f-996b-e899542c9cb0,0,1772251646,,True,1141,2026-02-28,train
KXNBAGAME-26FEB27DENOKC,KXNBAGAME-26FEB27DENOKC-OKC,NBA,winner,Oklahoma City,Denver,1772245800,2026-02-28T02:30:00+00:00,kalshi_milestone_start_date,2026-03-26T07:28:59.395446Z,20847309-7d91-49b7-9cbc-d1acbe7e6e1b,1,1772257497,,True,1278,2026-02-28,train
KXNBAGAME-26FEB28PORCHA,KXNBAGAME-26FEB28PORCHA-CHA,NBA,winner,Charlotte,Portland,1772301600,2026-02-28T18:00:00+00:00,kalshi_milestone_start_date,2026-03-26T07:29:10.829102Z,700059f5-8b57-4d0f-a208-6b8e5a2edeab,1,1772311656,,True,1189,2026-02-28,train
KXNBAGAME-26FEB28HOUMIA,KXNBAGAME-26FEB28HOUMIA-MIA,NBA,winner,Miami,Houston,1772310600,2026-02-28T20:30:00+00:00,kalshi_milestone_start_date,2026-03-26T07:29:04.249578Z,8b5b2665-3e52-44ef-af81-784e6463d194,1,1772321367,,True,1229,2026-02-28,train
KXNBAGAME-26FEB28TORWAS,KXNBAGAME-26FEB28TORWAS-WAS,NBA,winner,Washington,Toronto,1772323200,2026-03-01T00:00:00+00:00,kalshi_milestone_start_date,2026-03-26T07:29:05.381157Z,21d4a432-355d-4624-b868-512353984be1,0,1772333007,,True,1054,2026-03-01,train
KXNBAGAME-26FEB28LALGSW,KXNBAGAME-26FEB28LALGSW-GSW,NBA,winner,Golden State,Los Angeles L,1772328600,2026-03-01T01:30:00+00:00,kalshi_milestone_start_date,2026-03-26T07:29:11.858043Z,bbe9d376-7d54-4017-a4e3-3ff976ae14e7,0,1772337457,,True,1297,2026-03-01,train
KXNBAGAME-26FEB28NOPUTA,KXNBAGAME-26FEB28NOPUTA-UTA,NBA,winner,Utah,New Orleans,1772332200,2026-03-01T02:30:00+00:00,kalshi_milestone_start_date,2026-03-26T07:29:02.112171Z,cea5258c-3af5-4408-93d3-3c232d9004d2,0,1772342366,,True,1090,2026-03-01,train
KXNBAGAME-26MAR01SASNYK,KXNBAGAME-26MAR01SASNYK-NYK,NBA,winner,New York,San Antonio,1772388000,2026-03-01T18:00:00+00:00,kalshi_milestone_start_date,2026-03-26T07:29:23.919229Z,976bdb98-1831-41ce-8efc-833e2055bf0b,1,1772398667,,True,1123,2026-03-01,train
KXNBAGAME-26MAR01CLEBKN,KXNBAGAME-26MAR01CLEBKN-BKN,NBA,winner,Brooklyn,Cleveland,1772397000,2026-03-01T20:30:00+00:00,kalshi_milestone_start_date,2026-03-26T07:29:15.049017Z,1849361f-b03f-4f0e-93bc-71ab76797832,0,1772408257,,True,831,2026-03-01,train
KXNBAGAME-26MAR01MILCHI,KXNBAGAME-26MAR01MILCHI-CHI,NBA,winner,Chicago,Milwaukee,1772397000,2026-03-01T20:30:00+00:00,kalshi_milestone_start_date,2026-03-26T07:29:13.957088Z,a8efd958-79be-4eb1-a585-aea2fc97e32c,1,1772408026,,True,943,2026-03-01,train
KXNBAGAME-26MAR01MINDEN,KXNBAGAME-26MAR01MINDEN-DEN,NBA,winner,Denver,Minnesota,1772397000,2026-03-01T20:30:00+00:00,kalshi_milestone_start_date,2026-03-26T07:29:23.515889Z,4f53e56e-6077-49f8-aba6-ffa5258e018f,0,1772408567,,True,1194,2026-03-01,train
KXNBAGAME-26MAR01MEMIND,KXNBAGAME-26MAR01MEMIND-IND,NBA,winner,Indiana,Memphis,1772402400,2026-03-01T22:00:00+00:00,kalshi_milestone_start_date,2026-03-26T07:29:18.215327Z,880de5e0-8cb5-4cbc-aa10-1824431ba43a,0,1772413367,,True,707,2026-03-01,train
KXNBAGAME-26MAR01DETORL,KXNBAGAME-26MAR01DETORL-ORL,NBA,winner,Orlando,Detroit,1772406000,2026-03-01T23:00:00+00:00,kalshi_milestone_start_date,2026-03-26T07:29:21.372133Z,99a9bfa5-a04e-4730-a467-02f48f23ef6a,0,1772415567,,True,1212,2026-03-01,train
KXNBAGAME-26MAR01PORATL,KXNBAGAME-26MAR01PORATL-ATL,NBA,winner,Atlanta,Portland,1772406000,2026-03-01T23:00:00+00:00,kalshi_milestone_start_date,2026-03-26T07:29:09.953773Z,fd6fa95b-9178-41a2-80f1-08a267303457,1,1772415156,,True,861,2026-03-01,train
KXNBAGAME-26MAR01OKCDAL,KXNBAGAME-26MAR01OKCDAL-DAL,NBA,winner,Dallas,Oklahoma City,1772413200,2026-03-02T01:00:00+00:00,kalshi_milestone_start_date,2026-03-26T07:29:24.99307Z,524b259a-477d-4f94-bfb9-a5a92315abf7,0,1772423126,,True,1118,2026-03-02,train
KXNBAGAME-26MAR01PHIBOS,KXNBAGAME-26MAR01PHIBOS-BOS,NBA,winner,Boston,Philadelphia,1772413200,2026-03-02T01:00:00+00:00,kalshi_milestone_start_date,2026-03-26T07:29:30.044616Z,93c90a5d-8f4d-4ffa-8097-26435eca8a9b,1,1772423257,,True,1077,2026-03-02,train
KXNBAGAME-26MAR01NOPLAC,KXNBAGAME-26MAR01NOPLAC-LAC,NBA,winner,Los Angeles C,New Orleans,1772416800,2026-03-02T02:00:00+00:00,kalshi_milestone_start_date,2026-03-26T07:29:30.846585Z,64e92c80-b63f-4e2d-8226-bfb1560ea475,1,1772426966,,True,1002,2026-03-02,train
KXNBAGAME-26MAR01SACLAL,KXNBAGAME-26MAR01SACLAL-LAL,NBA,winner,Los Angeles L,Sacramento,1772418600,2026-03-02T02:30:00+00:00,kalshi_milestone_start_date,2026-03-26T07:29:22.863274Z,56e7f678-d228-4f23-bcf7-4e5217913d13,1,1772427926,,True,1072,2026-03-02,train
KXNBAGAME-26MAR02HOUWAS,KXNBAGAME-26MAR02HOUWAS-WAS,NBA,winner,Washington,Houston,1772496000,2026-03-03T00:00:00+00:00,kalshi_milestone_start_date,2026-03-26T07:28:41.445268Z,9b1b53df-c95e-48db-adb6-6ba428b0a016,0,1772506056,,True,1233,2026-03-03,train
KXNBAGAME-26MAR02BOSMIL,KXNBAGAME-26MAR02BOSMIL-MIL,NBA,winner,Milwaukee,Boston,1772497800,2026-03-03T00:30:00+00:00,kalshi_milestone_start_date,2026-03-26T07:28:36.980619Z,d116d881-4d85-428c-bf57-8a1bb2735593,0,1772506337,,True,1206,2026-03-03,train
KXNBAGAME-26MAR02DENUTA,KXNBAGAME-26MAR02DENUTA-UTA,NBA,winner,Utah,Denver,1772503200,2026-03-03T02:00:00+00:00,kalshi_milestone_start_date,2026-03-26T07:28:35.897583Z,b4e3f2db-aa92-471f-9216-a4c20ea6ca01,0,1772514187,,True,1332,2026-03-03,train
KXNBAGAME-26MAR02LACGSW,KXNBAGAME-26MAR02LACGSW-GSW,NBA,winner,Golden State,Los Angeles C,1772506800,2026-03-03T03:00:00+00:00,kalshi_milestone_start_date,2026-03-26T07:29:18.565418Z,f7a30b22-b79c-47e7-88b6-90ae82664c89,0,1772516277,,True,1339,2026-03-03,train
KXNBAGAME-26MAR03DALCHA,KXNBAGAME-26MAR03DALCHA-CHA,NBA,winner,Charlotte,Dallas,1772582400,2026-03-04T00:00:00+00:00,kalshi_milestone_start_date,2026-03-26T07:29:35.96325Z,fc24d1ce-62fa-4ee0-b7ec-c2b47282423a,1,1772592347,,True,1164,2026-03-04,train
KXNBAGAME-26MAR03DETCLE,KXNBAGAME-26MAR03DETCLE-CLE,NBA,winner,Cleveland,Detroit,1772582400,2026-03-04T00:00:00+00:00,kalshi_milestone_start_date,2026-03-26T07:29:51.346555Z,42768607-999b-415f-a203-d7f65c3edbe6,1,1772591977,,True,1357,2026-03-04,train
KXNBAGAME-26MAR03WASORL,KXNBAGAME-26MAR03WASORL-ORL,NBA,winner,Orlando,Washington,1772582400,2026-03-04T00:00:00+00:00,kalshi_milestone_start_date,2026-03-26T07:29:16.523844Z,3d71483a-63c5-45a5-8d50-d86297e89892,1,1772592347,,True,1054,2026-03-04,train
KXNBAGAME-26MAR03BKNMIA,KXNBAGAME-26MAR03BKNMIA-MIA,NBA,winner,Miami,Brooklyn,1772584200,2026-03-04T00:30:00+00:00,kalshi_milestone_start_date,2026-03-26T07:29:37.950925Z,1b4ad8a2-2750-469a-a86f-ef319cdf8759,1,1772593977,,True,895,2026-03-04,train
KXNBAGAME-26MAR03NYKTOR,KXNBAGAME-26MAR03NYKTOR-TOR,NBA,winner,Toronto,New York,1772584200,2026-03-04T00:30:00+00:00,kalshi_milestone_start_date,2026-03-26T07:29:51.305076Z,e61ed161-03d2-45d5-bbfc-189ecea9f4ec,0,1772593777,,True,1013,2026-03-04,train
KXNBAGAME-26MAR03MEMMIN,KXNBAGAME-26MAR03MEMMIN-MIN,NBA,winner,Minnesota,Memphis,1772586000,2026-03-04T01:00:00+00:00,kalshi_milestone_start_date,2026-03-26T07:29:42.906084Z,b74dfe2f-fceb-4b0e-aa37-fa8384ef9228,1,1772595746,,True,923,2026-03-04,train
KXNBAGAME-26MAR03OKCCHI,KXNBAGAME-26MAR03OKCCHI-CHI,NBA,winner,Chicago,Oklahoma City,1772586000,2026-03-04T01:00:00+00:00,kalshi_milestone_start_date,2026-03-26T07:29:16.502922Z,40996ab8-ac44-45d2-891c-83f84871384e,0,1772595336,,True,1031,2026-03-04,train
KXNBAGAME-26MAR03SASPHI,KXNBAGAME-26MAR03SASPHI-PHI,NBA,winner,Philadelphia,San Antonio,1772586000,2026-03-04T01:00:00+00:00,kalshi_milestone_start_date,2026-03-26T07:29:50.884622Z,84e3eee2-2218-4834-a630-670519071e8e,0,1772596966,,True,980,2026-03-04,train
KXNBAGAME-26MAR03NOPLAL,KXNBAGAME-26MAR03NOPLAL-LAL,NBA,winner,Los Angeles L,New Orleans,1772595000,2026-03-04T03:30:00+00:00,kalshi_milestone_start_date,2026-03-26T07:29:16.114547Z,3a2a6ebd-f11e-4a77-aee9-2560e2561822,1,1772605047,,True,1244,2026-03-04,train
KXNBAGAME-26MAR03PHXSAC,KXNBAGAME-26MAR03PHXSAC-SAC,NBA,winner,Sacramento,Phoenix,1772596800,2026-03-04T04:00:00+00:00,kalshi_milestone_start_date,2026-03-26T07:29:44.986345Z,9f1b1a31-d7e2-464c-b4ca-8902da978d20,0,1772606837,,True,786,2026-03-04,train
KXNBAGAME-26MAR04OKCNYK,KXNBAGAME-26MAR04OKCNYK-NYK,NBA,winner,New York,Oklahoma City,1772668800,2026-03-05T00:00:00+00:00,kalshi_milestone_start_date,2026-03-26T07:29:57.227901Z,284ff689-8775-4f67-9283-3297d8882aad,0,1772679947,,True,1377,2026-03-05,train
KXNBAGAME-26MAR04CHABOS,KXNBAGAME-26MAR04CHABOS-BOS,NBA,winner,Boston,Charlotte,1772670600,2026-03-05T00:30:00+00:00,kalshi_milestone_start_date,2026-03-26T07:29:57.503764Z,b0331e53-ac3b-4393-92bc-4a64485e078a,0,1772680057,,True,1350,2026-03-05,train
KXNBAGAME-26MAR04UTAPHI,KXNBAGAME-26MAR04UTAPHI-PHI,NBA,winner,Philadelphia,Utah,1772670600,2026-03-05T00:30:00+00:00,kalshi_milestone_start_date,2026-03-26T07:29:56.830058Z,c3d3e1d3-d522-45d8-834c-30cf35ec3bf7,1,1772680057,,True,1175,2026-03-05,train
KXNBAGAME-26MAR04PORMEM,KXNBAGAME-26MAR04PORMEM-MEM,NBA,winner,Memphis,Portland,1772672400,2026-03-05T01:00:00+00:00,kalshi_milestone_start_date,2026-03-26T07:29:52.557599Z,bd3ec5ba-23d3-49a1-8b9c-93ac249aecf9,0,1772682216,,True,965,2026-03-05,train
KXNBAGAME-26MAR04ATLMIL,KXNBAGAME-26MAR04ATLMIL-MIL,NBA,winner,Milwaukee,Atlanta,1772677800,2026-03-05T02:30:00+00:00,kalshi_milestone_start_date,2026-03-26T07:29:55.178617Z,49d2c8c1-6e5b-4941-99d2-d7f4f3b27d47,0,1772688117,,True,1252,2026-03-05,train
KXNBAGAME-26MAR04INDLAC,KXNBAGAME-26MAR04INDLAC-LAC,NBA,winner,Los Angeles C,Indiana,1772681400,2026-03-05T03:30:00+00:00,kalshi_milestone_start_date,2026-03-26T07:29:54.168702Z,cb910756-2f40-45a3-af37-6c3eb2a90f91,1,1772691727,,True,1121,2026-03-05,train
KXNBAGAME-26MAR05DALORL,KXNBAGAME-26MAR05DALORL-ORL,NBA,winner,Orlando,Dallas,1772755200,2026-03-06T00:00:00+00:00,kalshi_milestone_start_date,2026-03-26T07:29:57.591718Z,7d71a72d-d8f2-4c98-a65c-6e4b6c3acbb5,1,1772765149,,True,1114,2026-03-06,train
KXNBAGAME-26MAR05UTAWAS,KXNBAGAME-26MAR05UTAWAS-WAS,NBA,winner,Washington,Utah,1772755200,2026-03-06T00:00:00+00:00,kalshi_milestone_start_date,2026-03-26T07:29:49.103162Z,4c80c024-2fd8-45d3-ad6e-db811c292091,0,1772764388,,True,1123,2026-03-06,train
KXNBAGAME-26MAR05BKNMIA,KXNBAGAME-26MAR05BKNMIA-MIA,NBA,winner,Miami,Brooklyn,1772757000,2026-03-06T00:30:00+00:00,kalshi_milestone_start_date,2026-03-26T07:29:59.083542Z,d1384e7b-f64d-433b-a4f7-68509b23dd9f,1,1772767068,,True,977,2026-03-06,train
KXNBAGAME-26MAR05GSWHOU,KXNBAGAME-26MAR05GSWHOU-HOU,NBA,winner,Houston,Golden State,1772757000,2026-03-06T00:30:00+00:00,kalshi_milestone_start_date,2026-03-26T07:29:06.894404Z,6f414d87-3af8-47d4-9ee9-3b0919c49a2d,0,1772768019,,True,1127,2026-03-06,train
KXNBAGAME-26MAR05DETSAS,KXNBAGAME-26MAR05DETSAS-SAS,NBA,winner,San Antonio,Detroit,1772758800,2026-03-06T01:00:00+00:00,kalshi_milestone_start_date,2026-03-26T07:29:19.219139Z,e52da90d-9748-4ad0-a085-2f562577e3d6,1,1772769218,,True,1227,2026-03-06,train
KXNBAGAME-26MAR05TORMIN,KXNBAGAME-26MAR05TORMIN-MIN,NBA,winner,Minnesota,Toronto,1772758800,2026-03-06T01:00:00+00:00,kalshi_milestone_start_date,2026-03-26T07:29:12.123963Z,1e3573ad-94a7-44b9-8c02-5a38e21ec103,1,1772768860,,True,1057,2026-03-06,train
KXNBAGAME-26MAR05CHIPHX,KXNBAGAME-26MAR05CHIPHX-PHX,NBA,winner,Phoenix,Chicago,1772762400,2026-03-06T02:00:00+00:00,kalshi_milestone_start_date,2026-03-26T07:29:09.757584Z,48c894ae-b7ba-4e22-92a7-651ff6ed355c,0,1772772208,,True,944,2026-03-06,train
KXNBAGAME-26MAR05LALDEN,KXNBAGAME-26MAR05LALDEN-DEN,NBA,winner,Denver,Los Angeles L,1772766000,2026-03-06T03:00:00+00:00,kalshi_milestone_start_date,2026-03-26T07:29:13.811296Z,b89ac4c1-b002-4342-add8-4412e0e159aa,1,1772775949,,True,1240,2026-03-06,train
KXNBAGAME-26MAR05NOPSAC,KXNBAGAME-26MAR05NOPSAC-SAC,NBA,winner,Sacramento,New Orleans,1772766000,2026-03-06T03:00:00+00:00,kalshi_milestone_start_date,2026-03-26T07:29:51.863544Z,b57d3c07-0617-49d1-83fe-3585c1a8f1ca,0,1772775808,,True,872,2026-03-06,train
KXNBAGAME-26MAR06DALBOS,KXNBAGAME-26MAR06DALBOS-BOS,NBA,winner,Boston,Dallas,1772841600,2026-03-07T00:00:00+00:00,kalshi_milestone_start_date,2026-03-26T07:29:10.309304Z,5d75c9e8-1cd3-49ed-9df6-0c572dcb4e6b,1,1772851068,,True,1206,2026-03-07,train
KXNBAGAME-26MAR06MIACHA,KXNBAGAME-26MAR06MIACHA-CHA,NBA,winner,Charlotte,Miami,1772841600,2026-03-07T00:00:00+00:00,kalshi_milestone_start_date,2026-03-26T07:29:12.863663Z,4e2eb2f6-8717-4e4d-ab26-20373b94aea7,0,1772851189,,True,1174,2026-03-07,train
KXNBAGAME-26MAR06PORHOU,KXNBAGAME-26MAR06PORHOU-HOU,NBA,winner,Houston,Portland,1772845200,2026-03-07T01:00:00+00:00,kalshi_milestone_start_date,2026-03-26T07:29:15.588165Z,1363b909-d063-466e-9262-d950cd5d7331,1,1772854779,,True,1231,2026-03-07,train
KXNBAGAME-26MAR06NOPPHX,KXNBAGAME-26MAR06NOPPHX-PHX,NBA,winner,Phoenix,New Orleans,1772848800,2026-03-07T02:00:00+00:00,kalshi_milestone_start_date,2026-03-26T07:29:14.033016Z,1cca9cf5-bb48-4740-8ea3-88f151551279,1,1772859579,,True,1112,2026-03-07,train
KXNBAGAME-26MAR06NYKDEN,KXNBAGAME-26MAR06NYKDEN-DEN,NBA,winner,Denver,New York,1772848800,2026-03-07T02:00:00+00:00,kalshi_milestone_start_date,2026-03-26T07:29:14.558089Z,05dd0b4c-4fda-4659-acf1-d393fb2654b3,0,1772858379,,True,1207,2026-03-07,train
KXNBAGAME-26MAR06LACSAS,KXNBAGAME-26MAR06LACSAS-SAS,NBA,winner,San Antonio,Los Angeles C,1772850600,2026-03-07T02:30:00+00:00,kalshi_milestone_start_date,2026-03-26T07:29:15.573894Z,ec57c3cc-6dff-4423-9b50-6ae4e9c31d05,1,1772860419,,True,1255,2026-03-07,train
KXNBAGAME-26MAR06INDLAL,KXNBAGAME-26MAR06INDLAL-LAL,NBA,winner,Los Angeles L,Indiana,1772854200,2026-03-07T03:30:00+00:00,kalshi_milestone_start_date,2026-03-26T07:29:20.036797Z,5c75854e-b43a-4c60-93b0-77da555dda66,1,1772863408,,True,1202,2026-03-07,train
KXNBAGAME-26MAR07ORLMIN,KXNBAGAME-26MAR07ORLMIN-MIN,NBA,winner,Minnesota,Orlando,1772913600,2026-03-07T20:00:00+00:00,kalshi_milestone_start_date,2026-03-26T07:29:28.00496Z,94b0c2db-8757-45a6-9794-951a1e5a66de,0,1772923778,,True,1123,2026-03-07,train
KXNBAGAME-26MAR07BKNDET,KXNBAGAME-26MAR07BKNDET-DET,NBA,winner,Detroit,Brooklyn,1772924400,2026-03-07T23:00:00+00:00,kalshi_milestone_start_date,2026-03-26T07:29:27.074124Z,5aeef536-99f1-48c5-978c-72dfb76862bd,0,1772934728,,True,1134,2026-03-07,train
KXNBAGAME-26MAR07PHIATL,KXNBAGAME-26MAR07PHIATL-ATL,NBA,winner,Atlanta,Philadelphia,1772924400,2026-03-07T23:00:00+00:00,kalshi_milestone_start_date,2026-03-26T07:29:27.136613Z,df549564-576f-48c6-907f-2f3c27ba649c,1,1772934338,,True,1045,2026-03-07,train
KXNBAGAME-26MAR07LACMEM,KXNBAGAME-26MAR07LACMEM-MEM,NBA,winner,Memphis,Los Angeles C,1772931600,2026-03-08T01:00:00+00:00,kalshi_milestone_start_date,2026-03-26T07:29:27.656051Z,0639457b-e86b-4647-81f2-89d47a5a2a3f,0,1772941928,,True,1011,2026-03-08,train
KXNBAGAME-26MAR07UTAMIL,KXNBAGAME-26MAR07UTAMIL-MIL,NBA,winner,Milwaukee,Utah,1772931600,2026-03-08T01:00:00+00:00,kalshi_milestone_start_date,2026-03-26T07:29:13.825598Z,50a33dad-2b0d-4017-b1fa-23f622b3006a,1,1772941328,,True,1117,2026-03-08,train
KXNBAGAME-26MAR07GSWOKC,KXNBAGAME-26MAR07GSWOKC-OKC,NBA,winner,Oklahoma City,Golden State,1772933400,2026-03-08T01:30:00+00:00,kalshi_milestone_start_date,2026-03-26T07:29:26.40922Z,a019f812-30a8-4c79-a1ac-a928feeb3d6f,1,1772943128,,True,1113,2026-03-08,train
KXNBAGAME-26MAR08BOSCLE,KXNBAGAME-26MAR08BOSCLE-CLE,NBA,winner,Cleveland,Boston,1772989200,2026-03-08T17:00:00+00:00,kalshi_milestone_start_date,2026-03-26T07:29:38.577333Z,7230bd0f-24d6-4a5c-8de9-f64f6b0c2472,0,1773001378,,True,1067,2026-03-08,train
KXNBAGAME-26MAR08NYKLAL,KXNBAGAME-26MAR08NYKLAL-LAL,NBA,winner,Los Angeles L,New York,1772998200,2026-03-08T19:30:00+00:00,kalshi_milestone_start_date,2026-03-26T07:29:16.128509Z,4e9d218b-20e9-4a37-a77a-1e4b6dde65d8,1,1773008909,,True,1248,2026-03-08,train
KXNBAGAME-26MAR08DALTOR,KXNBAGAME-26MAR08DALTOR-TOR,NBA,winner,Toronto,Dallas,1773007200,2026-03-08T22:00:00+00:00,kalshi_milestone_start_date,2026-03-26T07:29:29.407769Z,835a7748-c411-4792-a519-031244c03108,1,1773016960,,True,894,2026-03-08,train
KXNBAGAME-26MAR08DETMIA,KXNBAGAME-26MAR08DETMIA-MIA,NBA,winner,Miami,Detroit,1773007200,2026-03-08T22:00:00+00:00,kalshi_milestone_start_date,2026-03-26T07:29:32.414947Z,12f1a44d-683a-467b-bd89-5722fb20c4cd,1,1773017618,,True,991,2026-03-08,train
KXNBAGAME-26MAR08WASNOP,KXNBAGAME-26MAR08WASNOP-NOP,NBA,winner,New Orleans,Washington,1773010800,2026-03-08T23:00:00+00:00,kalshi_milestone_start_date,2026-03-26T07:29:41.416247Z,ca3d996f-d882-4b42-b298-92c0aeeb04ee,1,1773021348,,True,863,2026-03-08,train
KXNBAGAME-26MAR08HOUSAS,KXNBAGAME-26MAR08HOUSAS-SAS,NBA,winner,San Antonio,Houston,1773014400,2026-03-09T00:00:00+00:00,kalshi_milestone_start_date,2026-03-26T07:29:35.822662Z,a6979e6d-2d1d-4bcd-99a9-cb1128b398a2,1,1773025239,,True,1193,2026-03-09,train
KXNBAGAME-26MAR08ORLMIL,KXNBAGAME-26MAR08ORLMIL-MIL,NBA,winner,Milwaukee,Orlando,1773014400,2026-03-09T00:00:00+00:00,kalshi_milestone_start_date,2026-03-26T07:29:30.106168Z,8ba6878e-1773-4756-9c67-50209d9807ea,0,1773025068,,True,896,2026-03-09,train
KXNBAGAME-26MAR08CHISAC,KXNBAGAME-26MAR08CHISAC-SAC,NBA,winner,Sacramento,Chicago,1773018000,2026-03-09T01:00:00+00:00,kalshi_milestone_start_date,2026-03-26T07:29:22.488951Z,6b583022-dd82-4463-a243-11d2ec89b714,1,1773028769,,True,927,2026-03-09,train
KXNBAGAME-26MAR08INDPOR,KXNBAGAME-26MAR08INDPOR-POR,NBA,winner,Portland,Indiana,1773018000,2026-03-09T01:00:00+00:00,kalshi_milestone_start_date,2026-03-26T07:29:24.002874Z,41e53911-d554-43e8-b542-346dddc6d3a3,1,1773027578,,True,827,2026-03-09,train
KXNBAGAME-26MAR08CHAPHX,KXNBAGAME-26MAR08CHAPHX-PHX,NBA,winner,Phoenix,Charlotte,1773021600,2026-03-09T02:00:00+00:00,kalshi_milestone_start_date,2026-03-26T07:29:35.941821Z,62367710-25be-4829-9a0e-59ceda00e392,1,1773031649,,True,1031,2026-03-09,train
KXNBAGAME-26MAR09PHICLE,KXNBAGAME-26MAR09PHICLE-CLE,NBA,winner,Cleveland,Philadelphia,1773097200,2026-03-09T23:00:00+00:00,kalshi_milestone_start_date,2026-03-26T07:29:38.612677Z,40b864de-2e3c-4beb-a5b0-bf67d4db737b,1,1773106662,,True,1261,2026-03-09,train
KXNBAGAME-26MAR09DENOKC,KXNBAGAME-26MAR09DENOKC-OKC,NBA,winner,Oklahoma City,Denver,1773099000,2026-03-09T23:30:00+00:00,kalshi_milestone_start_date,2026-03-26T07:29:39.59852Z,7a418378-df9f-40b4-8af6-856235936a32,1,1773110623,,True,1310,2026-03-09,train
KXNBAGAME-26MAR09MEMBKN,KXNBAGAME-26MAR09MEMBKN-BKN,NBA,winner,Brooklyn,Memphis,1773099000,2026-03-09T23:30:00+00:00,kalshi_milestone_start_date,2026-03-26T07:29:29.463675Z,d5688f10-301f-43ee-b09d-55ec9342c3c9,1,1773108222,,True,1083,2026-03-09,train
KXNBAGAME-26MAR09GSWUTA,KXNBAGAME-26MAR09GSWUTA-UTA,NBA,winner,Utah,Golden State,1773104400,2026-03-10T01:00:00+00:00,kalshi_milestone_start_date,2026-03-26T07:29:29.358906Z,c7ac32b0-ecd7-41d4-85a9-001a6e88eadd,1,1773114733,,True,1189,2026-03-10,train
KXNBAGAME-26MAR09NYKLAC,KXNBAGAME-26MAR09NYKLAC-LAC,NBA,winner,Los Angeles C,New York,1773108000,2026-03-10T02:00:00+00:00,kalshi_milestone_start_date,2026-03-26T07:29:43.882946Z,c50ec1b2-6894-48a0-a89f-884dd32b6ab9,1,1773118803,,True,1250,2026-03-10,train
KXNBAGAME-26MAR10MEMPHI,KXNBAGAME-26MAR10MEMPHI-PHI,NBA,winner,Philadelphia,Memphis,1773183600,2026-03-10T23:00:00+00:00,kalshi_milestone_start_date,2026-03-26T07:29:23.947532Z,a12a2915-66bb-45db-b92e-09e3cb5277cc,1,1773195167,,True,1203,2026-03-10,train
KXNBAGAME-26MAR10DALATL,KXNBAGAME-26MAR10DALATL-ATL,NBA,winner,Atlanta,Dallas,1773185400,2026-03-10T23:30:00+00:00,kalshi_milestone_start_date,2026-03-26T07:29:41.409126Z,ea754828-cea6-4e53-841e-27cedd47cd56,1,1773197026,,True,956,2026-03-10,train
KXNBAGAME-26MAR10DETBKN,KXNBAGAME-26MAR10DETBKN-BKN,NBA,winner,Brooklyn,Detroit,1773185400,2026-03-10T23:30:00+00:00,kalshi_milestone_start_date,2026-03-26T07:29:38.839274Z,e347ece5-907e-4c85-b474-ac9eaca54639,0,1773196086,,True,1234,2026-03-10,train
KXNBAGAME-26MAR10WASMIA,KXNBAGAME-26MAR10WASMIA-MIA,NBA,winner,Miami,Washington,1773185400,2026-03-10T23:30:00+00:00,kalshi_milestone_start_date,2026-03-26T07:29:38.660527Z,afbfcb06-4286-422a-8948-08cbdc65e924,1,1773196666,,True,978,2026-03-10,train
KXNBAGAME-26MAR10BOSSAS,KXNBAGAME-26MAR10BOSSAS-SAS,NBA,winner,San Antonio,Boston,1773187200,2026-03-11T00:00:00+00:00,kalshi_milestone_start_date,2026-03-26T07:29:45.46244Z,495a4c1b-da9f-4899-b684-8e2c9ef096b4,1,1773197737,,True,1345,2026-03-11,train
KXNBAGAME-26MAR10PHXMIL,KXNBAGAME-26MAR10PHXMIL-MIL,NBA,winner,Milwaukee,Phoenix,1773187200,2026-03-11T00:00:00+00:00,kalshi_milestone_start_date,2026-03-26T07:29:36.088999Z,80ebfc71-df6f-43c6-a366-747b73ce70ec,0,1773197266,,True,934,2026-03-11,train
KXNBAGAME-26MAR10TORHOU,KXNBAGAME-26MAR10TORHOU-HOU,NBA,winner,Houston,Toronto,1773187200,2026-03-11T00:00:00+00:00,kalshi_milestone_start_date,2026-03-26T07:29:46.736183Z,3f05c799-6f20-496a-9760-23967bb5e5e9,1,1773197547,,True,962,2026-03-11,train
KXNBAGAME-26MAR10CHAPOR,KXNBAGAME-26MAR10CHAPOR-POR,NBA,winner,Portland,Charlotte,1773194400,2026-03-11T02:00:00+00:00,kalshi_milestone_start_date,2026-03-26T07:29:28.586424Z,d0534c44-0e9b-4912-93bc-610708a6c139,0,1773204337,,True,889,2026-03-11,train
KXNBAGAME-26MAR10CHIGSW,KXNBAGAME-26MAR10CHIGSW-GSW,NBA,winner,Golden State,Chicago,1773194400,2026-03-11T02:00:00+00:00,kalshi_milestone_start_date,2026-03-26T07:29:41.437122Z,7b16af30-557d-4010-ace2-d3e9b0b77ab6,0,1773205177,,True,946,2026-03-11,train
KXNBAGAME-26MAR10INDSAC,KXNBAGAME-26MAR10INDSAC-SAC,NBA,winner,Sacramento,Indiana,1773194400,2026-03-11T02:00:00+00:00,kalshi_milestone_start_date,2026-03-26T07:29:42.92712Z,b0e74059-6960-4c1f-8c4e-1e9a07f09c59,1,1773204726,,True,847,2026-03-11,train
KXNBAGAME-26MAR10MINLAL,KXNBAGAME-26MAR10MINLAL-LAL,NBA,winner,Los Angeles L,Minnesota,1773198000,2026-03-11T03:00:00+00:00,kalshi_milestone_start_date,2026-03-26T07:29:31.637306Z,ecde9166-c3b9-4772-a3a1-6a56475aeac1,1,1773207927,,True,1294,2026-03-11,train
KXNBAGAME-26MAR11CLEORL,KXNBAGAME-26MAR11CLEORL-ORL,NBA,winner,Orlando,Cleveland,1773271800,2026-03-11T23:30:00+00:00,kalshi_milestone_start_date,2026-03-26T07:29:49.299869Z,a8ce275a-41fd-4ce6-89d4-715937bb61db,1,1773282597,,True,1092,2026-03-11,train
KXNBAGAME-26MAR11TORNOP,KXNBAGAME-26MAR11TORNOP-NOP,NBA,winner,New Orleans,Toronto,1773273600,2026-03-12T00:00:00+00:00,kalshi_milestone_start_date,2026-03-26T07:29:48.850528Z,d01dc261-f7dd-4cb3-befe-c98106be9657,1,1773282947,,True,997,2026-03-12,train
KXNBAGAME-26MAR11NYKUTA,KXNBAGAME-26MAR11NYKUTA-UTA,NBA,winner,Utah,New York,1773277200,2026-03-12T01:00:00+00:00,kalshi_milestone_start_date,2026-03-26T07:29:49.217602Z,01d5b401-14d5-478f-b77e-70da04a19926,0,1773286937,,True,1212,2026-03-12,train
KXNBAGAME-26MAR11CHASAC,KXNBAGAME-26MAR11CHASAC-SAC,NBA,winner,Sacramento,Charlotte,1773280800,2026-03-12T02:00:00+00:00,kalshi_milestone_start_date,2026-03-26T07:29:49.721887Z,1239b212-c40e-41ad-a10c-4569b9617bdf,0,1773290017,,True,525,2026-03-12,train
KXNBAGAME-26MAR11HOUDEN,KXNBAGAME-26MAR11HOUDEN-DEN,NBA,winner,Denver,Houston,1773280800,2026-03-12T02:00:00+00:00,kalshi_milestone_start_date,2026-03-26T07:28:54.517803Z,da6dd483-c325-4ee2-96cb-38e807bc105f,1,1773290617,,True,1121,2026-03-12,train
KXNBAGAME-26MAR11MINLAC,KXNBAGAME-26MAR11MINLAC-LAC,NBA,winner,Los Angeles C,Minnesota,1773282600,2026-03-12T02:30:00+00:00,kalshi_milestone_start_date,2026-03-26T07:29:09.598479Z,bba5b75a-7ff8-481e-b992-109959dc7d42,1,1773292537,,True,1158,2026-03-12,train
KXNBAGAME-26MAR12PHIDET,KXNBAGAME-26MAR12PHIDET-DET,NBA,winner,Detroit,Philadelphia,1773356400,2026-03-12T23:00:00+00:00,kalshi_milestone_start_date,2026-03-26T07:29:54.971827Z,dce51b74-f610-48a6-8c03-dd2aef1f7fad,1,1773366585,,True,848,2026-03-12,train
KXNBAGAME-26MAR12PHXIND,KXNBAGAME-26MAR12PHXIND-IND,NBA,winner,Indiana,Phoenix,1773356400,2026-03-12T23:00:00+00:00,kalshi_milestone_start_date,2026-03-26T07:29:13.412103Z,bb3a96bc-31eb-48fb-9289-7a7013ba1fdb,0,1773366235,,True,915,2026-03-12,train
KXNBAGAME-26MAR12WASORL,KXNBAGAME-26MAR12WASORL-ORL,NBA,winner,Orlando,Washington,1773356400,2026-03-12T23:00:00+00:00,kalshi_milestone_start_date,2026-03-26T07:29:15.322466Z,cdf0b1e0-7dcd-4935-b395-7143972c0d4f,1,1773366825,,True,833,2026-03-12,train
KXNBAGAME-26MAR12BKNATL,KXNBAGAME-26MAR12BKNATL-ATL,NBA,winner,Atlanta,Brooklyn,1773358200,2026-03-12T23:30:00+00:00,kalshi_milestone_start_date,2026-03-26T07:29:13.49404Z,466b4034-973a-4286-82a8-73318b64239f,1,1773367555,,True,625,2026-03-12,train
KXNBAGAME-26MAR12MILMIA,KXNBAGAME-26MAR12MILMIA-MIA,NBA,winner,Miami,Milwaukee,1773358200,2026-03-12T23:30:00+00:00,kalshi_milestone_start_date,2026-03-27T23:59:20.832053Z,1ead92bc-6d4d-499e-8066-e24544218f7b,1,1773367948,,True,886,2026-03-12,train
KXNBAGAME-26MAR12DALMEM,KXNBAGAME-26MAR12DALMEM-MEM,NBA,winner,Memphis,Dallas,1773360000,2026-03-13T00:00:00+00:00,kalshi_milestone_start_date,2026-03-26T07:29:51.898445Z,439afc20-defa-483d-ba9f-0ac64e9c679f,0,1773370058,,True,804,2026-03-13,train
KXNBAGAME-26MAR12DENSAS,KXNBAGAME-26MAR12DENSAS-SAS,NBA,winner,San Antonio,Denver,1773363600,2026-03-13T01:00:00+00:00,kalshi_milestone_start_date,2026-03-26T07:29:14.244933Z,97634e5a-25a2-4e85-a604-e8070b917422,0,1773373779,,True,1181,2026-03-13,train
KXNBAGAME-26MAR12BOSOKC,KXNBAGAME-26MAR12BOSOKC-OKC,NBA,winner,Oklahoma City,Boston,1773365400,2026-03-13T01:30:00+00:00,kalshi_milestone_start_date,2026-03-26T07:29:40.291933Z,5d6b76a6-659f-49a3-a895-8557eb05213f,1,1773375449,,True,1065,2026-03-13,train
KXNBAGAME-26MAR12CHILAL,KXNBAGAME-26MAR12CHILAL-LAL,NBA,winner,Los Angeles L,Chicago,1773369000,2026-03-13T02:30:00+00:00,kalshi_milestone_start_date,2026-03-26T07:29:52.952414Z,304035a1-469d-4b33-9ea0-a519e30f651e,1,1773378808,,True,900,2026-03-13,train
KXNBAGAME-26MAR13CLEDAL,KXNBAGAME-26MAR13CLEDAL-DAL,NBA,winner,Dallas,Cleveland,1773444600,2026-03-13T23:30:00+00:00,kalshi_milestone_start_date,2026-03-26T07:29:53.549414Z,b180c786-7f31-46da-bc33-4ae10eea8b8f,0,1773453858,,True,875,2026-03-13,train
KXNBAGAME-26MAR13MEMDET,KXNBAGAME-26MAR13MEMDET-DET,NBA,winner,Detroit,Memphis,1773444600,2026-03-13T23:30:00+00:00,kalshi_milestone_start_date,2026-03-26T07:29:09.499974Z,53dde224-110b-4e6b-99f5-9add6ad881e1,1,1773454149,,True,901,2026-03-13,train
KXNBAGAME-26MAR13NYKIND,KXNBAGAME-26MAR13NYKIND-IND,NBA,winner,Indiana,New York,1773444600,2026-03-13T23:30:00+00:00,kalshi_milestone_start_date,2026-03-26T07:29:24.154552Z,a8c1fe10-779b-4a30-9dba-ceb0b982129d,0,1773454110,,True,1028,2026-03-13,train
KXNBAGAME-26MAR13PHXTOR,KXNBAGAME-26MAR13PHXTOR-TOR,NBA,winner,Toronto,Phoenix,1773444600,2026-03-13T23:30:00+00:00,kalshi_milestone_start_date,2026-03-26T07:29:15.083625Z,7fa6b871-2e11-4600-ae1b-9eb4215c3987,1,1773455158,,True,1040,2026-03-13,train
KXNBAGAME-26MAR13NOPHOU,KXNBAGAME-26MAR13NOPHOU-HOU,NBA,winner,Houston,New Orleans,1773446400,2026-03-14T00:00:00+00:00,kalshi_milestone_start_date,2026-03-26T07:29:19.371834Z,6f4f3ee9-dbe0-453c-a131-6571b74c8a9c,1,1773456218,,True,1079,2026-03-14,train
KXNBAGAME-26MAR13MINGSW,KXNBAGAME-26MAR13MINGSW-GSW,NBA,winner,Golden State,Minnesota,1773453600,2026-03-14T02:00:00+00:00,kalshi_milestone_start_date,2026-03-26T07:29:11.265759Z,9c4b4a6f-78a6-4dc1-b6ea-9a37ee4f2abb,0,1773464158,,True,1074,2026-03-14,train
KXNBAGAME-26MAR13UTAPOR,KXNBAGAME-26MAR13UTAPOR-POR,NBA,winner,Portland,Utah,1773453600,2026-03-14T02:00:00+00:00,kalshi_milestone_start_date,2026-03-26T07:29:24.418514Z,43e1ce6d-fc24-49b0-9e03-3686ace2340c,1,1773463429,,True,806,2026-03-14,train
KXNBAGAME-26MAR13CHILAC,KXNBAGAME-26MAR13CHILAC-LAC,NBA,winner,Los Angeles C,Chicago,1773455400,2026-03-14T02:30:00+00:00,kalshi_milestone_start_date,2026-03-26T07:29:24.362257Z,d50a169b-6063-41e7-bd95-b2440f2e6c40,1,1773464798,,True,804,2026-03-14,train
KXNBAGAME-26MAR14BKNPHI,KXNBAGAME-26MAR14BKNPHI-PHI,NBA,winner,Philadelphia,Brooklyn,1773507600,2026-03-14T17:00:00+00:00,kalshi_milestone_start_date,2026-03-26T07:29:33.186794Z,f2a606a0-8109-4e45-b5d3-25df0edf52d9,1,1773517379,,True,948,2026-03-14,train
KXNBAGAME-26MAR14MILATL,KXNBAGAME-26MAR14MILATL-ATL,NBA,winner,Atlanta,Milwaukee,1773514800,2026-03-14T19:00:00+00:00,kalshi_milestone_start_date,2026-03-26T07:29:32.510908Z,6c4c257a-e9e1-4ff5-a515-2914ef85759e,1,1773523988,,True,844,2026-03-14,train
KXNBAGAME-26MAR14CHASAS,KXNBAGAME-26MAR14CHASAS-SAS,NBA,winner,San Antonio,Charlotte,1773516600,2026-03-14T19:30:00+00:00,kalshi_milestone_start_date,2026-03-26T07:29:56.886Z,daa4589c-7a6b-4961-836d-b83f9b5d9480,1,1773526779,,True,1140,2026-03-14,train
KXNBAGAME-26MAR14WASBOS,KXNBAGAME-26MAR14WASBOS-BOS,NBA,winner,Boston,Washington,1773525600,2026-03-14T22:00:00+00:00,kalshi_milestone_start_date,2026-03-26T07:30:11.380097Z,9e11199a-b68d-474e-9508-9d37ecfa0cd0,1,1773534219,,True,897,2026-03-14,train
KXNBAGAME-26MAR14ORLMIA,KXNBAGAME-26MAR14ORLMIA-MIA,NBA,winner,Miami,Orlando,1773532800,2026-03-15T00:00:00+00:00,kalshi_milestone_start_date,2026-03-26T07:30:13.62192Z,40e1c1f4-24ae-4762-a09b-479c4b80efd1,0,1773542979,,True,1015,2026-03-15,train
KXNBAGAME-26MAR14DENLAL,KXNBAGAME-26MAR14DENLAL-LAL,NBA,winner,Los Angeles L,Denver,1773534600,2026-03-15T00:30:00+00:00,kalshi_milestone_start_date,2026-03-26T07:30:13.600619Z,0da168d6-9026-46bb-b2e4-14d7511b958f,1,1773545660,,True,1274,2026-03-15,train
KXNBAGAME-26MAR14SACLAC,KXNBAGAME-26MAR14SACLAC-LAC,NBA,winner,Los Angeles C,Sacramento,1773541800,2026-03-15T02:30:00+00:00,kalshi_milestone_start_date,2026-03-26T07:30:13.572164Z,513a7260-90cf-4762-8308-db1cc1665264,0,1773551730,,True,943,2026-03-15,train
KXNBAGAME-26MAR15MINOKC,KXNBAGAME-26MAR15MINOKC-OKC,NBA,winner,Oklahoma City,Minnesota,1773594000,2026-03-15T17:00:00+00:00,kalshi_milestone_start_date,2026-03-26T07:29:23.636816Z,0744ca06-9bec-45ff-8a34-1292632e51b3,1,1773604429,,True,1141,2026-03-15,train
KXNBAGAME-26MAR15DALCLE,KXNBAGAME-26MAR15DALCLE-CLE,NBA,winner,Cleveland,Dallas,1773603000,2026-03-15T19:30:00+00:00,kalshi_milestone_start_date,2026-03-26T07:29:28.94114Z,22230e87-4f31-4ebf-9577-9b72c73fda05,0,1773611989,,True,1072,2026-03-15,train
KXNBAGAME-26MAR15DETTOR,KXNBAGAME-26MAR15DETTOR-TOR,NBA,winner,Toronto,Detroit,1773603000,2026-03-15T19:30:00+00:00,kalshi_milestone_start_date,2026-03-26T07:29:28.195463Z,ad09d2c5-224f-454f-9092-46aaf3b72bfe,1,1773612729,,True,841,2026-03-15,train
KXNBAGAME-26MAR15INDMIL,KXNBAGAME-26MAR15INDMIL-MIL,NBA,winner,Milwaukee,Indiana,1773603000,2026-03-15T19:30:00+00:00,kalshi_milestone_start_date,2026-03-26T07:29:27.204607Z,b15d8468-0640-4859-a096-5c32ed0a3562,1,1773612349,,True,830,2026-03-15,train
KXNBAGAME-26MAR15PORPHI,KXNBAGAME-26MAR15PORPHI-PHI,NBA,winner,Philadelphia,Portland,1773612000,2026-03-15T22:00:00+00:00,kalshi_milestone_start_date,2026-03-26T07:29:18.572718Z,89ba2f30-48b3-47f7-bac4-429f708e84ec,1,1773620860,,True,1176,2026-03-15,train
KXNBAGAME-26MAR15GSWNYK,KXNBAGAME-26MAR15GSWNYK-NYK,NBA,winner,New York,Golden State,1773619200,2026-03-16T00:00:00+00:00,kalshi_milestone_start_date,2026-03-26T07:29:20.321899Z,06eac432-46a8-421e-bb11-9b490b1d9ee3,1,1773629623,,True,1220,2026-03-16,train
KXNBAGAME-26MAR15UTASAC,KXNBAGAME-26MAR15UTASAC-SAC,NBA,winner,Sacramento,Utah,1773626400,2026-03-16T02:00:00+00:00,kalshi_milestone_start_date,2026-03-26T07:29:22.060579Z,6a180d74-2efd-416a-be39-37347224b5ba,1,1773635740,,True,1100,2026-03-16,train
KXNBAGAME-26MAR16GSWWAS,KXNBAGAME-26MAR16GSWWAS-WAS,NBA,winner,Washington,Golden State,1773702000,2026-03-16T23:00:00+00:00,kalshi_milestone_start_date,2026-03-26T07:29:27.259273Z,c6b92a2c-1e54-49c6-84b7-c1946625402d,0,1773711949,,True,1232,2026-03-16,train
KXNBAGAME-26MAR16ORLATL,KXNBAGAME-26MAR16ORLATL-ATL,NBA,winner,Atlanta,Orlando,1773702000,2026-03-16T23:00:00+00:00,kalshi_milestone_start_date,2026-03-26T07:29:22.594226Z,8cc25119-6407-4531-944e-4023d2f49d9e,1,1773712799,,True,1259,2026-03-16,train
KXNBAGAME-26MAR16PHXBOS,KXNBAGAME-26MAR16PHXBOS-BOS,NBA,winner,Boston,Phoenix,1773703800,2026-03-16T23:30:00+00:00,kalshi_milestone_start_date,2026-03-26T07:29:18.728464Z,9a7ac580-077f-4efc-b638-55d30b068870,1,1773713989,,True,1103,2026-03-16,train
KXNBAGAME-26MAR16PORBKN,KXNBAGAME-26MAR16PORBKN-BKN,NBA,winner,Brooklyn,Portland,1773703800,2026-03-16T23:30:00+00:00,kalshi_milestone_start_date,2026-03-26T07:29:09.563687Z,469b3315-73a3-4a52-b437-af6ffbc987d3,0,1773713749,,True,1298,2026-03-16,train
KXNBAGAME-26MAR16DALNOP,KXNBAGAME-26MAR16DALNOP-NOP,NBA,winner,New Orleans,Dallas,1773705600,2026-03-17T00:00:00+00:00,kalshi_milestone_start_date,2026-03-26T07:29:44.626764Z,34225dc2-976c-43e5-adcd-c7f02d7f3b37,1,1773714739,,True,938,2026-03-17,train
KXNBAGAME-26MAR16MEMCHI,KXNBAGAME-26MAR16MEMCHI-CHI,NBA,winner,Chicago,Memphis,1773705600,2026-03-17T00:00:00+00:00,kalshi_milestone_start_date,2026-03-26T07:30:13.772467Z,730bfbac-9179-4a92-aed2-8a97a6090d46,1,1773714579,,True,941,2026-03-17,train
KXNBAGAME-26MAR16LALHOU,KXNBAGAME-26MAR16LALHOU-HOU,NBA,winner,Houston,Los Angeles L,1773711000,2026-03-17T01:30:00+00:00,kalshi_milestone_start_date,2026-03-26T07:29:28.429453Z,0e9721f2-2a24-4345-bb06-d034df46e1e7,0,1773720740,,True,1280,2026-03-17,train
KXNBAGAME-26MAR16SASLAC,KXNBAGAME-26MAR16SASLAC-LAC,NBA,winner,Los Angeles C,San Antonio,1773712800,2026-03-17T02:00:00+00:00,kalshi_milestone_start_date,2026-03-26T07:29:30.304881Z,33cc7126-b8fa-4f10-b5e6-a25d0a18fc8d,0,1773723340,,True,1401,2026-03-17,train
KXNBAGAME-26MAR17DETWAS,KXNBAGAME-26MAR17DETWAS-WAS,NBA,winner,Washington,Detroit,1773788400,2026-03-17T23:00:00+00:00,kalshi_milestone_start_date,2026-03-26T07:29:10.649794Z,489b86b9-b945-444c-834b-e45d2cc217d2,0,1773797879,,True,1283,2026-03-17,train
KXNBAGAME-26MAR17MIACHA,KXNBAGAME-26MAR17MIACHA-CHA,NBA,winner,Charlotte,Miami,1773788400,2026-03-17T23:00:00+00:00,kalshi_milestone_start_date,2026-03-26T07:29:18.714457Z,df565dc9-46a2-4f8a-a8a2-3626c766f27d,1,1773798589,,True,1200,2026-03-17,train
KXNBAGAME-26MAR17OKCORL,KXNBAGAME-26MAR17OKCORL-ORL,NBA,winner,Orlando,Oklahoma City,1773788400,2026-03-17T23:00:00+00:00,kalshi_milestone_start_date,2026-03-26T07:29:15.602151Z,c7a188dc-1e2a-4311-82ea-2a39670cd950,0,1773798159,,True,1163,2026-03-17,train
KXNBAGAME-26MAR17INDNYK,KXNBAGAME-26MAR17INDNYK-NYK,NBA,winner,New York,Indiana,1773790200,2026-03-17T23:30:00+00:00,kalshi_milestone_start_date,2026-03-26T07:29:25.914233Z,922ff958-d99c-4e43-936f-c545479f0c61,1,1773799189,,True,1078,2026-03-17,train
KXNBAGAME-26MAR17CLEMIL,KXNBAGAME-26MAR17CLEMIL-MIL,NBA,winner,Milwaukee,Cleveland,1773792000,2026-03-18T00:00:00+00:00,kalshi_milestone_start_date,2026-03-26T07:29:08.964501Z,9ba4e044-545d-45e0-a326-c18e7b8a496b,0,1773802189,,True,959,2026-03-18,train
KXNBAGAME-26MAR17PHXMIN,KXNBAGAME-26MAR17PHXMIN-MIN,NBA,winner,Minnesota,Phoenix,1773792000,2026-03-18T00:00:00+00:00,kalshi_milestone_start_date,2026-03-26T07:29:30.352811Z,24a4d408-2aa9-4bd6-9648-488615639590,1,1773801949,,True,1302,2026-03-18,train
KXNBAGAME-26MAR17PHIDEN,KXNBAGAME-26MAR17PHIDEN-DEN,NBA,winner,Denver,Philadelphia,1773799200,2026-03-18T02:00:00+00:00,kalshi_milestone_start_date,2026-03-26T07:29:34.038748Z,3d5b0578-9b2a-4812-9f0a-4dc5f442a935,1,1773809529,,True,1088,2026-03-18,train
KXNBAGAME-26MAR17SASSAC,KXNBAGAME-26MAR17SASSAC-SAC,NBA,winner,Sacramento,San Antonio,1773799200,2026-03-18T02:00:00+00:00,kalshi_milestone_start_date,2026-03-26T07:29:14.646009Z,72e8498e-3a9c-4a9b-8175-02942b3822ef,0,1773808189,,True,1204,2026-03-18,train
KXNBAGAME-26MAR18GSWBOS,KXNBAGAME-26MAR18GSWBOS-BOS,NBA,winner,Boston,Golden State,1773874800,2026-03-18T23:00:00+00:00,kalshi_milestone_start_date,2026-03-26T07:29:35.477451Z,dd390364-4295-472b-8a20-044dbc155ea2,1,1773884550,,True,1175,2026-03-18,train
KXNBAGAME-26MAR18OKCBKN,KXNBAGAME-26MAR18OKCBKN-BKN,NBA,winner,Brooklyn,Oklahoma City,1773876600,2026-03-18T23:30:00+00:00,kalshi_milestone_start_date,2026-03-26T07:29:53.563404Z,1ea64b1f-079b-4b33-9224-72304cbfdebd,0,1773885950,,True,1136,2026-03-18,train
KXNBAGAME-26MAR18PORIND,KXNBAGAME-26MAR18PORIND-IND,NBA,winner,Indiana,Portland,1773876600,2026-03-18T23:30:00+00:00,kalshi_milestone_start_date,2026-03-26T07:29:44.842776Z,81165eec-8ec0-4f1c-b4f9-c2d6446e8777,0,1773886431,,True,963,2026-03-18,train
KXNBAGAME-26MAR18LACNOP,KXNBAGAME-26MAR18LACNOP-NOP,NBA,winner,New Orleans,Los Angeles C,1773878400,2026-03-19T00:00:00+00:00,kalshi_milestone_start_date,2026-03-26T07:29:47.289431Z,ed3a0292-9611-4d93-b0ac-0b34851f34dc,1,1773887271,,True,1051,2026-03-19,train
KXNBAGAME-26MAR18TORCHI,KXNBAGAME-26MAR18TORCHI-CHI,NBA,winner,Chicago,Toronto,1773878400,2026-03-19T00:00:00+00:00,kalshi_milestone_start_date,2026-03-26T07:29:08.26358Z,a3cf9a9a-1d25-46e2-b14e-0b1b90e89b1c,0,1773887630,,True,955,2026-03-19,train
KXNBAGAME-26MAR18UTAMIN,KXNBAGAME-26MAR18UTAMIN-MIN,NBA,winner,Minnesota,Utah,1773878400,2026-03-19T00:00:00+00:00,kalshi_milestone_start_date,2026-03-26T07:29:11.740317Z,25338408-91c3-4aaf-964b-d29568f6ddde,1,1773887740,,True,757,2026-03-19,train
KXNBAGAME-26MAR18ATLDAL,KXNBAGAME-26MAR18ATLDAL-DAL,NBA,winner,Dallas,Atlanta,1773880200,2026-03-19T00:30:00+00:00,kalshi_milestone_start_date,2026-03-26T07:29:18.837023Z,120fa59e-3487-4612-aae3-818c1b466647,0,1773890260,,True,939,2026-03-19,train
KXNBAGAME-26MAR18DENMEM,KXNBAGAME-26MAR18DENMEM-MEM,NBA,winner,Memphis,Denver,1773880200,2026-03-19T00:30:00+00:00,kalshi_milestone_start_date,2026-03-26T07:29:16.695062Z,2ed8d582-7e53-4409-bb3b-d1d6fc0a8d91,1,1773890392,,True,1063,2026-03-19,train
KXNBAGAME-26MAR18LALHOU,KXNBAGAME-26MAR18LALHOU-HOU,NBA,winner,Houston,Los Angeles L,1773883800,2026-03-19T01:30:00+00:00,kalshi_milestone_start_date,2026-03-26T07:29:09.661336Z,d6f6c641-4f41-4522-9d84-33d46417f397,0,1773894451,,True,1202,2026-03-19,train
KXNBAGAME-26MAR19DETWAS,KXNBAGAME-26MAR19DETWAS-WAS,NBA,winner,Washington,Detroit,1773961200,2026-03-19T23:00:00+00:00,kalshi_milestone_start_date,2026-03-26T07:29:59.973876Z,d4cde548-7fcf-4046-8a5f-9fc44767065b,0,1773971160,,True,1121,2026-03-19,train
KXNBAGAME-26MAR19ORLCHA,KXNBAGAME-26MAR19ORLCHA-CHA,NBA,winner,Charlotte,Orlando,1773961200,2026-03-19T23:00:00+00:00,kalshi_milestone_start_date,2026-03-26T07:29:43.32653Z,9f0d5139-6de6-4d16-9e95-2f29725cc9b7,1,1773971760,,True,1155,2026-03-19,train
KXNBAGAME-26MAR19CLECHI,KXNBAGAME-26MAR19CLECHI-CHI,NBA,winner,Chicago,Cleveland,1773964800,2026-03-20T00:00:00+00:00,kalshi_milestone_start_date,2026-03-26T07:29:44.89086Z,08ce2cb0-5443-4469-93d0-b8c77c23aa4d,0,1773975820,,True,1103,2026-03-20,train
KXNBAGAME-26MAR19LACNOP,KXNBAGAME-26MAR19LACNOP-NOP,NBA,winner,New Orleans,Los Angeles C,1773964800,2026-03-20T00:00:00+00:00,kalshi_milestone_start_date,2026-03-26T07:29:39.051835Z,dda74894-9a21-4ce8-b706-073974a5956d,1,1773974394,,True,1094,2026-03-20,train
KXNBAGAME-26MAR19LALMIA,KXNBAGAME-26MAR19LALMIA-MIA,NBA,winner,Miami,Los Angeles L,1773964800,2026-03-20T00:00:00+00:00,kalshi_milestone_start_date,2026-03-26T07:29:40.498466Z,d9c0b0c2-9fe9-431b-b3d9-639716dcf271,0,1773975231,,True,1132,2026-03-20,train
KXNBAGAME-26MAR19PHXSAS,KXNBAGAME-26MAR19PHXSAS-SAS,NBA,winner,San Antonio,Phoenix,1773964800,2026-03-20T00:00:00+00:00,kalshi_milestone_start_date,2026-03-26T07:29:57.598975Z,0bdf52b0-c57c-429e-9f22-a9dd41c677ec,1,1773974993,,True,1121,2026-03-20,train
KXNBAGAME-26MAR19MILUTA,KXNBAGAME-26MAR19MILUTA-UTA,NBA,winner,Utah,Milwaukee,1773968400,2026-03-20T01:00:00+00:00,kalshi_milestone_start_date,2026-03-26T07:29:42.736339Z,f1cd773f-415a-45ad-abbf-9a78a66bbb24,1,1773978221,,True,826,2026-03-20,train
KXNBAGAME-26MAR19PHISAC,KXNBAGAME-26MAR19PHISAC-SAC,NBA,winner,Sacramento,Philadelphia,1773972000,2026-03-20T02:00:00+00:00,kalshi_milestone_start_date,2026-03-26T07:29:37.718977Z,b1d0a156-b416-4179-85fe-525a3ea86934,0,1773981940,,True,910,2026-03-20,train
KXNBAGAME-26MAR20GSWDET,KXNBAGAME-26MAR20GSWDET-DET,NBA,winner,Detroit,Golden State,1774049400,2026-03-20T23:30:00+00:00,kalshi_milestone_start_date,2026-03-26T07:29:10.261236Z,108914c5-e691-4187-8d7b-42cdc9739d90,1,1774059590,,True,1271,2026-03-20,train
KXNBAGAME-26MAR20NYKBKN,KXNBAGAME-26MAR20NYKBKN-BKN,NBA,winner,Brooklyn,New York,1774049400,2026-03-20T23:30:00+00:00,kalshi_milestone_start_date,2026-03-26T07:29:18.154189Z,b8c8bddf-e05b-4dd3-9ea8-f11ad479060e,0,1774059761,,True,1416,2026-03-20,train
KXNBAGAME-26MAR20ATLHOU,KXNBAGAME-26MAR20ATLHOU-HOU,NBA,winner,Houston,Atlanta,1774051200,2026-03-21T00:00:00+00:00,kalshi_milestone_start_date,2026-03-26T07:29:11.974917Z,f329caa6-5b69-40b6-abed-379314e494f1,1,1774061151,,True,1217,2026-03-21,train
KXNBAGAME-26MAR20BOSMEM,KXNBAGAME-26MAR20BOSMEM-MEM,NBA,winner,Memphis,Boston,1774051200,2026-03-21T00:00:00+00:00,kalshi_milestone_start_date,2026-03-26T07:29:26.470937Z,29249c4a-f609-43ba-b962-ec088dfd8495,0,1774061150,,True,1279,2026-03-21,train
KXNBAGAME-26MAR20PORMIN,KXNBAGAME-26MAR20PORMIN-MIN,NBA,winner,Minnesota,Portland,1774051200,2026-03-21T00:00:00+00:00,kalshi_milestone_start_date,2026-03-26T07:29:11.919722Z,ea4f776b-6f01-4c42-8e6a-7b5e6f29be6a,0,1774061395,,True,1274,2026-03-21,train
KXNBAGAME-26MAR20TORDEN,KXNBAGAME-26MAR20TORDEN-DEN,NBA,winner,Denver,Toronto,1774054800,2026-03-21T01:00:00+00:00,kalshi_milestone_start_date,2026-03-26T07:29:17.700318Z,f5018684-db69-4570-af09-7b38376a9394,1,1774064771,,True,985,2026-03-21,train
KXNBAGAME-26MAR21OKCWAS,KXNBAGAME-26MAR21OKCWAS-WAS,NBA,winner,Washington,Oklahoma City,1774126800,2026-03-21T21:00:00+00:00,kalshi_milestone_start_date,2026-03-26T07:29:55.205906Z,4843fcc9-ccd2-4fb7-94bc-90303673aa59,0,1774136640,,True,1006,2026-03-21,train
KXNBAGAME-26MAR21CLENOP,KXNBAGAME-26MAR21CLENOP-NOP,NBA,winner,New Orleans,Cleveland,1774134000,2026-03-21T23:00:00+00:00,kalshi_milestone_start_date,2026-03-26T07:29:47.267811Z,859e1dd0-2ebf-4283-b179-70dde590c56d,0,1774143161,,True,991,2026-03-21,train
KXNBAGAME-26MAR21LALORL,KXNBAGAME-26MAR21LALORL-ORL,NBA,winner,Orlando,Los Angeles L,1774134000,2026-03-21T23:00:00+00:00,kalshi_milestone_start_date,2026-03-26T07:30:05.988182Z,e5df99d8-5fc4-4eca-91f6-71b86e332201,0,1774144351,,True,1079,2026-03-21,train
KXNBAGAME-26MAR21MEMCHA,KXNBAGAME-26MAR21MEMCHA-CHA,NBA,winner,Charlotte,Memphis,1774134000,2026-03-21T23:00:00+00:00,kalshi_milestone_start_date,2026-03-26T07:30:11.703725Z,09bca5a8-48c4-45e6-9ccf-e2068c0c0c70,1,1774143591,,True,727,2026-03-21,train
KXNBAGAME-26MAR21GSWATL,KXNBAGAME-26MAR21GSWATL-ATL,NBA,winner,Atlanta,Golden State,1774137600,2026-03-22T00:00:00+00:00,kalshi_milestone_start_date,2026-03-26T07:29:56.041964Z,2760f708-46fb-4620-86f7-05ed7c3f2ba5,1,1774147430,,True,940,2026-03-22,train
KXNBAGAME-26MAR21INDSAS,KXNBAGAME-26MAR21INDSAS-SAS,NBA,winner,San Antonio,Indiana,1774137600,2026-03-22T00:00:00+00:00,kalshi_milestone_start_date,2026-03-26T07:30:05.739446Z,153b073c-f603-4124-9608-86dcb1f9d565,1,1774146751,,True,771,2026-03-22,train
KXNBAGAME-26MAR21MIAHOU,KXNBAGAME-26MAR21MIAHOU-HOU,NBA,winner,Houston,Miami,1774137600,2026-03-22T00:00:00+00:00,kalshi_milestone_start_date,2026-03-26T07:29:45.902021Z,4a6f1242-82d5-4e38-bbcb-49ba49ab0fd3,1,1774147541,,True,1130,2026-03-22,train
KXNBAGAME-26MAR21LACDAL,KXNBAGAME-26MAR21LACDAL-DAL,NBA,winner,Dallas,Los Angeles C,1774139400,2026-03-22T00:30:00+00:00,kalshi_milestone_start_date,2026-03-26T07:29:57.701044Z,c9036fba-0954-4405-9e78-1900a3699444,0,1774149841,,True,944,2026-03-22,train
KXNBAGAME-26MAR21PHIUTA,KXNBAGAME-26MAR21PHIUTA-UTA,NBA,winner,Utah,Philadelphia,1774143000,2026-03-22T01:30:00+00:00,kalshi_milestone_start_date,2026-03-26T07:29:44.898259Z,eb6af111-f588-4fd7-9f7c-8c542d466d57,0,1774152461,,True,705,2026-03-22,train
KXNBAGAME-26MAR21MILPHX,KXNBAGAME-26MAR21MILPHX-PHX,NBA,winner,Phoenix,Milwaukee,1774144800,2026-03-22T02:00:00+00:00,kalshi_milestone_start_date,2026-03-26T07:29:56.380001Z,96b04eb5-04b8-4819-9889-90dbd2601a65,0,1774154621,,True,794,2026-03-22,train
KXNBAGAME-26MAR22PORDEN,KXNBAGAME-26MAR22PORDEN-DEN,NBA,winner,Denver,Portland,1774213200,2026-03-22T21:00:00+00:00,kalshi_milestone_start_date,2026-03-26T07:30:11.112923Z,7364ad6d-3b7e-421e-9867-9a4a8ee4acfc,1,1774222180,,True,1120,2026-03-22,train
KXNBAGAME-26MAR22BKNSAC,KXNBAGAME-26MAR22BKNSAC-SAC,NBA,winner,Sacramento,Brooklyn,1774216800,2026-03-22T22:00:00+00:00,kalshi_milestone_start_date,2026-03-26T07:30:11.174479Z,bd66b4d6-1415-4b7e-a449-a4e3a6af7223,1,1774226741,,True,868,2026-03-22,train
KXNBAGAME-26MAR22WASNYK,KXNBAGAME-26MAR22WASNYK-NYK,NBA,winner,New York,Washington,1774222200,2026-03-22T23:30:00+00:00,kalshi_milestone_start_date,2026-03-26T07:30:06.253164Z,c8881f23-246e-4bed-b6d4-a78c87bf7ea4,1,1774231651,,True,891,2026-03-22,train
KXNBAGAME-26MAR22MINBOS,KXNBAGAME-26MAR22MINBOS-BOS,NBA,winner,Boston,Minnesota,1774224000,2026-03-23T00:00:00+00:00,kalshi_milestone_start_date,2026-03-26T07:29:20.20649Z,92591bb8-dbb8-42fe-a024-01c7b74f8bc2,0,1774233751,,True,1099,2026-03-23,train
KXNBAGAME-26MAR22TORPHX,KXNBAGAME-26MAR22TORPHX-PHX,NBA,winner,Phoenix,Toronto,1774227600,2026-03-23T01:00:00+00:00,kalshi_milestone_start_date,2026-03-26T07:30:07.273362Z,5107afb6-2150-47b7-abf4-626a8895ecaf,1,1774238251,,True,1110,2026-03-23,train
KXNBAGAME-26MAR23INDORL,KXNBAGAME-26MAR23INDORL-ORL,NBA,winner,Orlando,Indiana,1774306800,2026-03-23T23:00:00+00:00,kalshi_milestone_start_date,2026-03-26T07:29:55.993285Z,1df2d54a-9335-4fce-82eb-62cd1c3bebb3,0,1774316761,,True,931,2026-03-23,train
KXNBAGAME-26MAR23LALDET,KXNBAGAME-26MAR23LALDET-DET,NBA,winner,Detroit,Los Angeles L,1774306800,2026-03-23T23:00:00+00:00,kalshi_milestone_start_date,2026-03-26T07:28:15.620783Z,6a2d3a08-0e0b-45ee-9d6d-17f933eeeb4e,1,1774316882,,True,1346,2026-03-23,train
KXNBAGAME-26MAR23OKCPHI,KXNBAGAME-26MAR23OKCPHI-PHI,NBA,winner,Philadelphia,Oklahoma City,1774306800,2026-03-23T23:00:00+00:00,kalshi_milestone_start_date,2026-03-26T07:26:17.852034Z,69116d6c-25cb-4ad7-82c2-2c641f6c1164,0,1774315691,,True,1216,2026-03-23,train
KXNBAGAME-26MAR23SASMIA,KXNBAGAME-26MAR23SASMIA-MIA,NBA,winner,Miami,San Antonio,1774306800,2026-03-23T23:00:00+00:00,kalshi_milestone_start_date,2026-03-26T07:27:35.805812Z,9767fa62-6fad-42d3-8229-a639487c051c,0,1774317161,,True,1065,2026-03-23,train
KXNBAGAME-26MAR23MEMATL,KXNBAGAME-26MAR23MEMATL-ATL,NBA,winner,Atlanta,Memphis,1774308600,2026-03-23T23:30:00+00:00,kalshi_milestone_start_date,2026-03-26T07:27:01.640799Z,01ca3a46-62a1-456e-9d81-c594677d7b17,1,1774317830,,True,860,2026-03-23,train
KXNBAGAME-26MAR23HOUCHI,KXNBAGAME-26MAR23HOUCHI-CHI,NBA,winner,Chicago,Houston,1774310400,2026-03-24T00:00:00+00:00,kalshi_milestone_start_date,2026-03-26T07:27:45.692014Z,5c76ad3c-a69d-4a37-9897-51088d69e328,1,1774319871,,True,1161,2026-03-24,train
KXNBAGAME-26MAR23TORUTA,KXNBAGAME-26MAR23TORUTA-UTA,NBA,winner,Utah,Toronto,1774314000,2026-03-24T01:00:00+00:00,kalshi_milestone_start_date,2026-03-26T07:29:47.282096Z,c20ed026-520a-4a10-b46d-77ecb5828185,0,1774324340,,True,1025,2026-03-24,train
KXNBAGAME-26MAR23GSWDAL,KXNBAGAME-26MAR23GSWDAL-DAL,NBA,winner,Dallas,Golden State,1774315800,2026-03-24T01:30:00+00:00,kalshi_milestone_start_date,2026-03-26T07:29:58.389336Z,27190a40-df92-4804-8ad9-cecc55edecb1,0,1774327331,,True,1215,2026-03-24,train
KXNBAGAME-26MAR23BKNPOR,KXNBAGAME-26MAR23BKNPOR-POR,NBA,winner,Portland,Brooklyn,1774317600,2026-03-24T02:00:00+00:00,kalshi_milestone_start_date,2026-03-26T07:30:05.104245Z,df3c49d3-88ce-432f-aa7f-8dd643f0cecc,1,1774327941,,True,849,2026-03-24,train
KXNBAGAME-26MAR23MILLAC,KXNBAGAME-26MAR23MILLAC-LAC,NBA,winner,Los Angeles C,Milwaukee,1774319400,2026-03-24T02:30:00+00:00,kalshi_milestone_start_date,2026-03-26T07:29:58.459029Z,e11e774e-0ea5-4fc0-934d-d3af02fadbf6,1,1774328380,,True,816,2026-03-24,train
KXNBAGAME-26MAR24SACCHA,KXNBAGAME-26MAR24SACCHA-CHA,NBA,winner,Charlotte,Sacramento,1774393200,2026-03-24T23:00:00+00:00,kalshi_milestone_start_date,2026-03-26T07:30:05.248145Z,760ab0a6-b1e0-4740-8289-31779e0970e4,1,1774402180,,True,1195,2026-03-24,train
KXNBAGAME-26MAR24NOPNYK,KXNBAGAME-26MAR24NOPNYK-NYK,NBA,winner,New York,New Orleans,1774395000,2026-03-24T23:30:00+00:00,kalshi_milestone_start_date,2026-03-26T07:29:49.966934Z,9ae12f75-a8d7-4fce-9a04-098c7bcaaf2c,1,1774404631,,True,1313,2026-03-24,train
KXNBAGAME-26MAR24ORLCLE,KXNBAGAME-26MAR24ORLCLE-CLE,NBA,winner,Cleveland,Orlando,1774396800,2026-03-25T00:00:00+00:00,kalshi_milestone_start_date,2026-03-26T16:26:51.507638Z,70b0f6ca-dea9-45a0-8bf1-94fc5dbfaf55,1,1774406971,,True,1137,2026-03-25,train
KXNBAGAME-26MAR24DENPHX,KXNBAGAME-26MAR24DENPHX-PHX,NBA,winner,Phoenix,Denver,1774407600,2026-03-25T03:00:00+00:00,kalshi_milestone_start_date,2026-03-26T16:26:51.500239Z,32978de0-92a1-4b65-83c9-6660319d80e6,0,1774418131,,True,1369,2026-03-25,train
KXNBAGAME-26MAR25ATLDET,KXNBAGAME-26MAR25ATLDET-DET,NBA,winner,Detroit,Atlanta,1774479600,2026-03-25T23:00:00+00:00,kalshi_milestone_start_date,2026-03-27T15:26:23.677133Z,a4176b63-69ea-474b-ad26-49a22de079f2,0,1774490987,,True,1385,2026-03-25,train
KXNBAGAME-26MAR25CHIPHI,KXNBAGAME-26MAR25CHIPHI-PHI,NBA,winner,Philadelphia,Chicago,1774479600,2026-03-25T23:00:00+00:00,kalshi_milestone_start_date,2026-03-27T02:26:09.960375Z,f28e1b51-a4fb-4b48-887e-afe49d93f05a,1,1774489371,,True,1083,2026-03-25,train
KXNBAGAME-26MAR25LALIND,KXNBAGAME-26MAR25LALIND-IND,NBA,winner,Indiana,Los Angeles L,1774479600,2026-03-25T23:00:00+00:00,kalshi_milestone_start_date,2026-03-27T13:25:09.823832Z,963d4bae-5c35-4b0f-900a-422a36c0a573,0,1774489371,,True,1155,2026-03-25,train
KXNBAGAME-26MAR25MIACLE,KXNBAGAME-26MAR25MIACLE-CLE,NBA,winner,Cleveland,Miami,1774481400,2026-03-25T23:30:00+00:00,kalshi_milestone_start_date,2026-03-27T03:25:09.916086Z,e206667b-d170-4b27-9982-5def61e99fe0,0,1774491151,,True,1092,2026-03-25,train
KXNBAGAME-26MAR25OKCBOS,KXNBAGAME-26MAR25OKCBOS-BOS,NBA,winner,Boston,Oklahoma City,1774481400,2026-03-25T23:30:00+00:00,kalshi_milestone_start_date,2026-03-27T03:25:09.757728Z,c5b828f6-72fe-4739-869f-98482bd12adc,1,1774491341,,True,1168,2026-03-25,train
KXNBAGAME-26MAR25SASMEM,KXNBAGAME-26MAR25SASMEM-MEM,NBA,winner,Memphis,San Antonio,1774483200,2026-03-26T00:00:00+00:00,kalshi_milestone_start_date,2026-03-27T03:25:09.820482Z,7bd0703d-a0fa-410e-89f3-67874833bfcf,0,1774492341,,True,1246,2026-03-26,train
KXNBAGAME-26MAR25WASUTA,KXNBAGAME-26MAR25WASUTA-UTA,NBA,winner,Utah,Washington,1774486800,2026-03-26T01:00:00+00:00,kalshi_milestone_start_date,2026-03-27T04:38:12.980139Z,84fb47f4-bc7a-4f1b-8792-65bd0823a43f,0,1774495940,,True,890,2026-03-26,train
KXNBAGAME-26MAR25HOUMIN,KXNBAGAME-26MAR25HOUMIN-MIN,NBA,winner,Minnesota,Houston,1774488600,2026-03-26T01:30:00+00:00,kalshi_milestone_start_date,2026-03-27T06:26:05.509148Z,4012442f-3114-4cab-aba8-c11042e79270,1,1774500141,,True,976,2026-03-26,train
KXNBAGAME-26MAR25BKNGSW,KXNBAGAME-26MAR25BKNGSW-GSW,NBA,winner,Golden State,Brooklyn,1774490400,2026-03-26T02:00:00+00:00,kalshi_milestone_start_date,2026-03-27T05:29:14.044641Z,a6af27ed-fb74-46bb-8492-8ef5da77464a,1,1774500731,,True,747,2026-03-26,train
KXNBAGAME-26MAR25DALDEN,KXNBAGAME-26MAR25DALDEN-DEN,NBA,winner,Denver,Dallas,1774490400,2026-03-26T02:00:00+00:00,kalshi_milestone_start_date,2026-03-27T06:26:05.404341Z,eef7ea3f-89de-483b-83e6-0fc7f58bb66d,1,1774500570,,True,869,2026-03-26,train
KXNBAGAME-26MAR25MILPOR,KXNBAGAME-26MAR25MILPOR-POR,NBA,winner,Portland,Milwaukee,1774490400,2026-03-26T02:00:00+00:00,kalshi_milestone_start_date,2026-03-27T07:26:26.853892Z,ab7bd725-d984-4685-b659-0fc821287b0a,1,1774500142,,True,747,2026-03-26,train
KXNBAGAME-26MAR25TORLAC,KXNBAGAME-26MAR25TORLAC-LAC,NBA,winner,Los Angeles C,Toronto,1774492200,2026-03-26T02:30:00+00:00,kalshi_milestone_start_date,2026-03-27T06:26:05.424604Z,f7b166c0-379b-4672-aa49-b7703c8f75e5,1,1774501530,,True,918,2026-03-26,train
KXNBAGAME-26MAR26NOPDET,KXNBAGAME-26MAR26NOPDET-DET,NBA,winner,Detroit,New Orleans,1774566000,2026-03-26T23:00:00+00:00,kalshi_milestone_start_date,2026-03-28T02:59:20.798612Z,c0ff6b95-5792-4ca8-9619-f4cf4c3155ed,1,1774575338,,True,1184,2026-03-26,train
KXNBAGAME-26MAR26NYKCHA,KXNBAGAME-26MAR26NYKCHA-CHA,NBA,winner,Charlotte,New York,1774566000,2026-03-26T23:00:00+00:00,kalshi_milestone_start_date,2026-03-28T15:59:48.908312Z,5b4c7021-9242-4264-9978-2edb1d0e44ef,1,1774575738,,True,1079,2026-03-26,train
KXNBAGAME-26MAR26SACORL,KXNBAGAME-26MAR26SACORL-ORL,NBA,winner,Orlando,Sacramento,1774566000,2026-03-26T23:00:00+00:00,kalshi_milestone_start_date,2026-03-28T02:00:38.776919Z,3b497de0-db3d-4845-a81c-f7f1ad141000,1,1774575458,,True,919,2026-03-26,train
KXNBAGAME-26MAR27LACIND,KXNBAGAME-26MAR27LACIND-IND,NBA,winner,Indiana,Los Angeles C,1774652400,2026-03-27T23:00:00+00:00,kalshi_milestone_start_date,2026-03-29T03:15:58.741147Z,d934e1a4-d49e-4467-8543-4720ae22cc96,0,1774663378,,True,1183,2026-03-27,train
KXNBAGAME-26MAR27ATLBOS,KXNBAGAME-26MAR27ATLBOS-BOS,NBA,winner,Boston,Atlanta,1774654200,2026-03-27T23:30:00+00:00,kalshi_milestone_start_date,2026-03-29T03:15:58.805834Z,8fdfbe7f-b7db-4aad-a898-d1f8a6a65eed,1,1774663458,,True,1427,2026-03-27,train
KXNBAGAME-26MAR27MIACLE,KXNBAGAME-26MAR27MIACLE-CLE,NBA,winner,Cleveland,Miami,1774654200,2026-03-27T23:30:00+00:00,kalshi_milestone_start_date,2026-03-29T03:15:58.798316Z,42d4af19-4ee8-4635-87f5-d0baa5d8c356,1,1774664558,,True,1125,2026-03-27,train
KXNBAGAME-26MAR27CHIOKC,KXNBAGAME-26MAR27CHIOKC-OKC,NBA,winner,Oklahoma City,Chicago,1774656000,2026-03-28T00:00:00+00:00,kalshi_milestone_start_date,2026-03-29T05:06:10.06918Z,c9f815f5-4d32-43c0-b5ee-28ef0049d20f,1,1774665478,,True,894,2026-03-28,train
KXNBAGAME-26MAR27HOUMEM,KXNBAGAME-26MAR27HOUMEM-MEM,NBA,winner,Memphis,Houston,1774656000,2026-03-28T00:00:00+00:00,kalshi_milestone_start_date,2026-03-29T03:15:58.542903Z,4ffcdaba-e60c-4769-b6d2-eaef448a7779,0,1774664758,,True,1252,2026-03-28,train
KXNBAGAME-26MAR27NOPTOR,KXNBAGAME-26MAR27NOPTOR-TOR,NBA,winner,Toronto,New Orleans,1774657800,2026-03-28T00:30:00+00:00,kalshi_milestone_start_date,2026-03-29T03:59:20.97085Z,f1785215-0945-490b-881e-f45b35be78b3,1,1774667628,,True,882,2026-03-28,train
KXNBAGAME-26MAR27UTADEN,KXNBAGAME-26MAR27UTADEN-DEN,NBA,winner,Denver,Utah,1774659600,2026-03-28T01:00:00+00:00,kalshi_milestone_start_date,2026-03-29T05:06:09.848151Z,01afe3d5-3c40-4bc6-a05a-502d8626e850,1,1774669338,,True,652,2026-03-28,train
KXNBAGAME-26MAR27DALPOR,KXNBAGAME-26MAR27DALPOR-POR,NBA,winner,Portland,Dallas,1774663200,2026-03-28T02:00:00+00:00,kalshi_milestone_start_date,2026-03-29T16:00:41.962776Z,29a37d25-aef3-4482-ad29-c4498bfccb56,0,1774672657,,True,798,2026-03-28,train
KXNBAGAME-26MAR27WASGSW,KXNBAGAME-26MAR27WASGSW-GSW,NBA,winner,Golden State,Washington,1774663200,2026-03-28T02:00:00+00:00,kalshi_milestone_start_date,2026-03-29T06:02:30.853448Z,3389bfb7-a99a-49ae-94fb-8e4b4cea3d67,1,1774673258,,True,907,2026-03-28,train
KXNBAGAME-26MAR27BKNLAL,KXNBAGAME-26MAR27BKNLAL-LAL,NBA,winner,Los Angeles L,Brooklyn,1774665000,2026-03-28T02:30:00+00:00,kalshi_milestone_start_date,2026-03-29T06:59:20.738325Z,6ab7a812-b691-48a9-a466-cb107a3d90f0,1,1774674728,,True,1037,2026-03-28,train
KXNBAGAME-26MAR28SASMIL,KXNBAGAME-26MAR28SASMIL-MIL,NBA,winner,Milwaukee,San Antonio,1774724400,2026-03-28T19:00:00+00:00,kalshi_milestone_start_date,2026-03-31T01:59:20.880078Z,7374273c-6ea4-4d7f-a5c4-1da368728ab4,0,1774733577,,True,1146,2026-03-28,train
KXNBAGAME-26MAR28DETMIN,KXNBAGAME-26MAR28DETMIN-MIN,NBA,winner,Minnesota,Detroit,1774733400,2026-03-28T21:30:00+00:00,kalshi_milestone_start_date,2026-03-31T01:59:20.817388Z,32420f70-96f4-4adc-ba4c-946efe5ba7da,0,1774742557,,True,1074,2026-03-28,train
KXNBAGAME-26MAR28PHICHA,KXNBAGAME-26MAR28PHICHA-CHA,NBA,winner,Charlotte,Philadelphia,1774735200,2026-03-28T22:00:00+00:00,kalshi_milestone_start_date,2026-03-30T02:00:11.636516Z,8f06c0c6-f5f4-4e4d-8f18-c5c6749e26ec,0,1774745268,,True,1009,2026-03-28,train
KXNBAGAME-26MAR28SACATL,KXNBAGAME-26MAR28SACATL-ATL,NBA,winner,Atlanta,Sacramento,1774740600,2026-03-28T23:30:00+00:00,kalshi_milestone_start_date,2026-03-30T03:59:44.564181Z,e25e4715-4e93-441c-941a-ded99ce69dca,1,1774749588,,True,936,2026-03-28,train
KXNBAGAME-26MAR28CHIMEM,KXNBAGAME-26MAR28CHIMEM-MEM,NBA,winner,Memphis,Chicago,1774742400,2026-03-29T00:00:00+00:00,kalshi_milestone_start_date,2026-03-30T03:59:44.426916Z,66f25a79-2663-448e-8225-ec54c5fc4f30,1,1774752738,,True,809,2026-03-29,train
KXNBAGAME-26MAR28UTAPHX,KXNBAGAME-26MAR28UTAPHX-PHX,NBA,winner,Phoenix,Utah,1774749600,2026-03-29T02:00:00+00:00,kalshi_milestone_start_date,2026-03-31T01:01:32.790952Z,e72f1179-2c71-4160-adef-f9b80f2367a5,1,1774758738,,True,913,2026-03-29,train
KXNBAGAME-26MAR29LACMIL,KXNBAGAME-26MAR29LACMIL-MIL,NBA,winner,Milwaukee,Los Angeles C,1774812600,2026-03-29T19:30:00+00:00,kalshi_milestone_start_date,2026-03-31T18:00:45.844563Z,2e6e4b56-ec3b-428e-8a7c-0221c0e5b458,0,1774822068,,True,1338,2026-03-29,train
KXNBAGAME-26MAR29MIAIND,KXNBAGAME-26MAR29MIAIND-IND,NBA,winner,Indiana,Miami,1774818000,2026-03-29T21:00:00+00:00,kalshi_milestone_start_date,2026-03-31T00:00:51.06783Z,dbf95331-0148-4fe3-8394-87e8fd1263ca,1,1774826988,,True,1362,2026-03-29,train
KXNBAGAME-26MAR29BOSCHA,KXNBAGAME-26MAR29BOSCHA-CHA,NBA,winner,Charlotte,Boston,1774821600,2026-03-29T22:00:00+00:00,kalshi_milestone_start_date,2026-03-31T01:01:33.034596Z,e25a11d3-1115-4233-bb0e-ed8ebaffd199,0,1774830128,,True,1260,2026-03-29,train
KXNBAGAME-26MAR29ORLTOR,KXNBAGAME-26MAR29ORLTOR-TOR,NBA,winner,Toronto,Orlando,1774821600,2026-03-29T22:00:00+00:00,kalshi_milestone_start_date,2026-03-31T01:01:33.136672Z,cb7ef26e-5567-466c-b36d-cee3be75889f,1,1774830937,,True,1146,2026-03-29,train
KXNBAGAME-26MAR29SACBKN,KXNBAGAME-26MAR29SACBKN-BKN,NBA,winner,Brooklyn,Sacramento,1774821600,2026-03-29T22:00:00+00:00,kalshi_milestone_start_date,2026-03-31T01:59:20.897216Z,3725acd2-0dd5-47a3-b5ba-f011d55ff060,1,1774830748,,True,1025,2026-03-29,train
KXNBAGAME-26MAR29WASPOR,KXNBAGAME-26MAR29WASPOR-POR,NBA,winner,Portland,Washington,1774821600,2026-03-29T22:00:00+00:00,kalshi_milestone_start_date,2026-03-31T01:01:33.100359Z,832eceaa-2709-4fe2-89fd-325ec057d7b2,1,1774831368,,True,807,2026-03-29,train
KXNBAGAME-26MAR29HOUNOP,KXNBAGAME-26MAR29HOUNOP-NOP,NBA,winner,New Orleans,Houston,1774825200,2026-03-29T23:00:00+00:00,kalshi_milestone_start_date,2026-03-31T01:59:21.123713Z,4f5b9113-343b-45ed-a45d-7ede47142b15,0,1774834537,,True,762,2026-03-29,train
KXNBAGAME-26MAR29NYKOKC,KXNBAGAME-26MAR29NYKOKC-OKC,NBA,winner,Oklahoma City,New York,1774827000,2026-03-29T23:30:00+00:00,kalshi_milestone_start_date,2026-03-31T19:59:20.758848Z,1f84c65d-480c-4c89-abd8-a755c6768f79,1,1774837538,,True,1239,2026-03-29,train
KXNBAGAME-26MAR29GSWDEN,KXNBAGAME-26MAR29GSWDEN-DEN,NBA,winner,Denver,Golden State,1774836000,2026-03-30T02:00:00+00:00,kalshi_milestone_start_date,2026-03-31T15:59:57.128264Z,2663b17d-6770-411f-b1e0-6d49ca09625a,1,1774846408,,True,850,2026-03-30,train
KXNBAGAME-26MAR30PHIMIA,KXNBAGAME-26MAR30PHIMIA-MIA,NBA,winner,Miami,Philadelphia,1774911600,2026-03-30T23:00:00+00:00,kalshi_milestone_start_date,2026-04-01T14:38:41.805903Z,d936286d-5b71-4a51-abe1-633f4bfdd4c9,1,1774921806,,True,1157,2026-03-30,train
KXNBAGAME-26MAR30BOSATL,KXNBAGAME-26MAR30BOSATL-ATL,NBA,winner,Atlanta,Boston,1774913400,2026-03-30T23:30:00+00:00,kalshi_milestone_start_date,2026-04-01T03:53:01.632785Z,d27bbd6c-6413-46b0-8ac4-d6de4b12be9b,1,1774922988,,True,1338,2026-03-30,train
KXNBAGAME-26MAR30CHISAS,KXNBAGAME-26MAR30CHISAS-SAS,NBA,winner,San Antonio,Chicago,1774915200,2026-03-31T00:00:00+00:00,kalshi_milestone_start_date,2026-04-01T14:38:41.841042Z,5cccb0eb-0486-4df7-90c2-f1701c0aaaa1,1,1774924812,,True,1164,2026-03-31,train
KXNBAGAME-26MAR30PHXMEM,KXNBAGAME-26MAR30PHXMEM-MEM,NBA,winner,Memphis,Phoenix,1774915200,2026-03-31T00:00:00+00:00,kalshi_milestone_start_date,2026-04-01T04:37:55.560019Z,650ed8b9-047d-418e-8b7b-a4bee25d283c,0,1774925268,,True,1168,2026-03-31,train
KXNBAGAME-26MAR30MINDAL,KXNBAGAME-26MAR30MINDAL-DAL,NBA,winner,Dallas,Minnesota,1774917000,2026-03-31T00:30:00+00:00,kalshi_milestone_start_date,2026-04-01T03:53:01.757563Z,59679315-f81b-4f72-a9e7-0399659b0b81,0,1774926748,,True,1094,2026-03-31,train
KXNBAGAME-26MAR30CLEUTA,KXNBAGAME-26MAR30CLEUTA-UTA,NBA,winner,Utah,Cleveland,1774918800,2026-03-31T01:00:00+00:00,kalshi_milestone_start_date,2026-04-01T03:53:01.734411Z,734db837-bcc6-4e1f-8f76-dcb53bcffaca,0,1774927777,,True,1089,2026-03-31,train
KXNBAGAME-26MAR30DETOKC,KXNBAGAME-26MAR30DETOKC-OKC,NBA,winner,Oklahoma City,Detroit,1774920600,2026-03-31T01:30:00+00:00,kalshi_milestone_start_date,2026-04-01T15:38:54.898703Z,2134a643-aa23-4370-aedb-a7f58dcdade4,1,1774932338,,True,1158,2026-03-31,train
KXNBAGAME-26MAR30WASLAL,KXNBAGAME-26MAR30WASLAL-LAL,NBA,winner,Los Angeles L,Washington,1774922400,2026-03-31T02:00:00+00:00,kalshi_milestone_start_date,2026-04-01T10:38:43.116294Z,17c32c41-f20c-40d4-a85c-05a28cd401cb,1,1774931858,,True,1094,2026-03-31,train
KXNBAGAME-26MAR31PHXORL,KXNBAGAME-26MAR31PHXORL-ORL,NBA,winner,Orlando,Phoenix,1774998000,2026-03-31T23:00:00+00:00,kalshi_milestone_start_date,2026-04-02T03:16:03.875034Z,192fe1a0-2ce2-46f8-9fa4-4f2e2254f743,1,1775008668,,True,1148,2026-03-31,train
KXNBAGAME-26MAR31CHABKN,KXNBAGAME-26MAR31CHABKN-BKN,NBA,winner,Brooklyn,Charlotte,1774999800,2026-03-31T23:30:00+00:00,kalshi_milestone_start_date,2026-04-02T03:16:03.815256Z,68345a0d-e476-4374-980f-a28f3a352678,0,1775009378,,True,1182,2026-03-31,train
KXNBAGAME-26MAR31DALMIL,KXNBAGAME-26MAR31DALMIL-MIL,NBA,winner,Milwaukee,Dallas,1775001600,2026-04-01T00:00:00+00:00,kalshi_milestone_start_date,2026-04-02T04:00:25.46706Z,3925843b-a76e-46be-be14-cabf87ea5588,1,1775012248,,True,791,2026-04-01,train
KXNBAGAME-26MAR31NYKHOU,KXNBAGAME-26MAR31NYKHOU-HOU,NBA,winner,Houston,New York,1775001600,2026-04-01T00:00:00+00:00,kalshi_milestone_start_date,2026-04-02T15:10:41.92857Z,f81accd1-963c-4317-afa3-9581488857e6,1,1775010748,,True,1010,2026-04-01,train
KXNBAGAME-26MAR31TORDET,KXNBAGAME-26MAR31TORDET-DET,NBA,winner,Detroit,Toronto,1775001600,2026-04-01T00:00:00+00:00,kalshi_milestone_start_date,2026-04-02T04:00:25.491716Z,a9c37ee8-e88c-4833-abe9-e5a54ef0b115,1,1775012007,,True,1105,2026-04-01,train
KXNBAGAME-26MAR31CLELAL,KXNBAGAME-26MAR31CLELAL-LAL,NBA,winner,Los Angeles L,Cleveland,1775010600,2026-04-01T02:30:00+00:00,kalshi_milestone_start_date,2026-04-02T05:37:55.564931Z,b53e282e-ed18-4411-9f18-f2e12bee7f44,1,1775019738,,True,1295,2026-04-01,train
KXNBAGAME-26MAR31PORLAC,KXNBAGAME-26MAR31PORLAC-LAC,NBA,winner,Los Angeles C,Portland,1775012400,2026-04-01T03:00:00+00:00,kalshi_milestone_start_date,2026-04-02T08:11:40.752014Z,fb55fc03-168e-428d-84e1-99562e1bc980,0,1775022128,,True,1057,2026-04-01,train
KXNBAGAME-26APR01ATLORL,KXNBAGAME-26APR01ATLORL-ORL,NBA,winner,Orlando,Atlanta,1775084400,2026-04-01T23:00:00+00:00,kalshi_milestone_start_date,2026-04-03T16:09:53.785941Z,537a381a-8bd8-403f-92f6-078627b06402,0,1775094468,,True,1062,2026-04-01,train
KXNBAGAME-26APR01PHIWAS,KXNBAGAME-26APR01PHIWAS-WAS,NBA,winner,Washington,Philadelphia,1775084400,2026-04-01T23:00:00+00:00,kalshi_milestone_start_date,2026-04-03T03:21:33.348062Z,2a9d01f5-caf4-45f1-bf11-337f157781df,0,1775093388,,True,1187,2026-04-01,train
KXNBAGAME-26APR01BOSMIA,KXNBAGAME-26APR01BOSMIA-MIA,NBA,winner,Miami,Boston,1775086200,2026-04-01T23:30:00+00:00,kalshi_milestone_start_date,2026-04-03T15:09:20.032373Z,bc51fd44-f513-4e6f-8557-feb4363358f8,0,1775095968,,True,1009,2026-04-01,train
KXNBAGAME-26APR01INDCHI,KXNBAGAME-26APR01INDCHI-CHI,NBA,winner,Chicago,Indiana,1775088000,2026-04-02T00:00:00+00:00,kalshi_milestone_start_date,2026-04-03T04:46:03.409144Z,b4880c31-87b9-40a4-913b-5012c35fae31,0,1775096978,,True,1011,2026-04-02,train
KXNBAGAME-26APR01MILHOU,KXNBAGAME-26APR01MILHOU-HOU,NBA,winner,Houston,Milwaukee,1775088000,2026-04-02T00:00:00+00:00,kalshi_milestone_start_date,2026-04-03T04:46:03.285166Z,ddfcf8e9-b868-4a9b-a741-8e6ee3783d72,1,1775097737,,True,810,2026-04-02,train
KXNBAGAME-26APR01NYKMEM,KXNBAGAME-26APR01NYKMEM-MEM,NBA,winner,Memphis,New York,1775088000,2026-04-02T00:00:00+00:00,kalshi_milestone_start_date,2026-04-03T04:46:03.304891Z,554500fe-ea9d-48b7-bf2e-bec19304623d,0,1775097218,,True,975,2026-04-02,train
KXNBAGAME-26APR01SACTOR,KXNBAGAME-26APR01SACTOR-TOR,NBA,winner,Toronto,Sacramento,1775088000,2026-04-02T00:00:00+00:00,kalshi_milestone_start_date,2026-04-03T03:21:33.399389Z,e5138e66-6f0c-423c-a93d-5f5e0b24ece9,0,1775098768,,True,786,2026-04-02,train
KXNBAGAME-26APR01DENUTA,KXNBAGAME-26APR01DENUTA-UTA,NBA,winner,Utah,Denver,1775091600,2026-04-02T01:00:00+00:00,kalshi_milestone_start_date,2026-04-03T04:46:03.297495Z,d935730a-6ea1-4e65-974c-867c62f72988,0,1775101167,,True,1027,2026-04-02,train
KXNBAGAME-26APR01SASGSW,KXNBAGAME-26APR01SASGSW-GSW,NBA,winner,Golden State,San Antonio,1775095200,2026-04-02T02:00:00+00:00,kalshi_milestone_start_date,2026-04-03T15:09:19.955332Z,7e834216-c38e-49d4-bf36-fedd645207e5,0,1775105737,,True,1212,2026-04-02,train
KXNBAGAME-26APR02MINDET,KXNBAGAME-26APR02MINDET-DET,NBA,winner,Detroit,Minnesota,1775170800,2026-04-02T23:00:00+00:00,kalshi_milestone_start_date,2026-04-06T14:10:19.649324Z,4d892031-e376-4757-90f0-2206c9a9b4cc,1,1775181333,,True,1175,2026-04-02,train
KXNBAGAME-26APR02PHXCHA,KXNBAGAME-26APR02PHXCHA-CHA,NBA,winner,Charlotte,Phoenix,1775170800,2026-04-02T23:00:00+00:00,kalshi_milestone_start_date,2026-04-04T02:09:20.169746Z,2f1bf846-3ed8-41f3-aa7b-5667a7733ef0,1,1775180143,,True,1030,2026-04-02,train
KXNBAGAME-26APR02LALOKC,KXNBAGAME-26APR02LALOKC-OKC,NBA,winner,Oklahoma City,Los Angeles L,1775179800,2026-04-03T01:30:00+00:00,kalshi_milestone_start_date,2026-04-06T14:10:19.720828Z,552a5f83-2110-4a06-a4ab-db12f65dec14,1,1775188963,,True,1209,2026-04-03,train
KXNBAGAME-26APR02CLEGSW,KXNBAGAME-26APR02CLEGSW-GSW,NBA,winner,Golden State,Cleveland,1775181600,2026-04-03T02:00:00+00:00,kalshi_milestone_start_date,2026-04-04T05:24:40.558911Z,a8dd3d9f-7b92-4e6b-bc39-f21bc7c49ff4,0,1775191773,,True,959,2026-04-03,train
KXNBAGAME-26APR02NOPPOR,KXNBAGAME-26APR02NOPPOR-POR,NBA,winner,Portland,New Orleans,1775181600,2026-04-03T02:00:00+00:00,kalshi_milestone_start_date,2026-04-04T05:24:40.614118Z,94908268-5297-46f1-a4fb-17c794c6f50c,1,1775192013,,True,947,2026-04-03,train
KXNBAGAME-26APR02SASLAC,KXNBAGAME-26APR02SASLAC-LAC,NBA,winner,Los Angeles C,San Antonio,1775183400,2026-04-03T02:30:00+00:00,kalshi_milestone_start_date,2026-04-04T07:09:19.984852Z,c7668a00-6a8f-42bd-b467-2b2027a4f748,0,1775193443,,True,941,2026-04-03,train
KXNBAGAME-26APR03INDCHA,KXNBAGAME-26APR03INDCHA-CHA,NBA,winner,Charlotte,Indiana,1775257200,2026-04-03T23:00:00+00:00,kalshi_milestone_start_date,2026-04-05T02:22:42.791382Z,8695fdfb-1bab-4ebb-bbd7-dec09b9fef96,1,1775266083,,True,974,2026-04-03,train
KXNBAGAME-26APR03MINPHI,KXNBAGAME-26APR03MINPHI-PHI,NBA,winner,Philadelphia,Minnesota,1775257200,2026-04-03T23:00:00+00:00,kalshi_milestone_start_date,2026-04-05T02:22:42.760214Z,5473a641-68f8-491f-9514-dab848c99cdd,1,1775267143,,True,1162,2026-04-03,train
KXNBAGAME-26APR03ATLBKN,KXNBAGAME-26APR03ATLBKN-BKN,NBA,winner,Brooklyn,Atlanta,1775259000,2026-04-03T23:30:00+00:00,kalshi_milestone_start_date,2026-04-05T03:09:20.014731Z,839bc8b1-5e0e-4f3c-b131-f0e6c9424f60,0,1775268833,,True,1156,2026-04-03,train
KXNBAGAME-26APR03CHINYK,KXNBAGAME-26APR03CHINYK-NYK,NBA,winner,New York,Chicago,1775259000,2026-04-03T23:30:00+00:00,kalshi_milestone_start_date,2026-04-05T15:09:19.956448Z,22fc5a65-184d-4282-92db-207e52f3f86e,1,1775269073,,True,835,2026-04-03,train
KXNBAGAME-26APR03BOSMIL,KXNBAGAME-26APR03BOSMIL-MIL,NBA,winner,Milwaukee,Boston,1775260800,2026-04-04T00:00:00+00:00,kalshi_milestone_start_date,2026-04-05T03:09:19.948244Z,d76bc0dc-d6c2-4902-89be-b4c8e4b9d487,0,1775269953,,True,1133,2026-04-04,train
KXNBAGAME-26APR03TORMEM,KXNBAGAME-26APR03TORMEM-MEM,NBA,winner,Memphis,Toronto,1775260800,2026-04-04T00:00:00+00:00,kalshi_milestone_start_date,2026-04-05T04:09:20.148924Z,2a148898-6d23-40f9-b26d-04afac528968,0,1775270853,,True,794,2026-04-04,train
KXNBAGAME-26APR03UTAHOU,KXNBAGAME-26APR03UTAHOU-HOU,NBA,winner,Houston,Utah,1775260800,2026-04-04T00:00:00+00:00,kalshi_milestone_start_date,2026-04-05T03:09:20.007382Z,64c5e24e-73b8-4371-b8f3-344c480df5f4,1,1775270133,,True,766,2026-04-04,train
KXNBAGAME-26APR03ORLDAL,KXNBAGAME-26APR03ORLDAL-DAL,NBA,winner,Dallas,Orlando,1775262600,2026-04-04T00:30:00+00:00,kalshi_milestone_start_date,2026-04-05T05:12:07.576671Z,a78ef1ed-f54a-4025-8778-dde23289ab86,0,1775272933,,True,712,2026-04-04,train
KXNBAGAME-26APR03NOPSAC,KXNBAGAME-26APR03NOPSAC-SAC,NBA,winner,Sacramento,New Orleans,1775268000,2026-04-04T02:00:00+00:00,kalshi_milestone_start_date,2026-04-06T22:11:13.087149Z,19479e99-16f0-4dcf-9188-3d47656d2a50,1,1775279013,,True,912,2026-04-04,train
KXNBAGAME-26APR04SASDEN,KXNBAGAME-26APR04SASDEN-DEN,NBA,winner,Denver,San Antonio,1775329200,2026-04-04T19:00:00+00:00,kalshi_milestone_start_date,2026-04-06T14:10:19.460799Z,7b0c7cb0-726a-4432-a299-da4e6348cf7f,1,1775341169,,True,1107,2026-04-04,train
KXNBAGAME-26APR04WASMIA,KXNBAGAME-26APR04WASMIA-MIA,NBA,winner,Miami,Washington,1775329200,2026-04-04T19:00:00+00:00,kalshi_milestone_start_date,2026-04-05T23:30:37.386212Z,5392504d-68d0-4d0f-81e9-88ba040dfafd,1,1775339263,,True,1024,2026-04-04,train
KXNBAGAME-26APR04DETPHI,KXNBAGAME-26APR04DETPHI-PHI,NBA,winner,Philadelphia,Detroit,1775343600,2026-04-04T23:00:00+00:00,kalshi_milestone_start_date,2026-04-06T14:10:19.660581Z,1642421f-3453-497b-a9e7-9478406d2789,0,1775352453,,True,1047,2026-04-04,train
KXNBAGAME-26APR05MEMMIL,KXNBAGAME-26APR05MEMMIL-MIL,NBA,winner,Milwaukee,Memphis,1775417400,2026-04-05T19:30:00+00:00,kalshi_milestone_start_date,2026-04-06T23:12:58.687172Z,f413301c-7f96-406c-8f9b-9c9a504556d0,1,1775427583,,True,781,2026-04-05,train
KXNBAGAME-26APR05PHXCHI,KXNBAGAME-26APR05PHXCHI-CHI,NBA,winner,Chicago,Phoenix,1775417400,2026-04-05T19:30:00+00:00,kalshi_milestone_start_date,2026-04-07T00:10:09.620527Z,c9e0018f-1868-4978-a6ed-814ada883735,0,1775427843,,True,966,2026-04-05,train
KXNBAGAME-26APR05TORBOS,KXNBAGAME-26APR05TORBOS-BOS,NBA,winner,Boston,Toronto,1775417400,2026-04-05T19:30:00+00:00,kalshi_milestone_start_date,2026-04-07T14:09:20.021989Z,f3249915-4598-4629-a643-7c1fc033be9b,1,1775426273,,True,1191,2026-04-05,train
KXNBAGAME-26APR05WASBKN,KXNBAGAME-26APR05WASBKN-BKN,NBA,winner,Brooklyn,Washington,1775417400,2026-04-05T19:30:00+00:00,kalshi_milestone_start_date,2026-04-07T00:10:09.524103Z,bec6c5da-f6db-46c0-9f71-1cf77f6bc2b1,1,1775427933,,True,1137,2026-04-05,train
KXNBAGAME-26APR05INDCLE,KXNBAGAME-26APR05INDCLE-CLE,NBA,winner,Cleveland,Indiana,1775426400,2026-04-05T22:00:00+00:00,kalshi_milestone_start_date,2026-04-07T02:39:14.265058Z,d4a8cc9c-60fc-4652-985e-bd7b7fe6bfeb,1,1775435583,,True,875,2026-04-05,train
KXNBAGAME-26APR05CHAMIN,KXNBAGAME-26APR05CHAMIN-MIN,NBA,winner,Minnesota,Charlotte,1775430000,2026-04-05T23:00:00+00:00,kalshi_milestone_start_date,2026-04-07T03:34:23.725199Z,4c01aeda-09ee-421c-9da6-2e0ba020d490,0,1775439723,,True,1177,2026-04-05,train
KXNBAGAME-26APR05ORLNOP,KXNBAGAME-26APR05ORLNOP-NOP,NBA,winner,New Orleans,Orlando,1775430000,2026-04-05T23:00:00+00:00,kalshi_milestone_start_date,2026-04-07T02:39:14.255813Z,28d89fd2-9abe-4f15-9297-75b2874c2d16,0,1775439953,,True,791,2026-04-05,train
KXNBAGAME-26APR05UTAOKC,KXNBAGAME-26APR05UTAOKC-OKC,NBA,winner,Oklahoma City,Utah,1775430000,2026-04-05T23:00:00+00:00,kalshi_milestone_start_date,2026-04-07T02:39:14.237783Z,0d39fd73-0be2-496c-9882-771fe6797b98,1,1775439163,,True,865,2026-04-05,train
KXNBAGAME-26APR05LALDAL,KXNBAGAME-26APR05LALDAL-DAL,NBA,winner,Dallas,Los Angeles L,1775431800,2026-04-05T23:30:00+00:00,kalshi_milestone_start_date,2026-04-08T15:09:59.203727Z,cf5a4285-21e4-426e-ba81-227b53cdbb02,1,1775446423,,True,1216,2026-04-05,train
KXNBAGAME-26APR05LACSAC,KXNBAGAME-26APR05LACSAC-SAC,NBA,winner,Sacramento,Los Angeles C,1775437200,2026-04-06T01:00:00+00:00,kalshi_milestone_start_date,2026-04-07T04:10:51.217801Z,410ca6c6-c913-4ac8-a0f3-227f325093aa,0,1775447003,,True,944,2026-04-06,train
KXNBAGAME-26APR05HOUGSW,KXNBAGAME-26APR05HOUGSW-GSW,NBA,winner,Golden State,Houston,1775440800,2026-04-06T02:00:00+00:00,kalshi_milestone_start_date,2026-04-07T17:10:55.618921Z,aa4ecd95-4dc1-4f2e-8b49-2000f9776d17,0,1775451093,,True,949,2026-04-06,train
KXNBAGAME-26APR06DETORL,KXNBAGAME-26APR06DETORL-ORL,NBA,winner,Orlando,Detroit,1775516400,2026-04-06T23:00:00+00:00,kalshi_milestone_start_date,2026-04-08T03:46:13.706132Z,ad77f8f7-afba-4f33-aa81-1be6b3c6ef57,1,1775527661,,True,1105,2026-04-06,train
KXNBAGAME-26APR06NYKATL,KXNBAGAME-26APR06NYKATL-ATL,NBA,winner,Atlanta,New York,1775516400,2026-04-06T23:00:00+00:00,kalshi_milestone_start_date,2026-04-08T15:09:59.251622Z,458aea58-eef6-428b-a9fe-ea51a4f8839a,0,1775527361,,True,1134,2026-04-06,train
KXNBAGAME-26APR06CLEMEM,KXNBAGAME-26APR06CLEMEM-MEM,NBA,winner,Memphis,Cleveland,1775520000,2026-04-07T00:00:00+00:00,kalshi_milestone_start_date,2026-04-08T03:46:13.639395Z,c87e7307-cb5e-4535-b738-fff834cf85ee,0,1775529771,,True,1075,2026-04-07,train
KXNBAGAME-26APR06PHISAS,KXNBAGAME-26APR06PHISAS-SAS,NBA,winner,San Antonio,Philadelphia,1775520000,2026-04-07T00:00:00+00:00,kalshi_milestone_start_date,2026-04-08T03:46:13.767448Z,b5ade845-1303-4f19-b968-4c414af3d975,1,1775530531,,True,1274,2026-04-07,train
KXNBAGAME-26APR06PORDEN,KXNBAGAME-26APR06PORDEN-DEN,NBA,winner,Denver,Portland,1775523600,2026-04-07T01:00:00+00:00,kalshi_milestone_start_date,2026-04-08T05:09:19.9859Z,fa57d686-abac-4502-a384-297c5965477e,1,1775534731,,True,1158,2026-04-07,train
KXNBAGAME-26APR07CHIWAS,KXNBAGAME-26APR07CHIWAS-WAS,NBA,winner,Washington,Chicago,1775602800,2026-04-07T23:00:00+00:00,kalshi_milestone_start_date,2026-04-09T02:25:18.571825Z,3f94c3b0-0cd2-47f4-bb05-9c8a7bd56eb6,0,1775612872,,True,955,2026-04-07,train
KXNBAGAME-26APR07MININD,KXNBAGAME-26APR07MININD-IND,NBA,winner,Indiana,Minnesota,1775602800,2026-04-07T23:00:00+00:00,kalshi_milestone_start_date,2026-04-09T02:25:18.560932Z,eca85d83-3fe6-4f82-b6bc-4198feeafb7b,0,1775612582,,True,1087,2026-04-07,train
KXNBAGAME-26APR07MIATOR,KXNBAGAME-26APR07MIATOR-TOR,NBA,winner,Toronto,Miami,1775604600,2026-04-07T23:30:00+00:00,kalshi_milestone_start_date,2026-04-09T04:21:29.244861Z,96076c09-6d5d-4630-b60e-049aa783b257,1,1775613842,,True,1148,2026-04-07,train
KXNBAGAME-26APR07MILBKN,KXNBAGAME-26APR07MILBKN-BKN,NBA,winner,Brooklyn,Milwaukee,1775604600,2026-04-07T23:30:00+00:00,kalshi_milestone_start_date,2026-04-09T04:21:29.237324Z,73613fee-a251-4824-a089-b07246374c93,1,1775614352,,True,881,2026-04-07,train
KXNBAGAME-26APR07CHABOS,KXNBAGAME-26APR07CHABOS-BOS,NBA,winner,Boston,Charlotte,1775606400,2026-04-08T00:00:00+00:00,kalshi_milestone_start_date,2026-04-09T06:10:37.75642Z,d2c8b19c-b546-43c2-a2d0-afd31d6d8988,1,1775615582,,True,1262,2026-04-08,train
KXNBAGAME-26APR07UTANOP,KXNBAGAME-26APR07UTANOP-NOP,NBA,winner,New Orleans,Utah,1775606400,2026-04-08T00:00:00+00:00,kalshi_milestone_start_date,2026-04-09T04:21:29.391179Z,2b64af65-b905-4b71-a2fe-71f0b422ffd7,1,1775615972,,True,753,2026-04-08,train
KXNBAGAME-26APR07SACGSW,KXNBAGAME-26APR07SACGSW-GSW,NBA,winner,Golden State,Sacramento,1775613600,2026-04-08T02:00:00+00:00,kalshi_milestone_start_date,2026-04-09T06:10:37.768255Z,cd357c65-a8c8-4920-b5d2-403b4dd2566d,1,1775623352,,True,1146,2026-04-08,train
KXNBAGAME-26APR07DALLAC,KXNBAGAME-26APR07DALLAC-LAC,NBA,winner,Los Angeles C,Dallas,1775615400,2026-04-08T02:30:00+00:00,kalshi_milestone_start_date,2026-04-09T06:10:37.821643Z,ab64e4cc-d8fb-4fff-8409-9d9413ac76d5,1,1775625332,,True,863,2026-04-08,train
KXNBAGAME-26APR07OKCLAL,KXNBAGAME-26APR07OKCLAL-LAL,NBA,winner,Los Angeles L,Oklahoma City,1775615400,2026-04-08T02:30:00+00:00,kalshi_milestone_start_date,2026-04-09T06:10:37.722096Z,41ab99e8-3b65-4073-9c57-8b3746772e8f,0,1775624372,,True,1423,2026-04-08,train
KXNBAGAME-26APR07HOUPHX,KXNBAGAME-26APR07HOUPHX-PHX,NBA,winner,Phoenix,Houston,1775617200,2026-04-08T03:00:00+00:00,kalshi_milestone_start_date,2026-04-09T16:11:20.530228Z,1ac1028f-3970-4128-b41f-ccd7a6c2c935,0,1775627703,,True,1092,2026-04-08,train
KXNBAGAME-26APR08ATLCLE,KXNBAGAME-26APR08ATLCLE-CLE,NBA,winner,Cleveland,Atlanta,1775689200,2026-04-08T23:00:00+00:00,kalshi_milestone_start_date,2026-04-10T16:59:57.191148Z,a5537eec-87fe-44e8-aa2f-597503629e9e,1,1775699143,,True,1282,2026-04-08,train
KXNBAGAME-26APR08MILDET,KXNBAGAME-26APR08MILDET-DET,NBA,winner,Detroit,Milwaukee,1775689200,2026-04-08T23:00:00+00:00,kalshi_milestone_start_date,2026-04-10T03:22:07.731211Z,2c203cba-5307-4cfb-a3c5-ea76bd414e8a,1,1775699382,,True,1052,2026-04-08,train
KXNBAGAME-26APR08MINORL,KXNBAGAME-26APR08MINORL-ORL,NBA,winner,Orlando,Minnesota,1775689200,2026-04-08T23:00:00+00:00,kalshi_milestone_start_date,2026-04-10T03:22:07.785314Z,ef9ceb3b-a216-4877-bbad-0548519cba2f,1,1775698662,,True,1096,2026-04-08,train
KXNBAGAME-26APR08MEMDEN,KXNBAGAME-26APR08MEMDEN-DEN,NBA,winner,Denver,Memphis,1775696400,2026-04-09T01:00:00+00:00,kalshi_milestone_start_date,2026-04-10T16:59:57.20184Z,a8af9bcd-f920-46bc-ab0f-4e80e17c5601,1,1775705732,,True,926,2026-04-09,train
KXNBAGAME-26APR08PORSAS,KXNBAGAME-26APR08PORSAS-SAS,NBA,winner,San Antonio,Portland,1775698200,2026-04-09T01:30:00+00:00,kalshi_milestone_start_date,2026-04-10T14:11:22.535014Z,b619f56c-3803-4104-a0d6-cf67ca7cd5b3,1,1775708162,,True,1313,2026-04-09,train
KXNBAGAME-26APR08DALPHX,KXNBAGAME-26APR08DALPHX-PHX,NBA,winner,Phoenix,Dallas,1775700000,2026-04-09T02:00:00+00:00,kalshi_milestone_start_date,2026-04-10T07:10:51.214424Z,f24213dc-b706-4687-8cf8-b4550868dfd1,1,1775709742,,True,943,2026-04-09,train
KXNBAGAME-26APR08OKCLAC,KXNBAGAME-26APR08OKCLAC-LAC,NBA,winner,Los Angeles C,Oklahoma City,1775700000,2026-04-09T02:00:00+00:00,kalshi_milestone_start_date,2026-04-10T07:10:51.217116Z,7383b19a-6995-4cae-852b-ee2f066043fc,0,1775709352,,True,1093,2026-04-09,train
KXNBAGAME-26APR09CHIWAS,KXNBAGAME-26APR09CHIWAS-WAS,NBA,winner,Washington,Chicago,1775775600,2026-04-09T23:00:00+00:00,kalshi_milestone_start_date,2026-04-11T14:03:54.354073Z,fc11c917-7813-4131-ae25-8cd6dc491b9b,0,1775785074,,True,698,2026-04-09,train
KXNBAGAME-26APR09MIATOR,KXNBAGAME-26APR09MIATOR-TOR,NBA,winner,Toronto,Miami,1775775600,2026-04-09T23:00:00+00:00,kalshi_milestone_start_date,2026-04-11T02:49:38.698613Z,e74d4641-f16c-478b-bc2e-e06a9bff4d55,1,1775785664,,True,1141,2026-04-09,train
KXNBAGAME-26APR09BOSNYK,KXNBAGAME-26APR09BOSNYK-NYK,NBA,winner,New York,Boston,1775777400,2026-04-09T23:30:00+00:00,kalshi_milestone_start_date,2026-04-11T14:59:34.675503Z,252c5bab-4f68-4e38-be20-bdf26783c944,1,1775786624,,True,1141,2026-04-09,train
KXNBAGAME-26APR09INDBKN,KXNBAGAME-26APR09INDBKN-BKN,NBA,winner,Brooklyn,Indiana,1775777400,2026-04-09T23:30:00+00:00,kalshi_milestone_start_date,2026-04-11T02:49:38.714255Z,39056db6-caca-4381-b8f2-079967b92990,0,1775786384,,True,982,2026-04-09,train
KXNBAGAME-26APR09PHIHOU,KXNBAGAME-26APR09PHIHOU-HOU,NBA,winner,Houston,Philadelphia,1775779200,2026-04-10T00:00:00+00:00,kalshi_milestone_start_date,2026-04-11T04:57:37.586347Z,1c20c034-7d24-4fa9-831a-41c3721ed40e,1,1775789534,,True,1133,2026-04-10,train
KXNBAGAME-26APR09LALGSW,KXNBAGAME-26APR09LALGSW-GSW,NBA,winner,Golden State,Los Angeles L,1775786400,2026-04-10T02:00:00+00:00,kalshi_milestone_start_date,2026-04-11T14:59:34.67006Z,c8240e91-aee6-44af-b77c-f60a49105fc2,0,1775795974,,True,1217,2026-04-10,train
KXNBAGAME-26APR10CLEATL,KXNBAGAME-26APR10CLEATL-ATL,NBA,winner,Atlanta,Cleveland,1775862000,2026-04-10T23:00:00+00:00,kalshi_milestone_start_date,2026-04-14T16:58:33.756776Z,a6cac80b-3b21-440d-be06-7432fea23b73,1,1775871589,,True,1166,2026-04-10,train
KXNBAGAME-26APR10DETCHA,KXNBAGAME-26APR10DETCHA-CHA,NBA,winner,Charlotte,Detroit,1775862000,2026-04-10T23:00:00+00:00,kalshi_milestone_start_date,2026-04-12T03:57:37.718279Z,69f2a537-e7e6-44d6-8fdf-8d112221d7b5,0,1775872090,,True,1248,2026-04-10,train
KXNBAGAME-26APR10MIAWAS,KXNBAGAME-26APR10MIAWAS-WAS,NBA,winner,Washington,Miami,1775862000,2026-04-10T23:00:00+00:00,kalshi_milestone_start_date,2026-04-12T03:57:37.654056Z,5ea0e628-b781-4102-9817-e43d067e12a1,0,1775871589,,True,1194,2026-04-10,train
KXNBAGAME-26APR10NOPBOS,KXNBAGAME-26APR10NOPBOS-BOS,NBA,winner,Boston,New Orleans,1775863800,2026-04-10T23:30:00+00:00,kalshi_milestone_start_date,2026-04-12T02:57:37.592439Z,b8264690-5d70-49e5-8dfd-6dbac6c5d6a4,1,1775873000,,True,977,2026-04-10,train
KXNBAGAME-26APR10PHIIND,KXNBAGAME-26APR10PHIIND-IND,NBA,winner,Indiana,Philadelphia,1775863800,2026-04-10T23:30:00+00:00,kalshi_milestone_start_date,2026-04-12T03:57:37.642737Z,55bbc68e-fd3e-444e-b098-e20fcaacddac,0,1775872783,,True,1143,2026-04-10,train
KXNBAGAME-26APR10TORNYK,KXNBAGAME-26APR10TORNYK-NYK,NBA,winner,New York,Toronto,1775863800,2026-04-10T23:30:00+00:00,kalshi_milestone_start_date,2026-04-12T03:57:37.623649Z,fd540e78-d459-4687-b79c-9ee0f66748b5,1,1775873050,,True,1162,2026-04-10,train
KXNBAGAME-26APR10BKNMIL,KXNBAGAME-26APR10BKNMIL-MIL,NBA,winner,Milwaukee,Brooklyn,1775865600,2026-04-11T00:00:00+00:00,kalshi_milestone_start_date,2026-04-12T03:57:37.724215Z,f6ff9b19-9462-4d62-9f23-947cd9ab7083,1,1775874960,,True,909,2026-04-11,train
KXNBAGAME-26APR10DALSAS,KXNBAGAME-26APR10DALSAS-SAS,NBA,winner,San Antonio,Dallas,1775865600,2026-04-11T00:00:00+00:00,kalshi_milestone_start_date,2026-04-12T02:57:37.687415Z,ea8d4b25-a505-45ae-b15d-60725a8775c9,1,1775874959,,True,858,2026-04-11,train
KXNBAGAME-26APR10ORLCHI,KXNBAGAME-26APR10ORLCHI-CHI,NBA,winner,Chicago,Orlando,1775865600,2026-04-11T00:00:00+00:00,kalshi_milestone_start_date,2026-04-12T02:57:37.628281Z,0e7c8995-3767-4cda-8338-c242951dcfda,0,1775875110,,True,945,2026-04-11,train
KXNBAGAME-26APR10OKCDEN,KXNBAGAME-26APR10OKCDEN-DEN,NBA,winner,Denver,Oklahoma City,1775869200,2026-04-11T01:00:00+00:00,kalshi_milestone_start_date,2026-04-12T04:57:37.58643Z,c19e2f1a-6aaa-4d3f-a947-6a10ec8313dc,1,1775878020,,True,1202,2026-04-11,train
KXNBAGAME-26APR10MEMUTA,KXNBAGAME-26APR10MEMUTA-UTA,NBA,winner,Utah,Memphis,1775871000,2026-04-11T01:30:00+00:00,kalshi_milestone_start_date,2026-04-12T04:57:37.580249Z,f0d555f2-4eac-4337-a242-13b61b8c0338,1,1775880140,,True,854,2026-04-11,train
KXNBAGAME-26APR10MINHOU,KXNBAGAME-26APR10MINHOU-HOU,NBA,winner,Houston,Minnesota,1775871000,2026-04-11T01:30:00+00:00,kalshi_milestone_start_date,2026-04-12T13:58:09.539932Z,12f8f059-9b40-4e61-8743-adbd7d083ab3,0,1775881190,,True,1041,2026-04-11,train
KXNBAGAME-26APR10GSWSAC,KXNBAGAME-26APR10GSWSAC-SAC,NBA,winner,Sacramento,Golden State,1775872800,2026-04-11T02:00:00+00:00,kalshi_milestone_start_date,2026-04-12T05:58:32.209783Z,f37fbad8-655c-4c29-85ea-d48a0bc2d694,1,1775883780,,True,1080,2026-04-11,train
KXNBAGAME-26APR10LACPOR,KXNBAGAME-26APR10LACPOR-POR,NBA,winner,Portland,Los Angeles C,1775872800,2026-04-11T02:00:00+00:00,kalshi_milestone_start_date,2026-04-12T05:58:32.187568Z,785c51e5-253a-49b1-acdf-96c80de13c40,1,1775882540,,True,1097,2026-04-11,train
KXNBAGAME-26APR10PHXLAL,KXNBAGAME-26APR10PHXLAL-LAL,NBA,winner,Los Angeles L,Phoenix,1775874600,2026-04-11T02:30:00+00:00,kalshi_milestone_start_date,2026-04-12T05:58:32.212505Z,5d81e289-a35d-480d-ae2e-52c4da08e72a,1,1775885019,,True,1300,2026-04-11,train
KXNBAGAME-26APR12ATLMIA,KXNBAGAME-26APR12ATLMIA-MIA,NBA,winner,Miami,Atlanta,1776031200,2026-04-12T22:00:00+00:00,kalshi_milestone_start_date,2026-04-14T01:57:37.595959Z,be041e88-d336-4c98-8355-9de8e24ac092,1,1776040160,,True,1144,2026-04-12,train
KXNBAGAME-26APR12BKNTOR,KXNBAGAME-26APR12BKNTOR-TOR,NBA,winner,Toronto,Brooklyn,1776031200,2026-04-12T22:00:00+00:00,kalshi_milestone_start_date,2026-04-14T00:57:37.574669Z,a853e72e-847a-4b54-afab-0ad1249e2705,1,1776040930,,True,813,2026-04-12,train
KXNBAGAME-26APR12CHANYK,KXNBAGAME-26APR12CHANYK-NYK,NBA,winner,New York,Charlotte,1776031200,2026-04-12T22:00:00+00:00,kalshi_milestone_start_date,2026-04-14T00:57:37.615924Z,96a499cb-88a5-4d72-8669-8e0162a77a95,0,1776040520,,True,1476,2026-04-12,train
KXNBAGAME-26APR12DETIND,KXNBAGAME-26APR12DETIND-IND,NBA,winner,Indiana,Detroit,1776031200,2026-04-12T22:00:00+00:00,kalshi_milestone_start_date,2026-04-14T01:57:37.579552Z,b830172d-270b-44db-aa93-e85fdcc5881c,0,1776040640,,True,785,2026-04-12,train
KXNBAGAME-26APR12MILPHI,KXNBAGAME-26APR12MILPHI-PHI,NBA,winner,Philadelphia,Milwaukee,1776031200,2026-04-12T22:00:00+00:00,kalshi_milestone_start_date,2026-04-14T00:57:37.622535Z,87592994-649e-485e-a87a-6649d593a90d,1,1776039929,,True,1074,2026-04-12,train
KXNBAGAME-26APR12ORLBOS,KXNBAGAME-26APR12ORLBOS-BOS,NBA,winner,Boston,Orlando,1776031200,2026-04-12T22:00:00+00:00,kalshi_milestone_start_date,2026-04-21T15:18:57.288227Z,1526b914-46f8-4f80-a0c8-2a5068c98dc4,1,1776041720,,True,1472,2026-04-12,train
KXNBAGAME-26APR12WASCLE,KXNBAGAME-26APR12WASCLE-CLE,NBA,winner,Cleveland,Washington,1776031200,2026-04-12T22:00:00+00:00,kalshi_milestone_start_date,2026-04-14T00:57:37.584313Z,9d6f3d1d-f3ef-4164-a0a9-a666532b943f,1,1776040049,,True,905,2026-04-12,train
KXNBAGAME-26APR12CHIDAL,KXNBAGAME-26APR12CHIDAL-DAL,NBA,winner,Dallas,Chicago,1776040200,2026-04-13T00:30:00+00:00,kalshi_milestone_start_date,2026-04-14T03:58:41.89135Z,909ef743-feee-4fd5-a3b0-e119d924f5fe,1,1776049390,,True,703,2026-04-13,train
KXNBAGAME-26APR12DENSAS,KXNBAGAME-26APR12DENSAS-SAS,NBA,winner,San Antonio,Denver,1776040200,2026-04-13T00:30:00+00:00,kalshi_milestone_start_date,2026-04-14T06:57:53.595768Z,a07651b2-f694-4469-b0ef-79c2856f2372,0,1776049630,,True,951,2026-04-13,train
KXNBAGAME-26APR12GSWLAC,KXNBAGAME-26APR12GSWLAC-LAC,NBA,winner,Los Angeles C,Golden State,1776040200,2026-04-13T00:30:00+00:00,kalshi_milestone_start_date,2026-04-14T03:58:41.881625Z,ba84edc3-4971-45c0-8747-25ce2f0187e5,1,1776049750,,True,816,2026-04-13,train
KXNBAGAME-26APR12MEMHOU,KXNBAGAME-26APR12MEMHOU-HOU,NBA,winner,Houston,Memphis,1776040200,2026-04-13T00:30:00+00:00,kalshi_milestone_start_date,2026-04-14T03:58:41.854877Z,14f65ad4-28c0-4800-8249-2d48d28f5b07,1,1776049320,,True,1155,2026-04-13,train
KXNBAGAME-26APR12NOPMIN,KXNBAGAME-26APR12NOPMIN-MIN,NBA,winner,Minnesota,New Orleans,1776040200,2026-04-13T00:30:00+00:00,kalshi_milestone_start_date,2026-04-14T03:58:41.873329Z,fbbdb614-df6f-40d1-b520-bc98be8b44ec,1,1776050489,,True,1221,2026-04-13,train
KXNBAGAME-26APR12PHXOKC,KXNBAGAME-26APR12PHXOKC-OKC,NBA,winner,Oklahoma City,Phoenix,1776040200,2026-04-13T00:30:00+00:00,kalshi_milestone_start_date,2026-04-14T02:57:37.570056Z,85029a21-1634-4852-972c-376d0fd4096c,0,1776048440,,True,1048,2026-04-13,train
KXNBAGAME-26APR12SACPOR,KXNBAGAME-26APR12SACPOR-POR,NBA,winner,Portland,Sacramento,1776040200,2026-04-13T00:30:00+00:00,kalshi_milestone_start_date,2026-04-14T03:58:41.870719Z,2a6a3a16-7f04-4d7e-97eb-6ea058edac27,1,1776049750,,True,658,2026-04-13,train
KXNBAGAME-26APR12UTALAL,KXNBAGAME-26APR12UTALAL-LAL,NBA,winner,Los Angeles L,Utah,1776040200,2026-04-13T00:30:00+00:00,kalshi_milestone_start_date,2026-04-14T03:58:41.851294Z,564eb625-afa1-4ea4-823d-01f185b1c02c,1,1776049040,,True,1186,2026-04-13,train
KXNBAGAME-26APR14MIACHA,KXNBAGAME-26APR14MIACHA-CHA,NBA,winner,Charlotte,Miami,1776209400,2026-04-14T23:30:00+00:00,kalshi_milestone_start_date,2026-04-16T03:41:58.593056Z,f5b6e77a-3ce2-44a4-8e32-bc2d817a3611,1,1776219840,,True,1488,2026-04-14,train
KXNBAGAME-26APR14PORPHX,KXNBAGAME-26APR14PORPHX-PHX,NBA,winner,Phoenix,Portland,1776218400,2026-04-15T02:00:00+00:00,kalshi_milestone_start_date,2026-04-16T06:28:34.952599Z,e0144d0e-0a08-48dc-8c59-c3940435253b,0,1776228570,,True,1473,2026-04-15,train
KXNBAGAME-26APR15ORLPHI,KXNBAGAME-26APR15ORLPHI-PHI,NBA,winner,Philadelphia,Orlando,1776295800,2026-04-15T23:30:00+00:00,kalshi_milestone_start_date,2026-04-17T14:19:32.464886Z,59e35d88-0b14-4042-aea9-6f75972731bb,1,1776305810,,True,1248,2026-04-15,train
KXNBAGAME-26APR15GSWLAC,KXNBAGAME-26APR15GSWLAC-LAC,NBA,winner,Los Angeles C,Golden State,1776304800,2026-04-16T02:00:00+00:00,kalshi_milestone_start_date,2026-04-17T14:19:32.495009Z,11f8c61a-1fee-4a25-aef6-fbb174611b92,0,1776314910,,True,1335,2026-04-16,train
KXNBAGAME-26APR17CHAORL,KXNBAGAME-26APR17CHAORL-ORL,NBA,winner,Orlando,Charlotte,1776468600,2026-04-17T23:30:00+00:00,kalshi_milestone_start_date,2026-04-19T19:18:57.419853Z,c183808b-e417-4422-915d-9effcd7317c7,1,1776479094,1776479400.0,True,1289,2026-04-17,train
KXNBAGAME-26APR17GSWPHX,KXNBAGAME-26APR17GSWPHX-PHX,NBA,winner,Phoenix,Golden State,1776477600,2026-04-18T02:00:00+00:00,kalshi_milestone_start_date,2026-04-19T19:18:57.431173Z,d97f41cf-a433-4b30-92b8-11f257437256,1,1776488034,1776488400.0,True,1197,2026-04-18,train
KXNBAGAME-26APR18TORCLE,KXNBAGAME-26APR18TORCLE-CLE,NBA,winner,Cleveland,Toronto,1776531600,2026-04-18T17:00:00+00:00,kalshi_milestone_start_date,2026-04-21T01:20:50.207246Z,199b5a7c-e695-48ae-9b9e-d06044d9796f,1,1776541944,,True,1037,2026-04-18,train
KXNBAGAME-26APR18MINDEN,KXNBAGAME-26APR18MINDEN-DEN,NBA,winner,Denver,Minnesota,1776540600,2026-04-18T19:30:00+00:00,kalshi_milestone_start_date,2026-04-21T01:20:50.188622Z,98e4d52f-75cc-4499-9f2d-c8f45d94d0bc,1,1776550654,1776551400.0,True,1084,2026-04-18,train
KXNBAGAME-26APR18ATLNYK,KXNBAGAME-26APR18ATLNYK-NYK,NBA,winner,New York,Atlanta,1776549600,2026-04-18T22:00:00+00:00,kalshi_milestone_start_date,2026-04-21T01:20:50.177702Z,2b27f8ef-756e-45e8-af9f-1e953ae22fcd,1,1776559937,1776560400.0,True,1113,2026-04-18,train
KXNBAGAME-26APR18HOULAL,KXNBAGAME-26APR18HOULAL-LAL,NBA,winner,Los Angeles L,Houston,1776558600,2026-04-19T00:30:00+00:00,kalshi_milestone_start_date,2026-04-21T01:20:50.201936Z,18b15ed7-a151-4bf1-b7d9-4677d8f59ff5,1,1776568974,1776569400.0,True,1362,2026-04-19,validation
KXNBAGAME-26APR19PHIBOS,KXNBAGAME-26APR19PHIBOS-BOS,NBA,winner,Boston,Philadelphia,1776618000,2026-04-19T17:00:00+00:00,kalshi_milestone_start_date,2026-04-22T01:12:48.593719Z,d49d3432-05b2-476f-ae4b-e0f911d01de8,1,1776627434,1776628800.0,True,1220,2026-04-19,validation
KXNBAGAME-26APR19PHXOKC,KXNBAGAME-26APR19PHXOKC-OKC,NBA,winner,Oklahoma City,Phoenix,1776627000,2026-04-19T19:30:00+00:00,kalshi_milestone_start_date,2026-04-22T01:12:48.574705Z,b12fc58a-2492-4df6-b246-9638b41d38c3,1,1776636554,1776637800.0,True,1083,2026-04-19,validation
KXNBAGAME-26APR19ORLDET,KXNBAGAME-26APR19ORLDET-DET,NBA,winner,Detroit,Orlando,1776637800,2026-04-19T22:30:00+00:00,kalshi_milestone_start_date,2026-04-22T01:12:48.588734Z,e3f894ec-0a62-4ea0-b65b-06aa0f3c3815,0,1776647324,1776648600.0,True,1162,2026-04-19,validation
KXNBAGAME-26APR19PORSAS,KXNBAGAME-26APR19PORSAS-SAS,NBA,winner,San Antonio,Portland,1776646800,2026-04-20T01:00:00+00:00,kalshi_milestone_start_date,2026-04-21T14:18:57.376977Z,650dd1b9-e604-492b-9251-8eeb02d55a99,1,1776656841,1776657600.0,True,1274,2026-04-20,validation
KXNBAGAME-26APR20TORCLE,KXNBAGAME-26APR20TORCLE-CLE,NBA,winner,Cleveland,Toronto,1776726000,2026-04-20T23:00:00+00:00,kalshi_milestone_start_date,2026-04-22T15:12:48.59274Z,644bfcef-c5a6-44f1-909d-1d114b73a8f4,1,1776735545,1776736800.0,True,1314,2026-04-20,validation
KXNBAGAME-26APR20ATLNYK,KXNBAGAME-26APR20ATLNYK-NYK,NBA,winner,New York,Atlanta,1776729600,2026-04-21T00:00:00+00:00,kalshi_milestone_start_date,2026-04-22T15:12:48.595708Z,85cc2065-3241-4196-b8ed-0e43c6e69859,0,1776739703,1776740400.0,True,1322,2026-04-21,validation
KXNBAGAME-26APR20MINDEN,KXNBAGAME-26APR20MINDEN-DEN,NBA,winner,Denver,Minnesota,1776738600,2026-04-21T02:30:00+00:00,kalshi_milestone_start_date,2026-04-22T15:12:48.589787Z,294eb2da-2123-4bf0-aa14-d59e066bfd48,0,1776749353,1776749400.0,True,1279,2026-04-21,validation
KXNBAGAME-26APR21PHIBOS,KXNBAGAME-26APR21PHIBOS-BOS,NBA,winner,Boston,Philadelphia,1776812400,2026-04-21T23:00:00+00:00,kalshi_milestone_start_date,2026-04-23T14:14:47.417565Z,3693a346-baa9-42b9-a8f2-3404cff9f894,0,1776821443,1776823200.0,True,1331,2026-04-21,validation
KXNBAGAME-26APR21PORSAS,KXNBAGAME-26APR21PORSAS-SAS,NBA,winner,San Antonio,Portland,1776816000,2026-04-22T00:00:00+00:00,kalshi_milestone_start_date,2026-04-23T03:53:08.132491Z,ec3df46f-2dbd-43cf-9337-9e88a1b0855c,0,1776825803,1776826800.0,True,1337,2026-04-22,validation
KXNBAGAME-26APR21HOULAL,KXNBAGAME-26APR21HOULAL-LAL,NBA,winner,Los Angeles L,Houston,1776825000,2026-04-22T02:30:00+00:00,kalshi_milestone_start_date,2026-04-23T07:01:57.071854Z,e0340725-dd64-4acc-87f6-3d7d3129b9ac,1,1776835203,1776835800.0,True,1475,2026-04-22,validation
KXNBAGAME-26APR22ORLDET,KXNBAGAME-26APR22ORLDET-DET,NBA,winner,Detroit,Orlando,1776898800,2026-04-22T23:00:00+00:00,kalshi_milestone_start_date,2026-05-02T04:17:41.624047Z,afb62909-f72f-4bd1-ba74-1e3a65ddd114,1,1776909133,1776909600.0,True,1347,2026-04-22,validation
KXNBAGAME-26APR22PHXOKC,KXNBAGAME-26APR22PHXOKC-OKC,NBA,winner,Oklahoma City,Phoenix,1776907800,2026-04-23T01:30:00+00:00,kalshi_milestone_start_date,2026-04-29T05:18:50.185675Z,35439a20-61c9-44b1-a14e-e11bde5251d2,1,1776918233,1776918600.0,True,1328,2026-04-23,validation
KXNBAGAME-26APR23NYKATL,KXNBAGAME-26APR23NYKATL-ATL,NBA,winner,Atlanta,New York,1776985200,2026-04-23T23:00:00+00:00,kalshi_milestone_start_date,2026-04-25T14:36:15.833489Z,82a18926-562b-410e-8997-6998bd8404cc,1,1776995244,1776994543.0,True,1255,2026-04-23,validation
KXNBAGAME-26APR23CLETOR,KXNBAGAME-26APR23CLETOR-TOR,NBA,winner,Toronto,Cleveland,1776988800,2026-04-24T00:00:00+00:00,kalshi_milestone_start_date,2026-05-02T04:17:41.635282Z,199ead96-82e2-41ab-a54c-24f3a6db14a2,1,1776998184,1776997409.0,True,1017,2026-04-24,validation
KXNBAGAME-26APR23DENMIN,KXNBAGAME-26APR23DENMIN-MIN,NBA,winner,Minnesota,Denver,1776994200,2026-04-24T01:30:00+00:00,kalshi_milestone_start_date,2026-04-25T14:36:15.829777Z,e8e66efc-3847-4a32-8ea5-4194835d65a1,1,1777004094,1777003388.0,True,1313,2026-04-24,validation
KXNBAGAME-26APR24BOSPHI,KXNBAGAME-26APR24BOSPHI-PHI,NBA,winner,Philadelphia,Boston,1777071600,2026-04-24T23:00:00+00:00,kalshi_milestone_start_date,2026-04-26T17:37:39.690514Z,f83e2442-93ff-4c56-8120-0fc97166ee52,0,1777081620,1777082400.0,True,1306,2026-04-24,validation
KXNBAGAME-26APR24LALHOU,KXNBAGAME-26APR24LALHOU-HOU,NBA,winner,Houston,Los Angeles L,1777075200,2026-04-25T00:00:00+00:00,kalshi_milestone_start_date,2026-04-26T17:37:39.634154Z,da987eed-fb3c-4c8b-b274-d6dcf5bd2bdb,0,1777086670,1777085548.0,True,1341,2026-04-25,validation
KXNBAGAME-26APR24SASPOR,KXNBAGAME-26APR24SASPOR-POR,NBA,winner,Portland,San Antonio,1777084200,2026-04-25T02:30:00+00:00,kalshi_milestone_start_date,2026-04-26T17:37:39.650466Z,d49305aa-c538-45af-a812-2df312509569,0,1777095160,1777093827.0,True,1395,2026-04-25,validation
KXNBAGAME-26APR25DETORL,KXNBAGAME-26APR25DETORL-ORL,NBA,winner,Orlando,Detroit,1777136400,2026-04-25T17:00:00+00:00,kalshi_milestone_start_date,2026-05-10T17:27:26.117799Z,b0930566-4c18-48f2-bcaa-63b7fa530441,1,1777146900,1777147200.0,True,1146,2026-04-25,validation
KXNBAGAME-26APR25OKCPHX,KXNBAGAME-26APR25OKCPHX-PHX,NBA,winner,Phoenix,Oklahoma City,1777145400,2026-04-25T19:30:00+00:00,kalshi_milestone_start_date,2026-04-29T05:18:50.14918Z,0df91d09-59f0-4d5d-8db2-7c9fc39fb4a7,0,1777154988,1777156200.0,True,1351,2026-04-25,validation
KXNBAGAME-26APR25NYKATL,KXNBAGAME-26APR25NYKATL-ATL,NBA,winner,Atlanta,New York,1777154400,2026-04-25T22:00:00+00:00,kalshi_milestone_start_date,2026-04-27T19:12:06.191404Z,7a46ad84-fbe3-4fc9-9d35-e50b3c96b8fe,0,1777164790,1777164045.0,True,1201,2026-04-25,validation
KXNBAGAME-26APR25DENMIN,KXNBAGAME-26APR25DENMIN-MIN,NBA,winner,Minnesota,Denver,1777163400,2026-04-26T00:30:00+00:00,kalshi_milestone_start_date,2026-04-28T02:41:43.332292Z,17d00430-0a3b-4632-914b-8a276d2d8bb6,1,1777173910,1777173239.0,True,1240,2026-04-26,validation
KXNBAGAME-26APR26CLETOR,KXNBAGAME-26APR26CLETOR-TOR,NBA,winner,Toronto,Cleveland,1777222800,2026-04-26T17:00:00+00:00,kalshi_milestone_start_date,2026-04-28T17:41:59.111079Z,84afc13d-3944-4434-bc06-75d5763f39a9,1,1777233380,1777232514.0,True,1188,2026-04-26,validation
KXNBAGAME-26APR26SASPOR,KXNBAGAME-26APR26SASPOR-POR,NBA,winner,Portland,San Antonio,1777231800,2026-04-26T19:30:00+00:00,kalshi_milestone_start_date,2026-04-29T19:42:02.070833Z,31932dea-c08e-44e9-a831-7ff02e777573,0,1777242220,1777241545.0,True,1296,2026-04-26,validation
KXNBAGAME-26APR26BOSPHI,KXNBAGAME-26APR26BOSPHI-PHI,NBA,winner,Philadelphia,Boston,1777244400,2026-04-26T23:00:00+00:00,kalshi_milestone_start_date,2026-04-28T15:39:55.60331Z,962035e3-3709-4dab-9633-7e3e2aeab942,0,1777253900,1777255200.0,True,1295,2026-04-26,validation
KXNBAGAME-26APR26LALHOU,KXNBAGAME-26APR26LALHOU-HOU,NBA,winner,Houston,Los Angeles L,1777253400,2026-04-27T01:30:00+00:00,kalshi_milestone_start_date,2026-04-28T15:39:55.614496Z,b7196248-fbb3-4202-8f08-99ce283d241c,1,1777263480,1777262810.0,True,1196,2026-04-27,validation
KXNBAGAME-26APR27DETORL,KXNBAGAME-26APR27DETORL-ORL,NBA,winner,Orlando,Detroit,1777334400,2026-04-28T00:00:00+00:00,kalshi_milestone_start_date,2026-05-02T04:17:41.595742Z,33c13fba-3432-4e6c-95d7-2e2fcf8825d8,1,1777345129,1777345200.0,True,1318,2026-04-28,validation
KXNBAGAME-26APR27OKCPHX,KXNBAGAME-26APR27OKCPHX-PHX,NBA,winner,Phoenix,Oklahoma City,1777339800,2026-04-28T01:30:00+00:00,kalshi_milestone_start_date,2026-04-29T14:40:25.433787Z,367ba89f-5ec6-4bd7-bb0f-c96480ff1ad4,0,1777349939,1777350600.0,True,1300,2026-04-28,validation
KXNBAGAME-26APR27MINDEN,KXNBAGAME-26APR27MINDEN-DEN,NBA,winner,Denver,Minnesota,1777343400,2026-04-28T02:30:00+00:00,kalshi_milestone_start_date,2026-04-29T14:40:25.440776Z,4430e1ef-6726-45d6-a0e0-d607cb3d3c21,1,1777353799,1777354200.0,True,1239,2026-04-28,validation
KXNBAGAME-26APR28PHIBOS,KXNBAGAME-26APR28PHIBOS-BOS,NBA,winner,Boston,Philadelphia,1777417200,2026-04-28T23:00:00+00:00,kalshi_milestone_start_date,2026-04-30T14:15:06.014057Z,658f0dbb-db04-418a-8308-a390fa5a278c,0,1777426524,1777428000.0,True,1220,2026-04-28,validation
KXNBAGAME-26APR28ATLNYK,KXNBAGAME-26APR28ATLNYK-NYK,NBA,winner,New York,Atlanta,1777420800,2026-04-29T00:00:00+00:00,kalshi_milestone_start_date,2026-04-30T14:15:06.040406Z,6c937ee0-13a3-4521-965c-309ddac503cd,1,1777430924,1777431600.0,True,1463,2026-04-29,validation
KXNBAGAME-26APR28PORSAS,KXNBAGAME-26APR28PORSAS-SAS,NBA,winner,San Antonio,Portland,1777426200,2026-04-29T01:30:00+00:00,kalshi_milestone_start_date,2026-04-30T14:15:05.989981Z,334548ce-7b34-4d78-962b-b13f0bba9c89,1,1777436884,1777437000.0,True,1218,2026-04-29,validation
KXNBAGAME-26APR29ORLDET,KXNBAGAME-26APR29ORLDET-DET,NBA,winner,Detroit,Orlando,1777503600,2026-04-29T23:00:00+00:00,kalshi_milestone_start_date,2026-05-01T16:15:11.498501Z,d5d887be-6f8d-4eff-ae5f-47d984209557,1,1777513464,1777514400.0,True,1187,2026-04-29,validation
KXNBAGAME-26APR29TORCLE,KXNBAGAME-26APR29TORCLE-CLE,NBA,winner,Cleveland,Toronto,1777505400,2026-04-29T23:30:00+00:00,kalshi_milestone_start_date,2026-05-01T16:15:11.487013Z,69391a79-39fd-4c62-a734-4bf864ddbd6a,1,1777515574,1777516200.0,True,1106,2026-04-29,validation
KXNBAGAME-26APR29HOULAL,KXNBAGAME-26APR29HOULAL-LAL,NBA,winner,Los Angeles L,Houston,1777514400,2026-04-30T02:00:00+00:00,kalshi_milestone_start_date,2026-05-01T16:15:11.518101Z,3c1b637a-7a46-42b8-a62c-6931e5fc50e4,0,1777524564,1777525200.0,True,1459,2026-04-30,validation
KXNBAGAME-26APR30NYKATL,KXNBAGAME-26APR30NYKATL-ATL,NBA,winner,Atlanta,New York,1777590000,2026-04-30T23:00:00+00:00,kalshi_milestone_start_date,2026-05-02T15:19:22.009509Z,29851e19-ffdb-4a68-8535-a171c65eee61,0,1777599916,1777599600.0,True,1159,2026-04-30,validation
KXNBAGAME-26APR30BOSPHI,KXNBAGAME-26APR30BOSPHI-PHI,NBA,winner,Philadelphia,Boston,1777593600,2026-05-01T00:00:00+00:00,kalshi_milestone_start_date,2026-05-02T15:19:22.00366Z,c9244070-f6e4-4afd-a7b6-36bbc6871a0b,1,1777602807,1777602600.0,True,1189,2026-05-01,validation
KXNBAGAME-26APR30DENMIN,KXNBAGAME-26APR30DENMIN-MIN,NBA,winner,Minnesota,Denver,1777599000,2026-05-01T01:30:00+00:00,kalshi_milestone_start_date,2026-05-02T15:19:22.075533Z,77d53b3d-e0ee-4661-95c5-afa496f598d7,1,1777609457,1777609200.0,True,1255,2026-05-01,validation
KXNBAGAME-26MAY01DETORL,KXNBAGAME-26MAY01DETORL-ORL,NBA,winner,Orlando,Detroit,1777676400,2026-05-01T23:00:00+00:00,kalshi_milestone_start_date,2026-05-03T18:13:37.781389Z,5c29f690-6bcc-4998-86e9-0b69ed7c0ef0,0,1777686227,1777686000.0,True,1366,2026-05-01,validation
KXNBAGAME-26MAY01CLETOR,KXNBAGAME-26MAY01CLETOR-TOR,NBA,winner,Toronto,Cleveland,1777678200,2026-05-01T23:30:00+00:00,kalshi_milestone_start_date,2026-05-03T03:16:50.337831Z,9e4e8adb-b7aa-4238-8d9a-3c66fcd677d0,1,1777689307,1777689000.0,True,1333,2026-05-01,validation
KXNBAGAME-26MAY01LALHOU,KXNBAGAME-26MAY01LALHOU-HOU,NBA,winner,Houston,Los Angeles L,1777685400,2026-05-02T01:30:00+00:00,kalshi_milestone_start_date,2026-05-03T06:14:37.610108Z,372ee29b-7049-48e2-bc9f-23038dabcefe,0,1777695547,1777696200.0,True,1294,2026-05-02,validation
KXNBAGAME-26MAY04PHINYK,KXNBAGAME-26MAY04PHINYK-NYK,NBA,winner,New York,Philadelphia,1777939200,2026-05-05T00:00:00+00:00,kalshi_milestone_start_date,2026-05-06T17:14:54.66175Z,180c1cd9-e3fb-426a-9053-bef5165a9a0a,1,1777949301,1777950000.0,True,1362,2026-05-05,validation
KXNBAGAME-26MAY04MINSAS,KXNBAGAME-26MAY04MINSAS-SAS,NBA,winner,San Antonio,Minnesota,1777944600,2026-05-05T01:30:00+00:00,kalshi_milestone_start_date,2026-05-06T17:14:54.647891Z,946388c0-9211-4e57-8edb-f82e44540aa9,0,1777954552,1777954200.0,True,1477,2026-05-05,validation
KXNBAGAME-26MAY05CLEDET,KXNBAGAME-26MAY05CLEDET-DET,NBA,winner,Detroit,Cleveland,1778022000,2026-05-05T23:00:00+00:00,kalshi_milestone_start_date,2026-05-07T16:30:02.099503Z,24aee02e-9086-4c29-8e76-4148b999180f,1,1778031641,1778032800.0,True,1305,2026-05-05,validation
KXNBAGAME-26MAY05LALOKC,KXNBAGAME-26MAY05LALOKC-OKC,NBA,winner,Oklahoma City,Los Angeles L,1778027400,2026-05-06T00:30:00+00:00,kalshi_milestone_start_date,2026-05-07T16:30:02.108757Z,d1a73501-ff6f-4988-99f9-de193f8f9222,1,1778036862,1778038200.0,True,1352,2026-05-06,validation
KXNBAGAME-26MAY06PHINYK,KXNBAGAME-26MAY06PHINYK-NYK,NBA,winner,New York,Philadelphia,1778108400,2026-05-06T23:00:00+00:00,kalshi_milestone_start_date,2026-05-11T01:29:05.166867Z,0f6fb7e1-3e43-4897-b96a-5e296dc6ea42,1,1778118882,1778119200.0,True,1377,2026-05-06,validation
KXNBAGAME-26MAY06MINSAS,KXNBAGAME-26MAY06MINSAS-SAS,NBA,winner,San Antonio,Minnesota,1778117400,2026-05-07T01:30:00+00:00,kalshi_milestone_start_date,2026-05-12T16:31:10.981649Z,785864fc-c9f2-4403-9b6b-754364ac44f3,1,1778127861,1778127600.0,True,1400,2026-05-07,validation
KXNBAGAME-26MAY07CLEDET,KXNBAGAME-26MAY07CLEDET-DET,NBA,winner,Detroit,Cleveland,1778194800,2026-05-07T23:00:00+00:00,kalshi_milestone_start_date,2026-05-09T15:26:13.295133Z,0dcf4f85-1b1c-48d2-bb38-3d14e3450a49,1,1778204635,1778205600.0,True,1296,2026-05-07,validation
KXNBAGAME-26MAY07LALOKC,KXNBAGAME-26MAY07LALOKC-OKC,NBA,winner,Oklahoma City,Los Angeles L,1778203800,2026-05-08T01:30:00+00:00,kalshi_milestone_start_date,2026-05-09T15:26:13.340598Z,fba7ad0d-b1b1-4ba2-a0c2-115aef8d2c50,1,1778214065,1778214600.0,True,1317,2026-05-08,validation
KXNBAGAME-26MAY08NYKPHI,KXNBAGAME-26MAY08NYKPHI-PHI,NBA,winner,Philadelphia,New York,1778281200,2026-05-08T23:00:00+00:00,kalshi_milestone_start_date,2026-05-10T22:32:18.507461Z,701fb833-e904-4da4-871f-c84fdf1c0a5d,0,1778291577,1778292000.0,True,1367,2026-05-08,validation
KXNBAGAME-26MAY08SASMIN,KXNBAGAME-26MAY08SASMIN-MIN,NBA,winner,Minnesota,San Antonio,1778290200,2026-05-09T01:30:00+00:00,kalshi_milestone_start_date,2026-05-10T15:35:47.238156Z,3717bd78-5fb3-4eb4-9de0-92b0a7269de3,0,1778301097,1778300700.0,True,1391,2026-05-09,validation
KXNBAGAME-26MAY09DETCLE,KXNBAGAME-26MAY09DETCLE-CLE,NBA,winner,Cleveland,Detroit,1778353200,2026-05-09T19:00:00+00:00,kalshi_milestone_start_date,2026-05-11T16:26:13.4287Z,27f155dc-aa07-484f-9e07-ceaa9d5779b4,1,1778363677,1778364000.0,True,1296,2026-05-09,validation
KXNBAGAME-26MAY09OKCLAL,KXNBAGAME-26MAY09OKCLAL-LAL,NBA,winner,Los Angeles L,Oklahoma City,1778373000,2026-05-10T00:30:00+00:00,kalshi_milestone_start_date,2026-05-11T17:06:44.04313Z,31608685-6e6b-4470-bc79-bc96cfe13b1c,0,1778381986,1778383800.0,True,1483,2026-05-10,validation
KXNBAGAME-26MAY10NYKPHI,KXNBAGAME-26MAY10NYKPHI-PHI,NBA,winner,Philadelphia,New York,1778441400,2026-05-10T19:30:00+00:00,kalshi_milestone_start_date,2026-05-12T14:31:33.129857Z,c63be695-60c3-43e3-ac00-7f7f9f03f321,0,1778451173,1778452200.0,True,1292,2026-05-10,validation
KXNBAGAME-26MAY10SASMIN,KXNBAGAME-26MAY10SASMIN-MIN,NBA,winner,Minnesota,San Antonio,1778455800,2026-05-10T23:30:00+00:00,kalshi_milestone_start_date,2026-05-12T14:31:33.219996Z,125b2b40-071e-449f-bf29-5c2f58c33941,1,1778466106,1778443200.0,True,1456,2026-05-10,validation
KXNBAGAME-26MAY11DETCLE,KXNBAGAME-26MAY11DETCLE-CLE,NBA,winner,Cleveland,Detroit,1778544000,2026-05-12T00:00:00+00:00,kalshi_milestone_start_date,2026-05-13T15:30:37.009266Z,fb24470d-850e-45bc-afd1-adfc2c934190,1,1778553775,1778554800.0,True,1406,2026-05-12,test
KXNBAGAME-26MAY11OKCLAL,KXNBAGAME-26MAY11OKCLAL-LAL,NBA,winner,Los Angeles L,Oklahoma City,1778553000,2026-05-12T02:30:00+00:00,kalshi_milestone_start_date,2026-05-13T15:30:37.086742Z,d215575f-5a28-4adf-afe5-267329809baf,0,1778563916,1778563800.0,True,1496,2026-05-12,test
KXNBAGAME-26MAY12MINSAS,KXNBAGAME-26MAY12MINSAS-SAS,NBA,winner,San Antonio,Minnesota,1778630400,2026-05-13T00:00:00+00:00,kalshi_milestone_start_date,2026-05-14T13:21:36.640062Z,2505d49a-f1ef-42ea-a911-24b522297901,1,1778640205,1778639700.0,True,1493,2026-05-13,test
KXNBAGAME-26MAY13CLEDET,KXNBAGAME-26MAY13CLEDET-DET,NBA,winner,Detroit,Cleveland,1778716800,2026-05-14T00:00:00+00:00,kalshi_milestone_start_date,2026-05-15T14:20:14.993896Z,6d4589ef-8bbc-4cc2-8a02-c96f99c6cba0,0,1778728094,1778727600.0,True,1458,2026-05-14,test
KXNBAGAME-26MAY15DETCLE,KXNBAGAME-26MAY15DETCLE-CLE,NBA,winner,Cleveland,Detroit,1778886000,2026-05-15T23:00:00+00:00,kalshi_milestone_start_date,2026-05-17T14:23:21.581421Z,db234c90-80d7-4b0c-afb7-516c53095518,0,1778896201,1778895900.0,True,1443,2026-05-15,test
KXNBAGAME-26MAY15SASMIN,KXNBAGAME-26MAY15SASMIN-MIN,NBA,winner,Minnesota,San Antonio,1778895000,2026-05-16T01:30:00+00:00,kalshi_milestone_start_date,2026-05-17T14:23:21.521495Z,8d329936-c313-4475-9c74-c5e6eec85358,0,1778905612,1778875200.0,True,1438,2026-05-16,test
KXNBAGAME-26MAY18SASOKC,KXNBAGAME-26MAY18SASOKC-OKC,NBA,winner,Oklahoma City,San Antonio,1779150600,2026-05-19T00:30:00+00:00,kalshi_milestone_start_date,2026-05-20T14:13:59.93149Z,33eb6edb-b1e7-4e19-af03-8ac66c83f6ed,0,1779162342,1779161400.0,True,1427,2026-05-19,test
KXNBAGAME-26MAY19CLENYK,KXNBAGAME-26MAY19CLENYK-NYK,NBA,winner,New York,Cleveland,1779235200,2026-05-20T00:00:00+00:00,kalshi_milestone_start_date,2026-05-21T14:29:07.199302Z,ec32f9b9-f3b9-4dcd-8fa1-bd5d85a58bb0,1,1779246132,1779246000.0,True,1466,2026-05-20,test
KXNBAGAME-26MAY20SASOKC,KXNBAGAME-26MAY20SASOKC-OKC,NBA,winner,Oklahoma City,San Antonio,1779323400,2026-05-21T00:30:00+00:00,kalshi_milestone_start_date,2026-05-22T14:31:49.890298Z,c6907b97-5056-4335-b1c4-c1f355cdc7e8,1,1779332872,1779334200.0,True,1468,2026-05-21,test
KXNBAGAME-26MAY21CLENYK,KXNBAGAME-26MAY21CLENYK-NYK,NBA,winner,New York,Cleveland,1779408000,2026-05-22T00:00:00+00:00,kalshi_milestone_start_date,2026-06-15T17:18:25.481631Z,6e923cd1-ca9c-4576-a58a-050112f1f0b2,1,1779417902,1779418800.0,True,1383,2026-05-22,test
KXNBAGAME-26MAY22OKCSAS,KXNBAGAME-26MAY22OKCSAS-SAS,NBA,winner,San Antonio,Oklahoma City,1779496200,2026-05-23T00:30:00+00:00,kalshi_milestone_start_date,2026-05-24T14:29:33.526965Z,bab9b386-696c-425a-a136-fba77560ae05,0,1779506752,1779507000.0,True,1494,2026-05-23,test
KXNBAGAME-26MAY23NYKCLE,KXNBAGAME-26MAY23NYKCLE-CLE,NBA,winner,Cleveland,New York,1779580800,2026-05-24T00:00:00+00:00,kalshi_milestone_start_date,2026-05-25T17:27:19.818477Z,f322e908-bef2-4d99-88ca-55cf70f4265e,0,1779590862,1779591600.0,True,1409,2026-05-24,test
KXNBAGAME-26MAY24OKCSAS,KXNBAGAME-26MAY24OKCSAS-SAS,NBA,winner,San Antonio,Oklahoma City,1779667200,2026-05-25T00:00:00+00:00,kalshi_milestone_start_date,2026-05-26T07:27:44.607845Z,2c651f7b-17f7-4c71-a729-528277797ca4,1,1779677582,1779678000.0,True,1482,2026-05-25,test
KXNBAGAME-26MAY25NYKCLE,KXNBAGAME-26MAY25NYKCLE-CLE,NBA,winner,Cleveland,New York,1779753600,2026-05-26T00:00:00+00:00,kalshi_milestone_start_date,2026-05-27T13:28:31.346381Z,1703bbfa-3b13-4714-95c8-2048ab643ecb,0,1779762732,1779764400.0,True,1429,2026-05-26,test
KXNBAGAME-26MAY26SASOKC,KXNBAGAME-26MAY26SASOKC-OKC,NBA,winner,Oklahoma City,San Antonio,1779841800,2026-05-27T00:30:00+00:00,kalshi_milestone_start_date,2026-05-28T14:25:54.218254Z,42938116-548c-4a57-a8f1-3cc6c8cc7915,1,1779851882,1779852600.0,True,1481,2026-05-27,test
KXNBAGAME-26MAY28OKCSAS,KXNBAGAME-26MAY28OKCSAS-SAS,NBA,winner,San Antonio,Oklahoma City,1780014600,2026-05-29T00:30:00+00:00,kalshi_milestone_start_date,2026-05-30T14:07:05.182283Z,2a78a639-6a67-4e8e-bff5-c7a27c7a8781,1,1780023596,1780025400.0,True,1377,2026-05-29,test
KXNBAGAME-26JUN03NYKSAS,KXNBAGAME-26JUN03NYKSAS-SAS,NBA,winner,San Antonio,New York,1780533000,2026-06-04T00:30:00+00:00,kalshi_milestone_start_date,2026-06-15T17:18:25.504547Z,bc45c279-4b9c-406b-a86a-69c44ee4f5fd,0,1780542997,1780543800.0,True,1491,2026-06-04,test
KXNBAGAME-26JUN05NYKSAS,KXNBAGAME-26JUN05NYKSAS-SAS,NBA,winner,San Antonio,New York,1780705800,2026-06-06T00:30:00+00:00,kalshi_milestone_start_date,2026-06-10T16:01:50.070093Z,c5410e26-55e7-4479-b436-461e8b5edfa8,0,1780716615,1780716600.0,True,1498,2026-06-06,test
KXNBAGAME-26JUN08SASNYK,KXNBAGAME-26JUN08SASNYK-NYK,NBA,winner,New York,San Antonio,1780965000,2026-06-09T00:30:00+00:00,kalshi_milestone_start_date,2026-06-10T16:01:50.143941Z,9e374354-5700-458e-9e73-4449e8ab1fdf,0,1780975936,1780975800.0,True,1495,2026-06-09,test
KXNBAGAME-26JUN10SASNYK,KXNBAGAME-26JUN10SASNYK-NYK,NBA,winner,New York,San Antonio,1781137800,2026-06-11T00:30:00+00:00,kalshi_milestone_start_date,2026-06-26T00:57:53.807096Z,122ba490-ad6a-4354-96b2-cd79ec25a86d,1,1781149006,1781148600.0,True,1500,2026-06-11,test
KXNBAGAME-26JUN13NYKSAS,KXNBAGAME-26JUN13NYKSAS-SAS,NBA,winner,San Antonio,New York,1781397000,2026-06-14T00:30:00+00:00,kalshi_milestone_start_date,2026-06-15T17:40:46.179109Z,0d87d1ea-c172-4f70-90b5-00a641f92da6,0,1781407945,1781407800.0,True,1500,2026-06-14,test
