event,ticker,league,market_type,home,away,start_ts,start_utc,schedule_source,schedule_updated_at,milestone_id,result,settled_ts,occurrence_ts,archived,bar_count,day,split,horizon,target_ts,reason,bar_ts,age_seconds,p,bid,ask,spread,trade_p,contracts_last_hour,active_minutes_last_hour
KXNBAGAME-26FEB12PORUTA,KXNBAGAME-26FEB12PORUTA-UTA,NBA,winner,Utah,Portland,1770948000,2026-02-13T02:00:00+00:00,kalshi_milestone_start_date,2026-03-26T07:28:44.964714Z,cedcc13b-25fa-45ec-873a-4c5b33fd162a,0,1770957781,,True,1208,2026-02-13,train,24h,1770861600,included,1770861600,0,0.275,0.27,0.28,0.010000000000000009,0.28,558.0,14
KXNBAGAME-26FEB12PORUTA,KXNBAGAME-26FEB12PORUTA-UTA,NBA,winner,Utah,Portland,1770948000,2026-02-13T02:00:00+00:00,kalshi_milestone_start_date,2026-03-26T07:28:44.964714Z,cedcc13b-25fa-45ec-873a-4c5b33fd162a,0,1770957781,,True,1208,2026-02-13,train,6h,1770926400,included,1770926400,0,0.28500000000000003,0.28,0.29,0.009999999999999953,0.29,8617.0,56
KXNBAGAME-26FEB12PORUTA,KXNBAGAME-26FEB12PORUTA-UTA,NBA,winner,Utah,Portland,1770948000,2026-02-13T02:00:00+00:00,kalshi_milestone_start_date,2026-03-26T07:28:44.964714Z,cedcc13b-25fa-45ec-873a-4c5b33fd162a,0,1770957781,,True,1208,2026-02-13,train,1h,1770944400,included,1770944400,0,0.315,0.31,0.32,0.010000000000000009,0.32,61680.0,60
KXNBAGAME-26FEB12PORUTA,KXNBAGAME-26FEB12PORUTA-UTA,NBA,winner,Utah,Portland,1770948000,2026-02-13T02:00:00+00:00,kalshi_milestone_start_date,2026-03-26T07:28:44.964714Z,cedcc13b-25fa-45ec-873a-4c5b33fd162a,0,1770957781,,True,1208,2026-02-13,train,5m,1770947700,included,1770947700,0,0.325,0.32,0.33,0.010000000000000009,0.33,54468.0,60
KXNBAGAME-26FEB12DALLAL,KXNBAGAME-26FEB12DALLAL-LAL,NBA,winner,Los Angeles L,Dallas,1770951600,2026-02-13T03:00:00+00:00,kalshi_milestone_start_date,2026-03-26T07:28:48.23762Z,eb2d758d-08a6-473e-959a-276e1cd34bc8,1,1770961141,,True,1306,2026-02-13,train,24h,1770865200,included,1770865200,0,0.695,0.69,0.7,0.010000000000000009,0.7,821.0,27
KXNBAGAME-26FEB12DALLAL,KXNBAGAME-26FEB12DALLAL-LAL,NBA,winner,Los Angeles L,Dallas,1770951600,2026-02-13T03:00:00+00:00,kalshi_milestone_start_date,2026-03-26T07:28:48.23762Z,eb2d758d-08a6-473e-959a-276e1cd34bc8,1,1770961141,,True,1306,2026-02-13,train,6h,1770930000,included,1770930000,0,0.715,0.71,0.72,0.010000000000000009,0.72,22885.0,60
KXNBAGAME-26FEB12DALLAL,KXNBAGAME-26FEB12DALLAL-LAL,NBA,winner,Los Angeles L,Dallas,1770951600,2026-02-13T03:00:00+00:00,kalshi_milestone_start_date,2026-03-26T07:28:48.23762Z,eb2d758d-08a6-473e-959a-276e1cd34bc8,1,1770961141,,True,1306,2026-02-13,train,1h,1770948000,included,1770948000,0,0.695,0.69,0.7,0.010000000000000009,0.7,180197.0,60
KXNBAGAME-26FEB12DALLAL,KXNBAGAME-26FEB12DALLAL-LAL,NBA,winner,Los Angeles L,Dallas,1770951600,2026-02-13T03:00:00+00:00,kalshi_milestone_start_date,2026-03-26T07:28:48.23762Z,eb2d758d-08a6-473e-959a-276e1cd34bc8,1,1770961141,,True,1306,2026-02-13,train,5m,1770951300,included,1770951300,0,0.695,0.69,0.7,0.010000000000000009,0.7,376452.0,60
KXNBAGAME-26FEB19ATLPHI,KXNBAGAME-26FEB19ATLPHI-PHI,NBA,winner,Philadelphia,Atlanta,1771545600,2026-02-20T00:00:00+00:00,kalshi_milestone_start_date,2026-03-26T07:28:26.376871Z,5cb6941f-c3f7-4849-8618-489895938bf1,0,1771555940,,True,1194,2026-02-20,train,24h,1771459200,included,1771459200,0,0.535,0.53,0.54,0.010000000000000009,,5015.0,32
KXNBAGAME-26FEB19ATLPHI,KXNBAGAME-26FEB19ATLPHI-PHI,NBA,winner,Philadelphia,Atlanta,1771545600,2026-02-20T00:00:00+00:00,kalshi_milestone_start_date,2026-03-26T07:28:26.376871Z,5cb6941f-c3f7-4849-8618-489895938bf1,0,1771555940,,True,1194,2026-02-20,train,6h,1771524000,included,1771523940,60,0.515,0.51,0.52,0.010000000000000009,0.52,17520.0,51
KXNBAGAME-26FEB19ATLPHI,KXNBAGAME-26FEB19ATLPHI-PHI,NBA,winner,Philadelphia,Atlanta,1771545600,2026-02-20T00:00:00+00:00,kalshi_milestone_start_date,2026-03-26T07:28:26.376871Z,5cb6941f-c3f7-4849-8618-489895938bf1,0,1771555940,,True,1194,2026-02-20,train,1h,1771542000,included,1771542000,0,0.52,0.51,0.53,0.020000000000000018,0.53,34711.0,60
KXNBAGAME-26FEB19ATLPHI,KXNBAGAME-26FEB19ATLPHI-PHI,NBA,winner,Philadelphia,Atlanta,1771545600,2026-02-20T00:00:00+00:00,kalshi_milestone_start_date,2026-03-26T07:28:26.376871Z,5cb6941f-c3f7-4849-8618-489895938bf1,0,1771555940,,True,1194,2026-02-20,train,5m,1771545300,included,1771545300,0,0.505,0.5,0.51,0.010000000000000009,0.51,177177.0,60
KXNBAGAME-26FEB19BKNCLE,KXNBAGAME-26FEB19BKNCLE-CLE,NBA,winner,Cleveland,Brooklyn,1771545600,2026-02-20T00:00:00+00:00,kalshi_milestone_start_date,2026-03-26T07:28:37.049414Z,7e3e23f3-6025-4aea-b7de-19e46ae14712,1,1771554760,,True,1127,2026-02-20,train,6h,1771524000,included,1771524000,0,0.885,0.88,0.89,0.010000000000000009,,11616.0,39
KXNBAGAME-26FEB19BKNCLE,KXNBAGAME-26FEB19BKNCLE-CLE,NBA,winner,Cleveland,Brooklyn,1771545600,2026-02-20T00:00:00+00:00,kalshi_milestone_start_date,2026-03-26T07:28:37.049414Z,7e3e23f3-6025-4aea-b7de-19e46ae14712,1,1771554760,,True,1127,2026-02-20,train,1h,1771542000,included,1771542000,0,0.885,0.88,0.89,0.010000000000000009,0.89,49456.0,56
KXNBAGAME-26FEB19BKNCLE,KXNBAGAME-26FEB19BKNCLE-CLE,NBA,winner,Cleveland,Brooklyn,1771545600,2026-02-20T00:00:00+00:00,kalshi_milestone_start_date,2026-03-26T07:28:37.049414Z,7e3e23f3-6025-4aea-b7de-19e46ae14712,1,1771554760,,True,1127,2026-02-20,train,5m,1771545300,included,1771545300,0,0.895,0.89,0.9,0.010000000000000009,0.9,130877.0,59
KXNBAGAME-26FEB19HOUCHA,KXNBAGAME-26FEB19HOUCHA-CHA,NBA,winner,Charlotte,Houston,1771545600,2026-02-20T00:00:00+00:00,kalshi_milestone_start_date,2026-03-26T07:28:37.51709Z,7566d5c5-7fd3-467f-b91f-5175375530fb,0,1771554970,,True,1233,2026-02-20,train,24h,1771459200,included,1771459200,0,0.365,0.36,0.37,0.010000000000000009,0.36,8446.0,35
KXNBAGAME-26FEB19HOUCHA,KXNBAGAME-26FEB19HOUCHA-CHA,NBA,winner,Charlotte,Houston,1771545600,2026-02-20T00:00:00+00:00,kalshi_milestone_start_date,2026-03-26T07:28:37.51709Z,7566d5c5-7fd3-467f-b91f-5175375530fb,0,1771554970,,True,1233,2026-02-20,train,6h,1771524000,included,1771524000,0,0.375,0.37,0.38,0.010000000000000009,0.38,20471.0,54
KXNBAGAME-26FEB19HOUCHA,KXNBAGAME-26FEB19HOUCHA-CHA,NBA,winner,Charlotte,Houston,1771545600,2026-02-20T00:00:00+00:00,kalshi_milestone_start_date,2026-03-26T07:28:37.51709Z,7566d5c5-7fd3-467f-b91f-5175375530fb,0,1771554970,,True,1233,2026-02-20,train,1h,1771542000,included,1771542000,0,0.375,0.37,0.38,0.010000000000000009,0.38,117805.0,60
KXNBAGAME-26FEB19HOUCHA,KXNBAGAME-26FEB19HOUCHA-CHA,NBA,winner,Charlotte,Houston,1771545600,2026-02-20T00:00:00+00:00,kalshi_milestone_start_date,2026-03-26T07:28:37.51709Z,7566d5c5-7fd3-467f-b91f-5175375530fb,0,1771554970,,True,1233,2026-02-20,train,5m,1771545300,included,1771545300,0,0.375,0.37,0.38,0.010000000000000009,0.38,98991.0,60
KXNBAGAME-26FEB19INDWAS,KXNBAGAME-26FEB19INDWAS-WAS,NBA,winner,Washington,Indiana,1771545600,2026-02-20T00:00:00+00:00,kalshi_milestone_start_date,2026-03-26T07:28:30.10531Z,dfed0a63-acd6-4827-83c6-ad218f02a2a1,1,1771555940,,True,824,2026-02-20,train,24h,1771459200,included,1771459080,120,0.405,0.4,0.41,0.009999999999999953,,841.0,4
KXNBAGAME-26FEB19INDWAS,KXNBAGAME-26FEB19INDWAS-WAS,NBA,winner,Washington,Indiana,1771545600,2026-02-20T00:00:00+00:00,kalshi_milestone_start_date,2026-03-26T07:28:30.10531Z,dfed0a63-acd6-4827-83c6-ad218f02a2a1,1,1771555940,,True,824,2026-02-20,train,6h,1771524000,included,1771524000,0,0.455,0.45,0.46,0.010000000000000009,0.46,8239.0,26
KXNBAGAME-26FEB19INDWAS,KXNBAGAME-26FEB19INDWAS-WAS,NBA,winner,Washington,Indiana,1771545600,2026-02-20T00:00:00+00:00,kalshi_milestone_start_date,2026-03-26T07:28:30.10531Z,dfed0a63-acd6-4827-83c6-ad218f02a2a1,1,1771555940,,True,824,2026-02-20,train,1h,1771542000,included,1771542000,0,0.46499999999999997,0.46,0.47,0.009999999999999953,0.47,33526.0,55
KXNBAGAME-26FEB19INDWAS,KXNBAGAME-26FEB19INDWAS-WAS,NBA,winner,Washington,Indiana,1771545600,2026-02-20T00:00:00+00:00,kalshi_milestone_start_date,2026-03-26T07:28:30.10531Z,dfed0a63-acd6-4827-83c6-ad218f02a2a1,1,1771555940,,True,824,2026-02-20,train,5m,1771545300,included,1771545300,0,0.455,0.45,0.46,0.010000000000000009,0.46,29089.0,58
KXNBAGAME-26FEB19DETNYK,KXNBAGAME-26FEB19DETNYK-NYK,NBA,winner,New York,Detroit,1771547400,2026-02-20T00:30:00+00:00,kalshi_milestone_start_date,2026-03-26T07:28:35.747586Z,5e30967c-034e-479e-bbed-856a7c78126e,0,1771557500,,True,1155,2026-02-20,train,24h,1771461000,included,1771461000,0,0.62,0.61,0.63,0.020000000000000018,,6934.0,29
KXNBAGAME-26FEB19DETNYK,KXNBAGAME-26FEB19DETNYK-NYK,NBA,winner,New York,Detroit,1771547400,2026-02-20T00:30:00+00:00,kalshi_milestone_start_date,2026-03-26T07:28:35.747586Z,5e30967c-034e-479e-bbed-856a7c78126e,0,1771557500,,True,1155,2026-02-20,train,6h,1771525800,included,1771525800,0,0.595,0.59,0.6,0.010000000000000009,0.6,17293.0,53
KXNBAGAME-26FEB19DETNYK,KXNBAGAME-26FEB19DETNYK-NYK,NBA,winner,New York,Detroit,1771547400,2026-02-20T00:30:00+00:00,kalshi_milestone_start_date,2026-03-26T07:28:35.747586Z,5e30967c-034e-479e-bbed-856a7c78126e,0,1771557500,,True,1155,2026-02-20,train,1h,1771543800,included,1771543800,0,0.595,0.59,0.6,0.010000000000000009,0.6,82768.0,60
KXNBAGAME-26FEB19DETNYK,KXNBAGAME-26FEB19DETNYK-NYK,NBA,winner,New York,Detroit,1771547400,2026-02-20T00:30:00+00:00,kalshi_milestone_start_date,2026-03-26T07:28:35.747586Z,5e30967c-034e-479e-bbed-856a7c78126e,0,1771557500,,True,1155,2026-02-20,train,5m,1771547100,included,1771547100,0,0.605,0.6,0.61,0.010000000000000009,0.6,358244.0,60
KXNBAGAME-26FEB19TORCHI,KXNBAGAME-26FEB19TORCHI-CHI,NBA,winner,Chicago,Toronto,1771549200,2026-02-20T01:00:00+00:00,kalshi_milestone_start_date,2026-03-26T07:28:27.481896Z,8f381d39-8de7-48a9-8f89-36c20da7dda9,0,1771559160,,True,860,2026-02-20,train,24h,1771462800,included,1771462680,120,0.355,0.35,0.36,0.010000000000000009,,156.0,6
KXNBAGAME-26FEB19TORCHI,KXNBAGAME-26FEB19TORCHI-CHI,NBA,winner,Chicago,Toronto,1771549200,2026-02-20T01:00:00+00:00,kalshi_milestone_start_date,2026-03-26T07:28:27.481896Z,8f381d39-8de7-48a9-8f89-36c20da7dda9,0,1771559160,,True,860,2026-02-20,train,6h,1771527600,included,1771527540,60,0.325,0.32,0.33,0.010000000000000009,,2964.0,22
KXNBAGAME-26FEB19TORCHI,KXNBAGAME-26FEB19TORCHI-CHI,NBA,winner,Chicago,Toronto,1771549200,2026-02-20T01:00:00+00:00,kalshi_milestone_start_date,2026-03-26T07:28:27.481896Z,8f381d39-8de7-48a9-8f89-36c20da7dda9,0,1771559160,,True,860,2026-02-20,train,1h,1771545600,included,1771545600,0,0.325,0.32,0.33,0.010000000000000009,0.33,6543.0,45
KXNBAGAME-26FEB19TORCHI,KXNBAGAME-26FEB19TORCHI-CHI,NBA,winner,Chicago,Toronto,1771549200,2026-02-20T01:00:00+00:00,kalshi_milestone_start_date,2026-03-26T07:28:27.481896Z,8f381d39-8de7-48a9-8f89-36c20da7dda9,0,1771559160,,True,860,2026-02-20,train,5m,1771548900,included,1771548900,0,0.335,0.33,0.34,0.010000000000000009,0.34,24362.0,52
KXNBAGAME-26FEB19PHXSAS,KXNBAGAME-26FEB19PHXSAS-SAS,NBA,winner,San Antonio,Phoenix,1771551000,2026-02-20T01:30:00+00:00,kalshi_milestone_start_date,2026-03-26T07:28:34.068984Z,5da26157-1e50-42f4-a3ca-3bdf1348590f,1,1771559880,,True,1017,2026-02-20,train,24h,1771464600,included,1771464600,0,0.72,0.71,0.73,0.020000000000000018,,4012.0,16
KXNBAGAME-26FEB19PHXSAS,KXNBAGAME-26FEB19PHXSAS-SAS,NBA,winner,San Antonio,Phoenix,1771551000,2026-02-20T01:30:00+00:00,kalshi_milestone_start_date,2026-03-26T07:28:34.068984Z,5da26157-1e50-42f4-a3ca-3bdf1348590f,1,1771559880,,True,1017,2026-02-20,train,6h,1771529400,included,1771529400,0,0.715,0.71,0.72,0.010000000000000009,0.72,3840.0,48
KXNBAGAME-26FEB19PHXSAS,KXNBAGAME-26FEB19PHXSAS-SAS,NBA,winner,San Antonio,Phoenix,1771551000,2026-02-20T01:30:00+00:00,kalshi_milestone_start_date,2026-03-26T07:28:34.068984Z,5da26157-1e50-42f4-a3ca-3bdf1348590f,1,1771559880,,True,1017,2026-02-20,train,1h,1771547400,included,1771547400,0,0.725,0.72,0.73,0.010000000000000009,0.73,58780.0,58
KXNBAGAME-26FEB19PHXSAS,KXNBAGAME-26FEB19PHXSAS-SAS,NBA,winner,San Antonio,Phoenix,1771551000,2026-02-20T01:30:00+00:00,kalshi_milestone_start_date,2026-03-26T07:28:34.068984Z,5da26157-1e50-42f4-a3ca-3bdf1348590f,1,1771559880,,True,1017,2026-02-20,train,5m,1771550700,included,1771550700,0,0.725,0.72,0.73,0.010000000000000009,0.73,56995.0,60
KXNBAGAME-26FEB19BOSGSW,KXNBAGAME-26FEB19BOSGSW-GSW,NBA,winner,Golden State,Boston,1771556400,2026-02-20T03:00:00+00:00,kalshi_milestone_start_date,2026-03-26T07:28:04.120188Z,527acd65-22a3-4643-9ac3-cc070a8fdce0,0,1771566240,,True,1065,2026-02-20,train,24h,1771470000,included,1771470000,0,0.335,0.33,0.34,0.010000000000000009,0.34,1253.0,30
KXNBAGAME-26FEB19BOSGSW,KXNBAGAME-26FEB19BOSGSW-GSW,NBA,winner,Golden State,Boston,1771556400,2026-02-20T03:00:00+00:00,kalshi_milestone_start_date,2026-03-26T07:28:04.120188Z,527acd65-22a3-4643-9ac3-cc070a8fdce0,0,1771566240,,True,1065,2026-02-20,train,6h,1771534800,included,1771534800,0,0.335,0.33,0.34,0.010000000000000009,0.34,6175.0,50
KXNBAGAME-26FEB19BOSGSW,KXNBAGAME-26FEB19BOSGSW-GSW,NBA,winner,Golden State,Boston,1771556400,2026-02-20T03:00:00+00:00,kalshi_milestone_start_date,2026-03-26T07:28:04.120188Z,527acd65-22a3-4643-9ac3-cc070a8fdce0,0,1771566240,,True,1065,2026-02-20,train,1h,1771552800,included,1771552800,0,0.325,0.32,0.33,0.010000000000000009,0.33,12650.0,59
KXNBAGAME-26FEB19BOSGSW,KXNBAGAME-26FEB19BOSGSW-GSW,NBA,winner,Golden State,Boston,1771556400,2026-02-20T03:00:00+00:00,kalshi_milestone_start_date,2026-03-26T07:28:04.120188Z,527acd65-22a3-4643-9ac3-cc070a8fdce0,0,1771566240,,True,1065,2026-02-20,train,5m,1771556100,included,1771556100,0,0.335,0.33,0.34,0.010000000000000009,0.34,129572.0,60
KXNBAGAME-26FEB19ORLSAC,KXNBAGAME-26FEB19ORLSAC-SAC,NBA,winner,Sacramento,Orlando,1771556400,2026-02-20T03:00:00+00:00,kalshi_milestone_start_date,2026-03-26T07:28:33.469326Z,1adaa57a-bcc4-4869-af3f-7605a0208d50,0,1771566350,,True,960,2026-02-20,train,24h,1771470000,included,1771470000,0,0.225,0.22,0.23,0.010000000000000009,,163.0,6
KXNBAGAME-26FEB19ORLSAC,KXNBAGAME-26FEB19ORLSAC-SAC,NBA,winner,Sacramento,Orlando,1771556400,2026-02-20T03:00:00+00:00,kalshi_milestone_start_date,2026-03-26T07:28:33.469326Z,1adaa57a-bcc4-4869-af3f-7605a0208d50,0,1771566350,,True,960,2026-02-20,train,6h,1771534800,included,1771534800,0,0.235,0.23,0.24,0.009999999999999981,,29822.0,32
KXNBAGAME-26FEB19ORLSAC,KXNBAGAME-26FEB19ORLSAC-SAC,NBA,winner,Sacramento,Orlando,1771556400,2026-02-20T03:00:00+00:00,kalshi_milestone_start_date,2026-03-26T07:28:33.469326Z,1adaa57a-bcc4-4869-af3f-7605a0208d50,0,1771566350,,True,960,2026-02-20,train,1h,1771552800,included,1771552800,0,0.24,0.23,0.25,0.01999999999999999,0.25,7045.0,43
KXNBAGAME-26FEB19ORLSAC,KXNBAGAME-26FEB19ORLSAC-SAC,NBA,winner,Sacramento,Orlando,1771556400,2026-02-20T03:00:00+00:00,kalshi_milestone_start_date,2026-03-26T07:28:33.469326Z,1adaa57a-bcc4-4869-af3f-7605a0208d50,0,1771566350,,True,960,2026-02-20,train,5m,1771556100,included,1771556100,0,0.245,0.24,0.25,0.010000000000000009,0.25,113400.0,58
KXNBAGAME-26FEB19DENLAC,KXNBAGAME-26FEB19DENLAC-LAC,NBA,winner,Los Angeles C,Denver,1771558200,2026-02-20T03:30:00+00:00,kalshi_milestone_start_date,2026-03-26T07:28:32.076235Z,054e5007-1965-4ca6-a038-8ecd06917337,1,1771568620,,True,864,2026-02-20,train,24h,1771471800,included,1771471680,120,0.38,0.37,0.39,0.020000000000000018,,320.0,7
KXNBAGAME-26FEB19DENLAC,KXNBAGAME-26FEB19DENLAC-LAC,NBA,winner,Los Angeles C,Denver,1771558200,2026-02-20T03:30:00+00:00,kalshi_milestone_start_date,2026-03-26T07:28:32.076235Z,054e5007-1965-4ca6-a038-8ecd06917337,1,1771568620,,True,864,2026-02-20,train,6h,1771536600,included,1771536600,0,0.375,0.37,0.38,0.010000000000000009,,2394.0,33
KXNBAGAME-26FEB19DENLAC,KXNBAGAME-26FEB19DENLAC-LAC,NBA,winner,Los Angeles C,Denver,1771558200,2026-02-20T03:30:00+00:00,kalshi_milestone_start_date,2026-03-26T07:28:32.076235Z,054e5007-1965-4ca6-a038-8ecd06917337,1,1771568620,,True,864,2026-02-20,train,1h,1771554600,included,1771554600,0,0.375,0.37,0.38,0.010000000000000009,0.38,12471.0,55
KXNBAGAME-26FEB19DENLAC,KXNBAGAME-26FEB19DENLAC-LAC,NBA,winner,Los Angeles C,Denver,1771558200,2026-02-20T03:30:00+00:00,kalshi_milestone_start_date,2026-03-26T07:28:32.076235Z,054e5007-1965-4ca6-a038-8ecd06917337,1,1771568620,,True,864,2026-02-20,train,5m,1771557900,included,1771557900,0,0.375,0.37,0.38,0.010000000000000009,0.38,93039.0,60
KXNBAGAME-26FEB20CLECHA,KXNBAGAME-26FEB20CLECHA-CHA,NBA,winner,Charlotte,Cleveland,1771632000,2026-02-21T00:00:00+00:00,kalshi_milestone_start_date,2026-03-26T07:29:02.634769Z,28311994-6688-48bb-8ad4-d396cfba14ed,0,1771641986,,True,1105,2026-02-21,train,6h,1771610400,included,1771610400,0,0.325,0.32,0.33,0.010000000000000009,0.33,10726.0,46
KXNBAGAME-26FEB20CLECHA,KXNBAGAME-26FEB20CLECHA-CHA,NBA,winner,Charlotte,Cleveland,1771632000,2026-02-21T00:00:00+00:00,kalshi_milestone_start_date,2026-03-26T07:29:02.634769Z,28311994-6688-48bb-8ad4-d396cfba14ed,0,1771641986,,True,1105,2026-02-21,train,1h,1771628400,included,1771628400,0,0.345,0.34,0.35,0.009999999999999953,0.35,44019.0,59
KXNBAGAME-26FEB20CLECHA,KXNBAGAME-26FEB20CLECHA-CHA,NBA,winner,Charlotte,Cleveland,1771632000,2026-02-21T00:00:00+00:00,kalshi_milestone_start_date,2026-03-26T07:29:02.634769Z,28311994-6688-48bb-8ad4-d396cfba14ed,0,1771641986,,True,1105,2026-02-21,train,5m,1771631700,included,1771631700,0,0.345,0.34,0.35,0.009999999999999953,0.34,90160.0,60
KXNBAGAME-26FEB20INDWAS,KXNBAGAME-26FEB20INDWAS-WAS,NBA,winner,Washington,Indiana,1771632000,2026-02-21T00:00:00+00:00,kalshi_milestone_start_date,2026-03-26T07:28:29.657657Z,940de0dd-9eaf-4222-af7a-71f42bc3f443,1,1771641386,,True,1195,2026-02-21,train,24h,1771545600,included,1771545600,0,0.46499999999999997,0.46,0.47,0.009999999999999953,0.47,881.0,8
KXNBAGAME-26FEB20INDWAS,KXNBAGAME-26FEB20INDWAS-WAS,NBA,winner,Washington,Indiana,1771632000,2026-02-21T00:00:00+00:00,kalshi_milestone_start_date,2026-03-26T07:28:29.657657Z,940de0dd-9eaf-4222-af7a-71f42bc3f443,1,1771641386,,True,1195,2026-02-21,train,6h,1771610400,included,1771610400,0,0.505,0.5,0.51,0.010000000000000009,,8896.0,36
KXNBAGAME-26FEB20INDWAS,KXNBAGAME-26FEB20INDWAS-WAS,NBA,winner,Washington,Indiana,1771632000,2026-02-21T00:00:00+00:00,kalshi_milestone_start_date,2026-03-26T07:28:29.657657Z,940de0dd-9eaf-4222-af7a-71f42bc3f443,1,1771641386,,True,1195,2026-02-21,train,1h,1771628400,included,1771628400,0,0.525,0.52,0.53,0.010000000000000009,0.53,23839.0,58
KXNBAGAME-26FEB20INDWAS,KXNBAGAME-26FEB20INDWAS-WAS,NBA,winner,Washington,Indiana,1771632000,2026-02-21T00:00:00+00:00,kalshi_milestone_start_date,2026-03-26T07:28:29.657657Z,940de0dd-9eaf-4222-af7a-71f42bc3f443,1,1771641386,,True,1195,2026-02-21,train,5m,1771631700,included,1771631700,0,0.515,0.51,0.52,0.010000000000000009,0.52,81228.0,59
KXNBAGAME-26FEB20UTAMEM,KXNBAGAME-26FEB20UTAMEM-MEM,NBA,winner,Memphis,Utah,1771632000,2026-02-21T00:00:00+00:00,kalshi_milestone_start_date,2026-03-26T07:28:58.226644Z,948edb91-e17e-4f0a-a1f7-f5d8983a91ab,1,1771641506,,True,1077,2026-02-21,train,24h,1771545600,included,1771545600,0,0.595,0.59,0.6,0.010000000000000009,,756.0,11
KXNBAGAME-26FEB20UTAMEM,KXNBAGAME-26FEB20UTAMEM-MEM,NBA,winner,Memphis,Utah,1771632000,2026-02-21T00:00:00+00:00,kalshi_milestone_start_date,2026-03-26T07:28:58.226644Z,948edb91-e17e-4f0a-a1f7-f5d8983a91ab,1,1771641506,,True,1077,2026-02-21,train,6h,1771610400,included,1771610400,0,0.545,0.54,0.55,0.010000000000000009,0.55,6162.0,48
KXNBAGAME-26FEB20UTAMEM,KXNBAGAME-26FEB20UTAMEM-MEM,NBA,winner,Memphis,Utah,1771632000,2026-02-21T00:00:00+00:00,kalshi_milestone_start_date,2026-03-26T07:28:58.226644Z,948edb91-e17e-4f0a-a1f7-f5d8983a91ab,1,1771641506,,True,1077,2026-02-21,train,1h,1771628400,included,1771628400,0,0.565,0.56,0.57,0.009999999999999898,0.57,36912.0,55
KXNBAGAME-26FEB20UTAMEM,KXNBAGAME-26FEB20UTAMEM-MEM,NBA,winner,Memphis,Utah,1771632000,2026-02-21T00:00:00+00:00,kalshi_milestone_start_date,2026-03-26T07:28:58.226644Z,948edb91-e17e-4f0a-a1f7-f5d8983a91ab,1,1771641506,,True,1077,2026-02-21,train,5m,1771631700,included,1771631700,0,0.565,0.56,0.57,0.009999999999999898,0.57,66934.0,58
KXNBAGAME-26FEB20DALMIN,KXNBAGAME-26FEB20DALMIN-MIN,NBA,winner,Minnesota,Dallas,1771633800,2026-02-21T00:30:00+00:00,kalshi_milestone_start_date,2026-03-26T07:29:05.292342Z,9827b072-d6dc-4e57-8329-1baf851db695,1,1771644136,,True,1073,2026-02-21,train,6h,1771612200,included,1771612140,60,0.865,0.86,0.87,0.010000000000000009,0.87,84503.0,21
KXNBAGAME-26FEB20DALMIN,KXNBAGAME-26FEB20DALMIN-MIN,NBA,winner,Minnesota,Dallas,1771633800,2026-02-21T00:30:00+00:00,kalshi_milestone_start_date,2026-03-26T07:29:05.292342Z,9827b072-d6dc-4e57-8329-1baf851db695,1,1771644136,,True,1073,2026-02-21,train,1h,1771630200,included,1771630200,0,0.855,0.85,0.86,0.010000000000000009,0.86,108529.0,59
KXNBAGAME-26FEB20DALMIN,KXNBAGAME-26FEB20DALMIN-MIN,NBA,winner,Minnesota,Dallas,1771633800,2026-02-21T00:30:00+00:00,kalshi_milestone_start_date,2026-03-26T07:29:05.292342Z,9827b072-d6dc-4e57-8329-1baf851db695,1,1771644136,,True,1073,2026-02-21,train,5m,1771633500,included,1771633500,0,0.855,0.85,0.86,0.010000000000000009,0.86,110739.0,59
KXNBAGAME-26FEB20MIAATL,KXNBAGAME-26FEB20MIAATL-ATL,NBA,winner,Atlanta,Miami,1771633800,2026-02-21T00:30:00+00:00,kalshi_milestone_start_date,2026-03-26T07:28:58.234098Z,be9901a5-bfd9-415b-8aea-ee85a15819e1,0,1771642806,,True,1023,2026-02-21,train,24h,1771547400,included,1771547400,0,0.42,0.41,0.43,0.020000000000000018,,575.0,3
KXNBAGAME-26FEB20MIAATL,KXNBAGAME-26FEB20MIAATL-ATL,NBA,winner,Atlanta,Miami,1771633800,2026-02-21T00:30:00+00:00,kalshi_milestone_start_date,2026-03-26T07:28:58.234098Z,be9901a5-bfd9-415b-8aea-ee85a15819e1,0,1771642806,,True,1023,2026-02-21,train,6h,1771612200,included,1771612200,0,0.405,0.4,0.41,0.009999999999999953,0.41,5122.0,42
KXNBAGAME-26FEB20MIAATL,KXNBAGAME-26FEB20MIAATL-ATL,NBA,winner,Atlanta,Miami,1771633800,2026-02-21T00:30:00+00:00,kalshi_milestone_start_date,2026-03-26T07:28:58.234098Z,be9901a5-bfd9-415b-8aea-ee85a15819e1,0,1771642806,,True,1023,2026-02-21,train,1h,1771630200,included,1771630200,0,0.435,0.43,0.44,0.010000000000000009,0.44,25672.0,59
KXNBAGAME-26FEB20MIAATL,KXNBAGAME-26FEB20MIAATL-ATL,NBA,winner,Atlanta,Miami,1771633800,2026-02-21T00:30:00+00:00,kalshi_milestone_start_date,2026-03-26T07:28:58.234098Z,be9901a5-bfd9-415b-8aea-ee85a15819e1,0,1771642806,,True,1023,2026-02-21,train,5m,1771633500,included,1771633500,0,0.435,0.43,0.44,0.010000000000000009,0.44,36783.0,60
KXNBAGAME-26FEB20BKNOKC,KXNBAGAME-26FEB20BKNOKC-OKC,NBA,winner,Oklahoma City,Brooklyn,1771635600,2026-02-21T01:00:00+00:00,kalshi_milestone_start_date,2026-03-26T07:29:07.260366Z,3a656ab7-0cc4-4397-93e7-cdfb18848eb0,1,1771645796,,True,1032,2026-02-21,train,6h,1771614000,included,1771614000,0,0.925,0.92,0.93,0.010000000000000009,0.92,4529.0,26
KXNBAGAME-26FEB20BKNOKC,KXNBAGAME-26FEB20BKNOKC-OKC,NBA,winner,Oklahoma City,Brooklyn,1771635600,2026-02-21T01:00:00+00:00,kalshi_milestone_start_date,2026-03-26T07:29:07.260366Z,3a656ab7-0cc4-4397-93e7-cdfb18848eb0,1,1771645796,,True,1032,2026-02-21,train,1h,1771632000,included,1771632000,0,0.905,0.9,0.91,0.010000000000000009,0.91,50908.0,54
KXNBAGAME-26FEB20BKNOKC,KXNBAGAME-26FEB20BKNOKC-OKC,NBA,winner,Oklahoma City,Brooklyn,1771635600,2026-02-21T01:00:00+00:00,kalshi_milestone_start_date,2026-03-26T07:29:07.260366Z,3a656ab7-0cc4-4397-93e7-cdfb18848eb0,1,1771645796,,True,1032,2026-02-21,train,5m,1771635300,included,1771635300,0,0.895,0.89,0.9,0.010000000000000009,,106766.0,53
KXNBAGAME-26FEB20MILNOP,KXNBAGAME-26FEB20MILNOP-NOP,NBA,winner,New Orleans,Milwaukee,1771635600,2026-02-21T01:00:00+00:00,kalshi_milestone_start_date,2026-03-26T07:28:49.656305Z,cf61d00b-954f-48c8-8f5b-31474aa126da,0,1771644306,,True,1073,2026-02-21,train,6h,1771614000,included,1771614000,0,0.605,0.6,0.61,0.010000000000000009,,7428.0,32
KXNBAGAME-26FEB20MILNOP,KXNBAGAME-26FEB20MILNOP-NOP,NBA,winner,New Orleans,Milwaukee,1771635600,2026-02-21T01:00:00+00:00,kalshi_milestone_start_date,2026-03-26T07:28:49.656305Z,cf61d00b-954f-48c8-8f5b-31474aa126da,0,1771644306,,True,1073,2026-02-21,train,1h,1771632000,included,1771632000,0,0.615,0.61,0.62,0.010000000000000009,0.62,5421.0,51
KXNBAGAME-26FEB20MILNOP,KXNBAGAME-26FEB20MILNOP-NOP,NBA,winner,New Orleans,Milwaukee,1771635600,2026-02-21T01:00:00+00:00,kalshi_milestone_start_date,2026-03-26T07:28:49.656305Z,cf61d00b-954f-48c8-8f5b-31474aa126da,0,1771644306,,True,1073,2026-02-21,train,5m,1771635300,included,1771635300,0,0.615,0.61,0.62,0.010000000000000009,0.62,50927.0,50
KXNBAGAME-26FEB20DENPOR,KXNBAGAME-26FEB20DENPOR-POR,NBA,winner,Portland,Denver,1771642800,2026-02-21T03:00:00+00:00,kalshi_milestone_start_date,2026-03-26T07:28:49.614641Z,5bc07d7b-eb4d-4060-997f-cdde3b7c1a4a,0,1771652876,,True,1104,2026-02-21,train,6h,1771621200,included,1771621200,0,0.485,0.48,0.49,0.010000000000000009,0.49,1193.0,30
KXNBAGAME-26FEB20DENPOR,KXNBAGAME-26FEB20DENPOR-POR,NBA,winner,Portland,Denver,1771642800,2026-02-21T03:00:00+00:00,kalshi_milestone_start_date,2026-03-26T07:28:49.614641Z,5bc07d7b-eb4d-4060-997f-cdde3b7c1a4a,0,1771652876,,True,1104,2026-02-21,train,1h,1771639200,included,1771639200,0,0.515,0.51,0.52,0.010000000000000009,0.52,26953.0,51
KXNBAGAME-26FEB20DENPOR,KXNBAGAME-26FEB20DENPOR-POR,NBA,winner,Portland,Denver,1771642800,2026-02-21T03:00:00+00:00,kalshi_milestone_start_date,2026-03-26T07:28:49.614641Z,5bc07d7b-eb4d-4060-997f-cdde3b7c1a4a,0,1771652876,,True,1104,2026-02-21,train,5m,1771642500,included,1771642500,0,0.475,0.47,0.48,0.010000000000000009,0.48,213214.0,58
KXNBAGAME-26FEB20LACLAL,KXNBAGAME-26FEB20LACLAL-LAL,NBA,winner,Los Angeles L,Los Angeles C,1771642800,2026-02-21T03:00:00+00:00,kalshi_milestone_start_date,2026-03-26T07:28:52.931427Z,b25e79f3-4e24-429c-a092-3557ed3b3489,1,1771653237,,True,1257,2026-02-21,train,24h,1771556400,included,1771556400,0,0.705,0.69,0.72,0.030000000000000027,,790.0,22
KXNBAGAME-26FEB20LACLAL,KXNBAGAME-26FEB20LACLAL-LAL,NBA,winner,Los Angeles L,Los Angeles C,1771642800,2026-02-21T03:00:00+00:00,kalshi_milestone_start_date,2026-03-26T07:28:52.931427Z,b25e79f3-4e24-429c-a092-3557ed3b3489,1,1771653237,,True,1257,2026-02-21,train,6h,1771621200,included,1771621200,0,0.705,0.7,0.71,0.010000000000000009,0.71,27390.0,52
KXNBAGAME-26FEB20LACLAL,KXNBAGAME-26FEB20LACLAL-LAL,NBA,winner,Los Angeles L,Los Angeles C,1771642800,2026-02-21T03:00:00+00:00,kalshi_milestone_start_date,2026-03-26T07:28:52.931427Z,b25e79f3-4e24-429c-a092-3557ed3b3489,1,1771653237,,True,1257,2026-02-21,train,1h,1771639200,included,1771639200,0,0.685,0.68,0.69,0.009999999999999898,0.69,46172.0,59
KXNBAGAME-26FEB20LACLAL,KXNBAGAME-26FEB20LACLAL-LAL,NBA,winner,Los Angeles L,Los Angeles C,1771642800,2026-02-21T03:00:00+00:00,kalshi_milestone_start_date,2026-03-26T07:28:52.931427Z,b25e79f3-4e24-429c-a092-3557ed3b3489,1,1771653237,,True,1257,2026-02-21,train,5m,1771642500,included,1771642500,0,0.695,0.69,0.7,0.010000000000000009,0.7,239964.0,60
KXNBAGAME-26FEB21ORLPHX,KXNBAGAME-26FEB21ORLPHX-PHX,NBA,winner,Phoenix,Orlando,1771711200,2026-02-21T22:00:00+00:00,kalshi_milestone_start_date,2026-03-26T07:28:45.587549Z,7649b50e-8b46-45d5-bd5b-94a9660788a8,1,1771723076,,True,1206,2026-02-21,train,6h,1771689600,included,1771689600,0,0.535,0.53,0.54,0.010000000000000009,0.54,12296.0,50
KXNBAGAME-26FEB21ORLPHX,KXNBAGAME-26FEB21ORLPHX-PHX,NBA,winner,Phoenix,Orlando,1771711200,2026-02-21T22:00:00+00:00,kalshi_milestone_start_date,2026-03-26T07:28:45.587549Z,7649b50e-8b46-45d5-bd5b-94a9660788a8,1,1771723076,,True,1206,2026-02-21,train,1h,1771707600,included,1771707600,0,0.565,0.56,0.57,0.009999999999999898,0.57,30806.0,59
KXNBAGAME-26FEB21ORLPHX,KXNBAGAME-26FEB21ORLPHX-PHX,NBA,winner,Phoenix,Orlando,1771711200,2026-02-21T22:00:00+00:00,kalshi_milestone_start_date,2026-03-26T07:28:45.587549Z,7649b50e-8b46-45d5-bd5b-94a9660788a8,1,1771723076,,True,1206,2026-02-21,train,5m,1771710900,included,1771710900,0,0.595,0.59,0.6,0.010000000000000009,0.6,87085.0,60
KXNBAGAME-26FEB21PHINOP,KXNBAGAME-26FEB21PHINOP-NOP,NBA,winner,New Orleans,Philadelphia,1771718400,2026-02-22T00:00:00+00:00,kalshi_milestone_start_date,2026-03-26T07:28:10.972316Z,c4532702-6f0a-4c1c-bd89-1a82ae1926bf,1,1771728476,,True,906,2026-02-22,train,6h,1771696800,included,1771696740,60,0.405,0.4,0.41,0.009999999999999953,0.41,2223.0,19
KXNBAGAME-26FEB21PHINOP,KXNBAGAME-26FEB21PHINOP-NOP,NBA,winner,New Orleans,Philadelphia,1771718400,2026-02-22T00:00:00+00:00,kalshi_milestone_start_date,2026-03-26T07:28:10.972316Z,c4532702-6f0a-4c1c-bd89-1a82ae1926bf,1,1771728476,,True,906,2026-02-22,train,1h,1771714800,included,1771714800,0,0.395,0.39,0.4,0.010000000000000009,0.4,5640.0,44
KXNBAGAME-26FEB21PHINOP,KXNBAGAME-26FEB21PHINOP-NOP,NBA,winner,New Orleans,Philadelphia,1771718400,2026-02-22T00:00:00+00:00,kalshi_milestone_start_date,2026-03-26T07:28:10.972316Z,c4532702-6f0a-4c1c-bd89-1a82ae1926bf,1,1771728476,,True,906,2026-02-22,train,5m,1771718100,included,1771718100,0,0.395,0.39,0.4,0.010000000000000009,0.4,11293.0,53
KXNBAGAME-26FEB21DETCHI,KXNBAGAME-26FEB21DETCHI-CHI,NBA,winner,Chicago,Detroit,1771722000,2026-02-22T01:00:00+00:00,kalshi_milestone_start_date,2026-03-26T07:29:02.174065Z,b3fbb693-caa0-44b6-ae33-0d76bc0d7bc8,0,1771731126,,True,937,2026-02-22,train,24h,1771635600,included,1771635540,60,0.22,0.21,0.23,0.020000000000000018,,248.0,12
KXNBAGAME-26FEB21DETCHI,KXNBAGAME-26FEB21DETCHI-CHI,NBA,winner,Chicago,Detroit,1771722000,2026-02-22T01:00:00+00:00,kalshi_milestone_start_date,2026-03-26T07:29:02.174065Z,b3fbb693-caa0-44b6-ae33-0d76bc0d7bc8,0,1771731126,,True,937,2026-02-22,train,6h,1771700400,included,1771700400,0,0.175,0.17,0.18,0.009999999999999981,,3797.0,32
KXNBAGAME-26FEB21DETCHI,KXNBAGAME-26FEB21DETCHI-CHI,NBA,winner,Chicago,Detroit,1771722000,2026-02-22T01:00:00+00:00,kalshi_milestone_start_date,2026-03-26T07:29:02.174065Z,b3fbb693-caa0-44b6-ae33-0d76bc0d7bc8,0,1771731126,,True,937,2026-02-22,train,1h,1771718400,included,1771718400,0,0.175,0.17,0.18,0.009999999999999981,0.18,19455.0,53
KXNBAGAME-26FEB21DETCHI,KXNBAGAME-26FEB21DETCHI-CHI,NBA,winner,Chicago,Detroit,1771722000,2026-02-22T01:00:00+00:00,kalshi_milestone_start_date,2026-03-26T07:29:02.174065Z,b3fbb693-caa0-44b6-ae33-0d76bc0d7bc8,0,1771731126,,True,937,2026-02-22,train,5m,1771721700,included,1771721700,0,0.175,0.17,0.18,0.009999999999999981,0.18,57211.0,54
KXNBAGAME-26FEB21MEMMIA,KXNBAGAME-26FEB21MEMMIA-MIA,NBA,winner,Miami,Memphis,1771722000,2026-02-22T01:00:00+00:00,kalshi_milestone_start_date,2026-03-26T07:28:16.886693Z,9c2f8e31-ab4b-4e6b-90ab-0ef280ab8a03,1,1771731956,,True,976,2026-02-22,train,6h,1771700400,included,1771700400,0,0.835,0.83,0.84,0.010000000000000009,,54038.0,27
KXNBAGAME-26FEB21MEMMIA,KXNBAGAME-26FEB21MEMMIA-MIA,NBA,winner,Miami,Memphis,1771722000,2026-02-22T01:00:00+00:00,kalshi_milestone_start_date,2026-03-26T07:28:16.886693Z,9c2f8e31-ab4b-4e6b-90ab-0ef280ab8a03,1,1771731956,,True,976,2026-02-22,train,1h,1771718400,included,1771718400,0,0.825,0.82,0.83,0.010000000000000009,0.83,23535.0,44
KXNBAGAME-26FEB21MEMMIA,KXNBAGAME-26FEB21MEMMIA-MIA,NBA,winner,Miami,Memphis,1771722000,2026-02-22T01:00:00+00:00,kalshi_milestone_start_date,2026-03-26T07:28:16.886693Z,9c2f8e31-ab4b-4e6b-90ab-0ef280ab8a03,1,1771731956,,True,976,2026-02-22,train,5m,1771721700,included,1771721700,0,0.815,0.81,0.82,0.009999999999999898,0.81,68162.0,49
KXNBAGAME-26FEB21SACSAS,KXNBAGAME-26FEB21SACSAS-SAS,NBA,winner,San Antonio,Sacramento,1771722000,2026-02-22T01:00:00+00:00,kalshi_milestone_start_date,2026-03-26T07:28:54.11167Z,7856955c-4560-4960-97ba-ad6c8fcee776,1,1771732068,,True,1119,2026-02-22,train,24h,1771635600,included,1771635600,0,0.925,0.92,0.93,0.010000000000000009,0.92,7453.0,16
KXNBAGAME-26FEB21SACSAS,KXNBAGAME-26FEB21SACSAS-SAS,NBA,winner,San Antonio,Sacramento,1771722000,2026-02-22T01:00:00+00:00,kalshi_milestone_start_date,2026-03-26T07:28:54.11167Z,7856955c-4560-4960-97ba-ad6c8fcee776,1,1771732068,,True,1119,2026-02-22,train,6h,1771700400,included,1771700400,0,0.925,0.92,0.93,0.010000000000000009,,31748.0,39
KXNBAGAME-26FEB21SACSAS,KXNBAGAME-26FEB21SACSAS-SAS,NBA,winner,San Antonio,Sacramento,1771722000,2026-02-22T01:00:00+00:00,kalshi_milestone_start_date,2026-03-26T07:28:54.11167Z,7856955c-4560-4960-97ba-ad6c8fcee776,1,1771732068,,True,1119,2026-02-22,train,1h,1771718400,included,1771718400,0,0.925,0.92,0.93,0.010000000000000009,0.93,50141.0,53
KXNBAGAME-26FEB21SACSAS,KXNBAGAME-26FEB21SACSAS-SAS,NBA,winner,San Antonio,Sacramento,1771722000,2026-02-22T01:00:00+00:00,kalshi_milestone_start_date,2026-03-26T07:28:54.11167Z,7856955c-4560-4960-97ba-ad6c8fcee776,1,1771732068,,True,1119,2026-02-22,train,5m,1771721700,included,1771721700,0,0.925,0.92,0.93,0.010000000000000009,0.93,159125.0,56
KXNBAGAME-26FEB21HOUNYK,KXNBAGAME-26FEB21HOUNYK-NYK,NBA,winner,New York,Houston,1771723800,2026-02-22T01:30:00+00:00,kalshi_milestone_start_date,2026-03-26T07:28:10.109899Z,0d77b01b-f721-4bfc-b933-b5b12ae5662e,1,1771734337,,True,1169,2026-02-22,train,6h,1771702200,included,1771702200,0,0.595,0.59,0.6,0.010000000000000009,0.6,10879.0,52
KXNBAGAME-26FEB21HOUNYK,KXNBAGAME-26FEB21HOUNYK-NYK,NBA,winner,New York,Houston,1771723800,2026-02-22T01:30:00+00:00,kalshi_milestone_start_date,2026-03-26T07:28:10.109899Z,0d77b01b-f721-4bfc-b933-b5b12ae5662e,1,1771734337,,True,1169,2026-02-22,train,1h,1771720200,included,1771720200,0,0.6,0.59,0.61,0.020000000000000018,0.61,63557.0,60
KXNBAGAME-26FEB21HOUNYK,KXNBAGAME-26FEB21HOUNYK-NYK,NBA,winner,New York,Houston,1771723800,2026-02-22T01:30:00+00:00,kalshi_milestone_start_date,2026-03-26T07:28:10.109899Z,0d77b01b-f721-4bfc-b933-b5b12ae5662e,1,1771734337,,True,1169,2026-02-22,train,5m,1771723500,included,1771723500,0,0.605,0.6,0.61,0.010000000000000009,0.6,223630.0,60
KXNBAGAME-26FEB22CLEOKC,KXNBAGAME-26FEB22CLEOKC-OKC,NBA,winner,Oklahoma City,Cleveland,1771783200,2026-02-22T18:00:00+00:00,kalshi_milestone_start_date,2026-03-26T07:28:56.148043Z,ec39dc52-fc2a-44f1-ba55-7bd4d0c4e594,1,1771793416,,True,1299,2026-02-22,train,24h,1771696800,included,1771696740,60,0.515,0.5,0.53,0.030000000000000027,0.53,3041.0,24
KXNBAGAME-26FEB22CLEOKC,KXNBAGAME-26FEB22CLEOKC-OKC,NBA,winner,Oklahoma City,Cleveland,1771783200,2026-02-22T18:00:00+00:00,kalshi_milestone_start_date,2026-03-26T07:28:56.148043Z,ec39dc52-fc2a-44f1-ba55-7bd4d0c4e594,1,1771793416,,True,1299,2026-02-22,train,6h,1771761600,included,1771761600,0,0.405,0.4,0.41,0.009999999999999953,,27293.0,44
KXNBAGAME-26FEB22CLEOKC,KXNBAGAME-26FEB22CLEOKC-OKC,NBA,winner,Oklahoma City,Cleveland,1771783200,2026-02-22T18:00:00+00:00,kalshi_milestone_start_date,2026-03-26T07:28:56.148043Z,ec39dc52-fc2a-44f1-ba55-7bd4d0c4e594,1,1771793416,,True,1299,2026-02-22,train,1h,1771779600,included,1771779600,0,0.375,0.37,0.38,0.010000000000000009,0.38,149630.0,60
KXNBAGAME-26FEB22CLEOKC,KXNBAGAME-26FEB22CLEOKC-OKC,NBA,winner,Oklahoma City,Cleveland,1771783200,2026-02-22T18:00:00+00:00,kalshi_milestone_start_date,2026-03-26T07:28:56.148043Z,ec39dc52-fc2a-44f1-ba55-7bd4d0c4e594,1,1771793416,,True,1299,2026-02-22,train,5m,1771782900,included,1771782900,0,0.385,0.38,0.39,0.010000000000000009,0.39,216669.0,60
KXNBAGAME-26FEB22BKNATL,KXNBAGAME-26FEB22BKNATL-ATL,NBA,winner,Atlanta,Brooklyn,1771792200,2026-02-22T20:30:00+00:00,kalshi_milestone_start_date,2026-03-26T07:28:19.120498Z,c1d03cae-ef08-4bf1-b13a-c5b31ab9dcf3,1,1771802056,,True,927,2026-02-22,train,6h,1771770600,included,1771770600,0,0.795,0.79,0.8,0.010000000000000009,0.8,4646.0,28
KXNBAGAME-26FEB22BKNATL,KXNBAGAME-26FEB22BKNATL-ATL,NBA,winner,Atlanta,Brooklyn,1771792200,2026-02-22T20:30:00+00:00,kalshi_milestone_start_date,2026-03-26T07:28:19.120498Z,c1d03cae-ef08-4bf1-b13a-c5b31ab9dcf3,1,1771802056,,True,927,2026-02-22,train,1h,1771788600,included,1771788600,0,0.785,0.78,0.79,0.010000000000000009,0.79,18169.0,53
KXNBAGAME-26FEB22BKNATL,KXNBAGAME-26FEB22BKNATL-ATL,NBA,winner,Atlanta,Brooklyn,1771792200,2026-02-22T20:30:00+00:00,kalshi_milestone_start_date,2026-03-26T07:28:19.120498Z,c1d03cae-ef08-4bf1-b13a-c5b31ab9dcf3,1,1771802056,,True,927,2026-02-22,train,5m,1771791900,included,1771791900,0,0.785,0.78,0.79,0.010000000000000009,0.79,15197.0,51
KXNBAGAME-26FEB22DENGSW,KXNBAGAME-26FEB22DENGSW-GSW,NBA,winner,Golden State,Denver,1771792200,2026-02-22T20:30:00+00:00,kalshi_milestone_start_date,2026-03-26T07:28:12.615233Z,76bd3ba9-e669-4509-8098-cf6a132fc7cf,1,1771802647,,True,1161,2026-02-22,train,24h,1771705800,included,1771705800,0,0.35,0.34,0.36,0.019999999999999962,,114.0,7
KXNBAGAME-26FEB22DENGSW,KXNBAGAME-26FEB22DENGSW-GSW,NBA,winner,Golden State,Denver,1771792200,2026-02-22T20:30:00+00:00,kalshi_milestone_start_date,2026-03-26T07:28:12.615233Z,76bd3ba9-e669-4509-8098-cf6a132fc7cf,1,1771802647,,True,1161,2026-02-22,train,6h,1771770600,included,1771770600,0,0.315,0.31,0.32,0.010000000000000009,0.32,1583.0,28
KXNBAGAME-26FEB22DENGSW,KXNBAGAME-26FEB22DENGSW-GSW,NBA,winner,Golden State,Denver,1771792200,2026-02-22T20:30:00+00:00,kalshi_milestone_start_date,2026-03-26T07:28:12.615233Z,76bd3ba9-e669-4509-8098-cf6a132fc7cf,1,1771802647,,True,1161,2026-02-22,train,1h,1771788600,included,1771788600,0,0.31,0.3,0.32,0.020000000000000018,0.32,61863.0,58
KXNBAGAME-26FEB22DENGSW,KXNBAGAME-26FEB22DENGSW-GSW,NBA,winner,Golden State,Denver,1771792200,2026-02-22T20:30:00+00:00,kalshi_milestone_start_date,2026-03-26T07:28:12.615233Z,76bd3ba9-e669-4509-8098-cf6a132fc7cf,1,1771802647,,True,1161,2026-02-22,train,5m,1771791900,included,1771791900,0,0.315,0.31,0.32,0.010000000000000009,0.32,63432.0,59
KXNBAGAME-26FEB22TORMIL,KXNBAGAME-26FEB22TORMIL-MIL,NBA,winner,Milwaukee,Toronto,1771792200,2026-02-22T20:30:00+00:00,kalshi_milestone_start_date,2026-03-26T07:28:13.918215Z,06f6816f-e516-4e86-bdcd-291be93f09c5,0,1771802406,,True,1124,2026-02-22,train,6h,1771770600,included,1771770600,0,0.425,0.42,0.43,0.010000000000000009,,2213.0,32
KXNBAGAME-26FEB22TORMIL,KXNBAGAME-26FEB22TORMIL-MIL,NBA,winner,Milwaukee,Toronto,1771792200,2026-02-22T20:30:00+00:00,kalshi_milestone_start_date,2026-03-26T07:28:13.918215Z,06f6816f-e516-4e86-bdcd-291be93f09c5,0,1771802406,,True,1124,2026-02-22,train,1h,1771788600,included,1771788600,0,0.415,0.41,0.42,0.010000000000000009,0.42,33758.0,56
KXNBAGAME-26FEB22TORMIL,KXNBAGAME-26FEB22TORMIL-MIL,NBA,winner,Milwaukee,Toronto,1771792200,2026-02-22T20:30:00+00:00,kalshi_milestone_start_date,2026-03-26T07:28:13.918215Z,06f6816f-e516-4e86-bdcd-291be93f09c5,0,1771802406,,True,1124,2026-02-22,train,5m,1771791900,included,1771791900,0,0.395,0.39,0.4,0.010000000000000009,0.4,44586.0,59
KXNBAGAME-26FEB22DALIND,KXNBAGAME-26FEB22DALIND-IND,NBA,winner,Indiana,Dallas,1771797600,2026-02-22T22:00:00+00:00,kalshi_milestone_start_date,2026-03-26T07:28:16.294546Z,d9f5613c-0a63-47a0-b718-d9c109cea176,0,1771807086,,True,982,2026-02-22,train,24h,1771711200,included,1771711200,0,0.475,0.46,0.49,0.02999999999999997,0.49,188.0,11
KXNBAGAME-26FEB22DALIND,KXNBAGAME-26FEB22DALIND-IND,NBA,winner,Indiana,Dallas,1771797600,2026-02-22T22:00:00+00:00,kalshi_milestone_start_date,2026-03-26T07:28:16.294546Z,d9f5613c-0a63-47a0-b718-d9c109cea176,0,1771807086,,True,982,2026-02-22,train,6h,1771776000,included,1771776000,0,0.46499999999999997,0.46,0.47,0.009999999999999953,,1753.0,23
KXNBAGAME-26FEB22DALIND,KXNBAGAME-26FEB22DALIND-IND,NBA,winner,Indiana,Dallas,1771797600,2026-02-22T22:00:00+00:00,kalshi_milestone_start_date,2026-03-26T07:28:16.294546Z,d9f5613c-0a63-47a0-b718-d9c109cea176,0,1771807086,,True,982,2026-02-22,train,1h,1771794000,included,1771794000,0,0.5,0.49,0.51,0.020000000000000018,0.51,36180.0,47
KXNBAGAME-26FEB22DALIND,KXNBAGAME-26FEB22DALIND-IND,NBA,winner,Indiana,Dallas,1771797600,2026-02-22T22:00:00+00:00,kalshi_milestone_start_date,2026-03-26T07:28:16.294546Z,d9f5613c-0a63-47a0-b718-d9c109cea176,0,1771807086,,True,982,2026-02-22,train,5m,1771797300,included,1771797300,0,0.485,0.48,0.49,0.010000000000000009,0.49,53355.0,56
KXNBAGAME-26FEB22CHAWAS,KXNBAGAME-26FEB22CHAWAS-WAS,NBA,winner,Washington,Charlotte,1771801200,2026-02-22T23:00:00+00:00,kalshi_milestone_start_date,2026-03-26T07:29:08.438902Z,ea407a9a-6692-4ff0-a59a-70818c30c354,0,1771810346,,True,937,2026-02-22,train,24h,1771714800,included,1771714740,60,0.19,0.18,0.2,0.020000000000000018,,542.0,7
KXNBAGAME-26FEB22CHAWAS,KXNBAGAME-26FEB22CHAWAS-WAS,NBA,winner,Washington,Charlotte,1771801200,2026-02-22T23:00:00+00:00,kalshi_milestone_start_date,2026-03-26T07:29:08.438902Z,ea407a9a-6692-4ff0-a59a-70818c30c354,0,1771810346,,True,937,2026-02-22,train,6h,1771779600,included,1771779600,0,0.165,0.16,0.17,0.010000000000000009,0.17,6064.0,41
KXNBAGAME-26FEB22CHAWAS,KXNBAGAME-26FEB22CHAWAS-WAS,NBA,winner,Washington,Charlotte,1771801200,2026-02-22T23:00:00+00:00,kalshi_milestone_start_date,2026-03-26T07:29:08.438902Z,ea407a9a-6692-4ff0-a59a-70818c30c354,0,1771810346,,True,937,2026-02-22,train,1h,1771797600,included,1771797600,0,0.175,0.17,0.18,0.009999999999999981,0.18,18412.0,55
KXNBAGAME-26FEB22CHAWAS,KXNBAGAME-26FEB22CHAWAS-WAS,NBA,winner,Washington,Charlotte,1771801200,2026-02-22T23:00:00+00:00,kalshi_milestone_start_date,2026-03-26T07:29:08.438902Z,ea407a9a-6692-4ff0-a59a-70818c30c354,0,1771810346,,True,937,2026-02-22,train,5m,1771800900,included,1771800900,0,0.195,0.19,0.2,0.010000000000000009,0.2,60298.0,60
KXNBAGAME-26FEB22BOSLAL,KXNBAGAME-26FEB22BOSLAL-LAL,NBA,winner,Los Angeles L,Boston,1771803000,2026-02-22T23:30:00+00:00,kalshi_milestone_start_date,2026-03-26T07:28:16.90122Z,aa8d08de-0c14-4a07-a8bc-1c91a686d5ee,0,1771812367,,True,1253,2026-02-22,train,24h,1771716600,included,1771716540,60,0.48,0.47,0.49,0.020000000000000018,,1026.0,19
KXNBAGAME-26FEB22BOSLAL,KXNBAGAME-26FEB22BOSLAL-LAL,NBA,winner,Los Angeles L,Boston,1771803000,2026-02-22T23:30:00+00:00,kalshi_milestone_start_date,2026-03-26T07:28:16.90122Z,aa8d08de-0c14-4a07-a8bc-1c91a686d5ee,0,1771812367,,True,1253,2026-02-22,train,6h,1771781400,included,1771781400,0,0.475,0.47,0.48,0.010000000000000009,0.47,54216.0,60
KXNBAGAME-26FEB22BOSLAL,KXNBAGAME-26FEB22BOSLAL-LAL,NBA,winner,Los Angeles L,Boston,1771803000,2026-02-22T23:30:00+00:00,kalshi_milestone_start_date,2026-03-26T07:28:16.90122Z,aa8d08de-0c14-4a07-a8bc-1c91a686d5ee,0,1771812367,,True,1253,2026-02-22,train,1h,1771799400,included,1771799400,0,0.495,0.49,0.5,0.010000000000000009,0.5,133683.0,60
KXNBAGAME-26FEB22BOSLAL,KXNBAGAME-26FEB22BOSLAL-LAL,NBA,winner,Los Angeles L,Boston,1771803000,2026-02-22T23:30:00+00:00,kalshi_milestone_start_date,2026-03-26T07:28:16.90122Z,aa8d08de-0c14-4a07-a8bc-1c91a686d5ee,0,1771812367,,True,1253,2026-02-22,train,5m,1771802700,included,1771802700,0,0.485,0.48,0.49,0.010000000000000009,0.49,1027868.0,60
KXNBAGAME-26FEB22PHIMIN,KXNBAGAME-26FEB22PHIMIN-MIN,NBA,winner,Minnesota,Philadelphia,1771804800,2026-02-23T00:00:00+00:00,kalshi_milestone_start_date,2026-03-26T07:28:17.568028Z,08faf913-7289-472c-890b-cb2c560720aa,0,1771814267,,True,937,2026-02-23,train,24h,1771718400,included,1771718340,60,0.745,0.74,0.75,0.010000000000000009,,18.0,3
KXNBAGAME-26FEB22PHIMIN,KXNBAGAME-26FEB22PHIMIN-MIN,NBA,winner,Minnesota,Philadelphia,1771804800,2026-02-23T00:00:00+00:00,kalshi_milestone_start_date,2026-03-26T07:28:17.568028Z,08faf913-7289-472c-890b-cb2c560720aa,0,1771814267,,True,937,2026-02-23,train,6h,1771783200,included,1771783200,0,0.755,0.75,0.76,0.010000000000000009,,5183.0,34
KXNBAGAME-26FEB22PHIMIN,KXNBAGAME-26FEB22PHIMIN-MIN,NBA,winner,Minnesota,Philadelphia,1771804800,2026-02-23T00:00:00+00:00,kalshi_milestone_start_date,2026-03-26T07:28:17.568028Z,08faf913-7289-472c-890b-cb2c560720aa,0,1771814267,,True,937,2026-02-23,train,1h,1771801200,included,1771801200,0,0.76,0.75,0.77,0.020000000000000018,0.77,18503.0,51
KXNBAGAME-26FEB22PHIMIN,KXNBAGAME-26FEB22PHIMIN-MIN,NBA,winner,Minnesota,Philadelphia,1771804800,2026-02-23T00:00:00+00:00,kalshi_milestone_start_date,2026-03-26T07:28:17.568028Z,08faf913-7289-472c-890b-cb2c560720aa,0,1771814267,,True,937,2026-02-23,train,5m,1771804500,included,1771804500,0,0.76,0.75,0.77,0.020000000000000018,0.77,56364.0,60
KXNBAGAME-26FEB22NYKCHI,KXNBAGAME-26FEB22NYKCHI-CHI,NBA,winner,Chicago,New York,1771808400,2026-02-23T01:00:00+00:00,kalshi_milestone_start_date,2026-03-26T07:27:52.688775Z,de0725a3-0cd6-42c2-8702-9d7317a6634b,0,1771818726,,True,787,2026-02-23,train,24h,1771722000,included,1771722000,0,0.2,0.19,0.21,0.01999999999999999,,139.0,4
KXNBAGAME-26FEB22NYKCHI,KXNBAGAME-26FEB22NYKCHI-CHI,NBA,winner,Chicago,New York,1771808400,2026-02-23T01:00:00+00:00,kalshi_milestone_start_date,2026-03-26T07:27:52.688775Z,de0725a3-0cd6-42c2-8702-9d7317a6634b,0,1771818726,,True,787,2026-02-23,train,6h,1771786800,included,1771786800,0,0.20500000000000002,0.2,0.21,0.009999999999999981,0.21,2681.0,30
KXNBAGAME-26FEB22NYKCHI,KXNBAGAME-26FEB22NYKCHI-CHI,NBA,winner,Chicago,New York,1771808400,2026-02-23T01:00:00+00:00,kalshi_milestone_start_date,2026-03-26T07:27:52.688775Z,de0725a3-0cd6-42c2-8702-9d7317a6634b,0,1771818726,,True,787,2026-02-23,train,1h,1771804800,included,1771804800,0,0.20500000000000002,0.2,0.21,0.009999999999999981,0.21,26140.0,58
KXNBAGAME-26FEB22NYKCHI,KXNBAGAME-26FEB22NYKCHI-CHI,NBA,winner,Chicago,New York,1771808400,2026-02-23T01:00:00+00:00,kalshi_milestone_start_date,2026-03-26T07:27:52.688775Z,de0725a3-0cd6-42c2-8702-9d7317a6634b,0,1771818726,,True,787,2026-02-23,train,5m,1771808100,included,1771808100,0,0.215,0.21,0.22,0.010000000000000009,0.22,92822.0,60
KXNBAGAME-26FEB22PORPHX,KXNBAGAME-26FEB22PORPHX-PHX,NBA,winner,Phoenix,Portland,1771808400,2026-02-23T01:00:00+00:00,kalshi_milestone_start_date,2026-03-26T07:28:17.540309Z,20ab5310-bbd3-44ec-9c1b-654f6693ce73,0,1771817156,,True,1097,2026-02-23,train,24h,1771722000,included,1771722000,0,0.415,0.41,0.42,0.010000000000000009,0.41,13157.0,19
KXNBAGAME-26FEB22PORPHX,KXNBAGAME-26FEB22PORPHX-PHX,NBA,winner,Phoenix,Portland,1771808400,2026-02-23T01:00:00+00:00,kalshi_milestone_start_date,2026-03-26T07:28:17.540309Z,20ab5310-bbd3-44ec-9c1b-654f6693ce73,0,1771817156,,True,1097,2026-02-23,train,6h,1771786800,included,1771786800,0,0.415,0.41,0.42,0.010000000000000009,0.42,27227.0,51
KXNBAGAME-26FEB22PORPHX,KXNBAGAME-26FEB22PORPHX-PHX,NBA,winner,Phoenix,Portland,1771808400,2026-02-23T01:00:00+00:00,kalshi_milestone_start_date,2026-03-26T07:28:17.540309Z,20ab5310-bbd3-44ec-9c1b-654f6693ce73,0,1771817156,,True,1097,2026-02-23,train,1h,1771804800,included,1771804800,0,0.435,0.43,0.44,0.010000000000000009,0.44,59822.0,60
KXNBAGAME-26FEB22PORPHX,KXNBAGAME-26FEB22PORPHX-PHX,NBA,winner,Phoenix,Portland,1771808400,2026-02-23T01:00:00+00:00,kalshi_milestone_start_date,2026-03-26T07:28:17.540309Z,20ab5310-bbd3-44ec-9c1b-654f6693ce73,0,1771817156,,True,1097,2026-02-23,train,5m,1771808100,included,1771808100,0,0.405,0.4,0.41,0.009999999999999953,0.41,118184.0,60
KXNBAGAME-26FEB22ORLLAC,KXNBAGAME-26FEB22ORLLAC-LAC,NBA,winner,Los Angeles C,Orlando,1771812000,2026-02-23T02:00:00+00:00,kalshi_milestone_start_date,2026-03-26T07:29:01.696363Z,28068150-dafb-40fc-9632-1de7a3fd8e45,0,1771822316,,True,1051,2026-02-23,train,6h,1771790400,included,1771790400,0,0.54,0.53,0.55,0.020000000000000018,0.55,3085.0,46
KXNBAGAME-26FEB22ORLLAC,KXNBAGAME-26FEB22ORLLAC-LAC,NBA,winner,Los Angeles C,Orlando,1771812000,2026-02-23T02:00:00+00:00,kalshi_milestone_start_date,2026-03-26T07:29:01.696363Z,28068150-dafb-40fc-9632-1de7a3fd8e45,0,1771822316,,True,1051,2026-02-23,train,1h,1771808400,included,1771808400,0,0.635,0.63,0.64,0.010000000000000009,0.64,75127.0,59
KXNBAGAME-26FEB22ORLLAC,KXNBAGAME-26FEB22ORLLAC-LAC,NBA,winner,Los Angeles C,Orlando,1771812000,2026-02-23T02:00:00+00:00,kalshi_milestone_start_date,2026-03-26T07:29:01.696363Z,28068150-dafb-40fc-9632-1de7a3fd8e45,0,1771822316,,True,1051,2026-02-23,train,5m,1771811700,included,1771811700,0,0.615,0.61,0.62,0.010000000000000009,0.62,196784.0,60
KXNBAGAME-26FEB23SASDET,KXNBAGAME-26FEB23SASDET-DET,NBA,winner,Detroit,San Antonio,1771891200,2026-02-24T00:00:00+00:00,kalshi_milestone_start_date,2026-03-26T07:28:33.073159Z,eceba088-3c61-4c3f-a467-edbdfed0e41d,0,1771902837,,True,1355,2026-02-24,train,24h,1771804800,included,1771804800,0,0.55,0.54,0.56,0.020000000000000018,,6627.0,27
KXNBAGAME-26FEB23SASDET,KXNBAGAME-26FEB23SASDET-DET,NBA,winner,Detroit,San Antonio,1771891200,2026-02-24T00:00:00+00:00,kalshi_milestone_start_date,2026-03-26T07:28:33.073159Z,eceba088-3c61-4c3f-a467-edbdfed0e41d,0,1771902837,,True,1355,2026-02-24,train,6h,1771869600,included,1771869600,0,0.525,0.52,0.53,0.010000000000000009,0.53,31848.0,60
KXNBAGAME-26FEB23SASDET,KXNBAGAME-26FEB23SASDET-DET,NBA,winner,Detroit,San Antonio,1771891200,2026-02-24T00:00:00+00:00,kalshi_milestone_start_date,2026-03-26T07:28:33.073159Z,eceba088-3c61-4c3f-a467-edbdfed0e41d,0,1771902837,,True,1355,2026-02-24,train,1h,1771887600,included,1771887600,0,0.525,0.52,0.53,0.010000000000000009,0.53,139659.0,60
KXNBAGAME-26FEB23SASDET,KXNBAGAME-26FEB23SASDET-DET,NBA,winner,Detroit,San Antonio,1771891200,2026-02-24T00:00:00+00:00,kalshi_milestone_start_date,2026-03-26T07:28:33.073159Z,eceba088-3c61-4c3f-a467-edbdfed0e41d,0,1771902837,,True,1355,2026-02-24,train,5m,1771890900,included,1771890900,0,0.525,0.52,0.53,0.010000000000000009,0.53,372406.0,60
KXNBAGAME-26FEB23SACMEM,KXNBAGAME-26FEB23SACMEM-MEM,NBA,winner,Memphis,Sacramento,1771894800,2026-02-24T01:00:00+00:00,kalshi_milestone_start_date,2026-03-26T07:28:18.246835Z,bdf58191-0eca-4403-a801-7c9c452a45e1,0,1771904646,,True,1380,2026-02-24,train,24h,1771808400,included,1771808400,0,0.635,0.62,0.65,0.030000000000000027,0.65,3126.0,31
KXNBAGAME-26FEB23SACMEM,KXNBAGAME-26FEB23SACMEM-MEM,NBA,winner,Memphis,Sacramento,1771894800,2026-02-24T01:00:00+00:00,kalshi_milestone_start_date,2026-03-26T07:28:18.246835Z,bdf58191-0eca-4403-a801-7c9c452a45e1,0,1771904646,,True,1380,2026-02-24,train,6h,1771873200,included,1771873200,0,0.58,0.57,0.59,0.020000000000000018,0.59,29533.0,58
KXNBAGAME-26FEB23SACMEM,KXNBAGAME-26FEB23SACMEM-MEM,NBA,winner,Memphis,Sacramento,1771894800,2026-02-24T01:00:00+00:00,kalshi_milestone_start_date,2026-03-26T07:28:18.246835Z,bdf58191-0eca-4403-a801-7c9c452a45e1,0,1771904646,,True,1380,2026-02-24,train,1h,1771891200,included,1771891200,0,0.565,0.56,0.57,0.009999999999999898,0.57,154830.0,60
KXNBAGAME-26FEB23SACMEM,KXNBAGAME-26FEB23SACMEM-MEM,NBA,winner,Memphis,Sacramento,1771894800,2026-02-24T01:00:00+00:00,kalshi_milestone_start_date,2026-03-26T07:28:18.246835Z,bdf58191-0eca-4403-a801-7c9c452a45e1,0,1771904646,,True,1380,2026-02-24,train,5m,1771894500,included,1771894500,0,0.575,0.57,0.58,0.010000000000000009,0.58,228879.0,60
KXNBAGAME-26FEB23UTAHOU,KXNBAGAME-26FEB23UTAHOU-HOU,NBA,winner,Houston,Utah,1771900200,2026-02-24T02:30:00+00:00,kalshi_milestone_start_date,2026-03-26T07:28:16.287216Z,2568ee3d-8e2a-44b9-b8be-494b81b1a3ca,1,1771909427,,True,1322,2026-02-24,train,24h,1771813800,included,1771813800,0,0.875,0.87,0.88,0.010000000000000009,,4525.0,22
KXNBAGAME-26FEB23UTAHOU,KXNBAGAME-26FEB23UTAHOU-HOU,NBA,winner,Houston,Utah,1771900200,2026-02-24T02:30:00+00:00,kalshi_milestone_start_date,2026-03-26T07:28:16.287216Z,2568ee3d-8e2a-44b9-b8be-494b81b1a3ca,1,1771909427,,True,1322,2026-02-24,train,6h,1771878600,included,1771878600,0,0.865,0.86,0.87,0.010000000000000009,0.87,54312.0,53
KXNBAGAME-26FEB23UTAHOU,KXNBAGAME-26FEB23UTAHOU-HOU,NBA,winner,Houston,Utah,1771900200,2026-02-24T02:30:00+00:00,kalshi_milestone_start_date,2026-03-26T07:28:16.287216Z,2568ee3d-8e2a-44b9-b8be-494b81b1a3ca,1,1771909427,,True,1322,2026-02-24,train,1h,1771896600,included,1771896600,0,0.875,0.87,0.88,0.010000000000000009,0.88,61597.0,59
KXNBAGAME-26FEB23UTAHOU,KXNBAGAME-26FEB23UTAHOU-HOU,NBA,winner,Houston,Utah,1771900200,2026-02-24T02:30:00+00:00,kalshi_milestone_start_date,2026-03-26T07:28:16.287216Z,2568ee3d-8e2a-44b9-b8be-494b81b1a3ca,1,1771909427,,True,1322,2026-02-24,train,5m,1771899900,included,1771899900,0,0.875,0.87,0.88,0.010000000000000009,0.88,124207.0,59
KXNBAGAME-26FEB24PHIIND,KXNBAGAME-26FEB24PHIIND-IND,NBA,winner,Indiana,Philadelphia,1771977600,2026-02-25T00:00:00+00:00,kalshi_milestone_start_date,2026-03-26T07:28:38.913989Z,19a658c9-b786-4db0-b096-20cea99d3cde,0,1771987225,,True,1267,2026-02-25,train,24h,1771891200,included,1771891200,0,0.245,0.23,0.26,0.03,,13630.0,34
KXNBAGAME-26FEB24PHIIND,KXNBAGAME-26FEB24PHIIND-IND,NBA,winner,Indiana,Philadelphia,1771977600,2026-02-25T00:00:00+00:00,kalshi_milestone_start_date,2026-03-26T07:28:38.913989Z,19a658c9-b786-4db0-b096-20cea99d3cde,0,1771987225,,True,1267,2026-02-25,train,6h,1771956000,included,1771956000,0,0.20500000000000002,0.2,0.21,0.009999999999999981,0.21,5361.0,50
KXNBAGAME-26FEB24PHIIND,KXNBAGAME-26FEB24PHIIND-IND,NBA,winner,Indiana,Philadelphia,1771977600,2026-02-25T00:00:00+00:00,kalshi_milestone_start_date,2026-03-26T07:28:38.913989Z,19a658c9-b786-4db0-b096-20cea99d3cde,0,1771987225,,True,1267,2026-02-25,train,1h,1771974000,included,1771974000,0,0.185,0.18,0.19,0.010000000000000009,0.19,45478.0,59
KXNBAGAME-26FEB24PHIIND,KXNBAGAME-26FEB24PHIIND-IND,NBA,winner,Indiana,Philadelphia,1771977600,2026-02-25T00:00:00+00:00,kalshi_milestone_start_date,2026-03-26T07:28:38.913989Z,19a658c9-b786-4db0-b096-20cea99d3cde,0,1771987225,,True,1267,2026-02-25,train,5m,1771977300,included,1771977300,0,0.185,0.18,0.19,0.010000000000000009,0.19,210844.0,60
KXNBAGAME-26FEB24DALBKN,KXNBAGAME-26FEB24DALBKN-BKN,NBA,winner,Brooklyn,Dallas,1771979400,2026-02-25T00:30:00+00:00,kalshi_milestone_start_date,2026-03-26T07:28:38.798918Z,f4c28379-8624-44ff-b57d-960d2a177bcf,0,1771991076,,True,896,2026-02-25,train,24h,1771893000,included,1771892880,120,0.45999999999999996,0.45,0.47,0.019999999999999962,,525.0,8
KXNBAGAME-26FEB24DALBKN,KXNBAGAME-26FEB24DALBKN-BKN,NBA,winner,Brooklyn,Dallas,1771979400,2026-02-25T00:30:00+00:00,kalshi_milestone_start_date,2026-03-26T07:28:38.798918Z,f4c28379-8624-44ff-b57d-960d2a177bcf,0,1771991076,,True,896,2026-02-25,train,6h,1771957800,included,1771957800,0,0.46499999999999997,0.46,0.47,0.009999999999999953,0.47,2352.0,34
KXNBAGAME-26FEB24DALBKN,KXNBAGAME-26FEB24DALBKN-BKN,NBA,winner,Brooklyn,Dallas,1771979400,2026-02-25T00:30:00+00:00,kalshi_milestone_start_date,2026-03-26T07:28:38.798918Z,f4c28379-8624-44ff-b57d-960d2a177bcf,0,1771991076,,True,896,2026-02-25,train,1h,1771975800,included,1771975800,0,0.46499999999999997,0.46,0.47,0.009999999999999953,0.47,16867.0,47
KXNBAGAME-26FEB24DALBKN,KXNBAGAME-26FEB24DALBKN-BKN,NBA,winner,Brooklyn,Dallas,1771979400,2026-02-25T00:30:00+00:00,kalshi_milestone_start_date,2026-03-26T07:28:38.798918Z,f4c28379-8624-44ff-b57d-960d2a177bcf,0,1771991076,,True,896,2026-02-25,train,5m,1771979100,included,1771979100,0,0.46499999999999997,0.46,0.47,0.009999999999999953,0.46,41169.0,59
KXNBAGAME-26FEB24NYKCLE,KXNBAGAME-26FEB24NYKCLE-CLE,NBA,winner,Cleveland,New York,1771979400,2026-02-25T00:30:00+00:00,kalshi_milestone_start_date,2026-03-26T07:28:35.890226Z,0800eaf7-c42f-40b6-a9db-4258ddb1e568,1,1771989756,,True,1264,2026-02-25,train,24h,1771893000,included,1771893000,0,0.605,0.6,0.61,0.010000000000000009,,821.0,26
KXNBAGAME-26FEB24NYKCLE,KXNBAGAME-26FEB24NYKCLE-CLE,NBA,winner,Cleveland,New York,1771979400,2026-02-25T00:30:00+00:00,kalshi_milestone_start_date,2026-03-26T07:28:35.890226Z,0800eaf7-c42f-40b6-a9db-4258ddb1e568,1,1771989756,,True,1264,2026-02-25,train,6h,1771957800,included,1771957800,0,0.605,0.6,0.61,0.010000000000000009,0.61,43932.0,56
KXNBAGAME-26FEB24NYKCLE,KXNBAGAME-26FEB24NYKCLE-CLE,NBA,winner,Cleveland,New York,1771979400,2026-02-25T00:30:00+00:00,kalshi_milestone_start_date,2026-03-26T07:28:35.890226Z,0800eaf7-c42f-40b6-a9db-4258ddb1e568,1,1771989756,,True,1264,2026-02-25,train,1h,1771975800,included,1771975800,0,0.605,0.6,0.61,0.010000000000000009,0.61,48630.0,60
KXNBAGAME-26FEB24NYKCLE,KXNBAGAME-26FEB24NYKCLE-CLE,NBA,winner,Cleveland,New York,1771979400,2026-02-25T00:30:00+00:00,kalshi_milestone_start_date,2026-03-26T07:28:35.890226Z,0800eaf7-c42f-40b6-a9db-4258ddb1e568,1,1771989756,,True,1264,2026-02-25,train,5m,1771979100,included,1771979100,0,0.605,0.6,0.61,0.010000000000000009,0.61,89982.0,60
KXNBAGAME-26FEB24OKCTOR,KXNBAGAME-26FEB24OKCTOR-TOR,NBA,winner,Toronto,Oklahoma City,1771979400,2026-02-25T00:30:00+00:00,kalshi_milestone_start_date,2026-03-26T07:28:38.065771Z,e45329df-c0cc-4355-8a52-ad26eda87679,0,1771989265,,True,1236,2026-02-25,train,24h,1771893000,included,1771892880,120,0.49,0.48,0.5,0.020000000000000018,,337.0,15
KXNBAGAME-26FEB24OKCTOR,KXNBAGAME-26FEB24OKCTOR-TOR,NBA,winner,Toronto,Oklahoma City,1771979400,2026-02-25T00:30:00+00:00,kalshi_milestone_start_date,2026-03-26T07:28:38.065771Z,e45329df-c0cc-4355-8a52-ad26eda87679,0,1771989265,,True,1236,2026-02-25,train,6h,1771957800,included,1771957800,0,0.525,0.52,0.53,0.010000000000000009,0.52,61020.0,54
KXNBAGAME-26FEB24OKCTOR,KXNBAGAME-26FEB24OKCTOR-TOR,NBA,winner,Toronto,Oklahoma City,1771979400,2026-02-25T00:30:00+00:00,kalshi_milestone_start_date,2026-03-26T07:28:38.065771Z,e45329df-c0cc-4355-8a52-ad26eda87679,0,1771989265,,True,1236,2026-02-25,train,1h,1771975800,included,1771975800,0,0.565,0.56,0.57,0.009999999999999898,0.56,49311.0,60
KXNBAGAME-26FEB24OKCTOR,KXNBAGAME-26FEB24OKCTOR-TOR,NBA,winner,Toronto,Oklahoma City,1771979400,2026-02-25T00:30:00+00:00,kalshi_milestone_start_date,2026-03-26T07:28:38.065771Z,e45329df-c0cc-4355-8a52-ad26eda87679,0,1771989265,,True,1236,2026-02-25,train,5m,1771979100,included,1771979100,0,0.505,0.5,0.51,0.010000000000000009,0.51,253855.0,60
KXNBAGAME-26FEB24WASATL,KXNBAGAME-26FEB24WASATL-ATL,NBA,winner,Atlanta,Washington,1771979400,2026-02-25T00:30:00+00:00,kalshi_milestone_start_date,2026-03-26T07:28:34.653426Z,15a24300-bd45-4c5a-8128-1d3322062077,1,1771991155,,True,967,2026-02-25,train,6h,1771957800,included,1771957800,0,0.86,0.85,0.87,0.020000000000000018,0.87,2207.0,30
KXNBAGAME-26FEB24WASATL,KXNBAGAME-26FEB24WASATL-ATL,NBA,winner,Atlanta,Washington,1771979400,2026-02-25T00:30:00+00:00,kalshi_milestone_start_date,2026-03-26T07:28:34.653426Z,15a24300-bd45-4c5a-8128-1d3322062077,1,1771991155,,True,967,2026-02-25,train,1h,1771975800,included,1771975800,0,0.855,0.85,0.86,0.010000000000000009,0.86,5385.0,43
KXNBAGAME-26FEB24WASATL,KXNBAGAME-26FEB24WASATL-ATL,NBA,winner,Atlanta,Washington,1771979400,2026-02-25T00:30:00+00:00,kalshi_milestone_start_date,2026-03-26T07:28:34.653426Z,15a24300-bd45-4c5a-8128-1d3322062077,1,1771991155,,True,967,2026-02-25,train,5m,1771979100,included,1771979100,0,0.855,0.85,0.86,0.010000000000000009,0.86,15686.0,51
KXNBAGAME-26FEB24CHACHI,KXNBAGAME-26FEB24CHACHI-CHI,NBA,winner,Chicago,Charlotte,1771981200,2026-02-25T01:00:00+00:00,kalshi_milestone_start_date,2026-03-26T07:28:57.429041Z,3307732e-8078-46a0-9072-9c70dcf5df6a,0,1771989855,,True,1010,2026-02-25,train,24h,1771894800,included,1771894740,60,0.28500000000000003,0.28,0.29,0.009999999999999953,0.28,674.0,15
KXNBAGAME-26FEB24CHACHI,KXNBAGAME-26FEB24CHACHI-CHI,NBA,winner,Chicago,Charlotte,1771981200,2026-02-25T01:00:00+00:00,kalshi_milestone_start_date,2026-03-26T07:28:57.429041Z,3307732e-8078-46a0-9072-9c70dcf5df6a,0,1771989855,,True,1010,2026-02-25,train,6h,1771959600,included,1771959600,0,0.255,0.25,0.26,0.010000000000000009,0.26,5529.0,39
KXNBAGAME-26FEB24CHACHI,KXNBAGAME-26FEB24CHACHI-CHI,NBA,winner,Chicago,Charlotte,1771981200,2026-02-25T01:00:00+00:00,kalshi_milestone_start_date,2026-03-26T07:28:57.429041Z,3307732e-8078-46a0-9072-9c70dcf5df6a,0,1771989855,,True,1010,2026-02-25,train,1h,1771977600,included,1771977600,0,0.255,0.25,0.26,0.010000000000000009,0.26,11772.0,57
KXNBAGAME-26FEB24CHACHI,KXNBAGAME-26FEB24CHACHI-CHI,NBA,winner,Chicago,Charlotte,1771981200,2026-02-25T01:00:00+00:00,kalshi_milestone_start_date,2026-03-26T07:28:57.429041Z,3307732e-8078-46a0-9072-9c70dcf5df6a,0,1771989855,,True,1010,2026-02-25,train,5m,1771980900,included,1771980900,0,0.255,0.25,0.26,0.010000000000000009,0.26,16803.0,58
KXNBAGAME-26FEB24GSWNOP,KXNBAGAME-26FEB24GSWNOP-NOP,NBA,winner,New Orleans,Golden State,1771981200,2026-02-25T01:00:00+00:00,kalshi_milestone_start_date,2026-03-26T07:28:33.835778Z,a5cf9852-3b86-40ab-bbd9-af65d1921cad,1,1771991405,,True,1060,2026-02-25,train,24h,1771894800,included,1771894680,120,0.475,0.46,0.49,0.02999999999999997,,15.0,3
KXNBAGAME-26FEB24GSWNOP,KXNBAGAME-26FEB24GSWNOP-NOP,NBA,winner,New Orleans,Golden State,1771981200,2026-02-25T01:00:00+00:00,kalshi_milestone_start_date,2026-03-26T07:28:33.835778Z,a5cf9852-3b86-40ab-bbd9-af65d1921cad,1,1771991405,,True,1060,2026-02-25,train,6h,1771959600,included,1771959600,0,0.475,0.47,0.48,0.010000000000000009,0.48,5134.0,36
KXNBAGAME-26FEB24GSWNOP,KXNBAGAME-26FEB24GSWNOP-NOP,NBA,winner,New Orleans,Golden State,1771981200,2026-02-25T01:00:00+00:00,kalshi_milestone_start_date,2026-03-26T07:28:33.835778Z,a5cf9852-3b86-40ab-bbd9-af65d1921cad,1,1771991405,,True,1060,2026-02-25,train,1h,1771977600,included,1771977600,0,0.475,0.47,0.48,0.010000000000000009,0.48,33383.0,56
KXNBAGAME-26FEB24GSWNOP,KXNBAGAME-26FEB24GSWNOP-NOP,NBA,winner,New Orleans,Golden State,1771981200,2026-02-25T01:00:00+00:00,kalshi_milestone_start_date,2026-03-26T07:28:33.835778Z,a5cf9852-3b86-40ab-bbd9-af65d1921cad,1,1771991405,,True,1060,2026-02-25,train,5m,1771980900,included,1771980900,0,0.475,0.47,0.48,0.010000000000000009,0.48,86056.0,60
KXNBAGAME-26FEB24MIAMIL,KXNBAGAME-26FEB24MIAMIL-MIL,NBA,winner,Milwaukee,Miami,1771981200,2026-02-25T01:00:00+00:00,kalshi_milestone_start_date,2026-03-26T07:28:35.048889Z,6f3b4d26-42b8-49fc-84ed-8621ee82422c,1,1771990945,,True,943,2026-02-25,train,24h,1771894800,included,1771894800,0,0.345,0.34,0.35,0.009999999999999953,,438.0,12
KXNBAGAME-26FEB24MIAMIL,KXNBAGAME-26FEB24MIAMIL-MIL,NBA,winner,Milwaukee,Miami,1771981200,2026-02-25T01:00:00+00:00,kalshi_milestone_start_date,2026-03-26T07:28:35.048889Z,6f3b4d26-42b8-49fc-84ed-8621ee82422c,1,1771990945,,True,943,2026-02-25,train,6h,1771959600,included,1771959600,0,0.315,0.31,0.32,0.010000000000000009,,4047.0,32
KXNBAGAME-26FEB24MIAMIL,KXNBAGAME-26FEB24MIAMIL-MIL,NBA,winner,Milwaukee,Miami,1771981200,2026-02-25T01:00:00+00:00,kalshi_milestone_start_date,2026-03-26T07:28:35.048889Z,6f3b4d26-42b8-49fc-84ed-8621ee82422c,1,1771990945,,True,943,2026-02-25,train,1h,1771977600,included,1771977600,0,0.325,0.32,0.33,0.010000000000000009,0.33,6526.0,49
KXNBAGAME-26FEB24MIAMIL,KXNBAGAME-26FEB24MIAMIL-MIL,NBA,winner,Milwaukee,Miami,1771981200,2026-02-25T01:00:00+00:00,kalshi_milestone_start_date,2026-03-26T07:28:35.048889Z,6f3b4d26-42b8-49fc-84ed-8621ee82422c,1,1771990945,,True,943,2026-02-25,train,5m,1771980900,included,1771980900,0,0.325,0.32,0.33,0.010000000000000009,0.33,16482.0,59
KXNBAGAME-26FEB24BOSPHX,KXNBAGAME-26FEB24BOSPHX-PHX,NBA,winner,Phoenix,Boston,1771984800,2026-02-25T02:00:00+00:00,kalshi_milestone_start_date,2026-03-26T07:28:33.642185Z,f7255070-329e-4b90-a0b4-ab656281fda7,0,1771993336,,True,926,2026-02-25,train,24h,1771898400,included,1771898340,60,0.295,0.29,0.3,0.010000000000000009,,607.0,9
KXNBAGAME-26FEB24BOSPHX,KXNBAGAME-26FEB24BOSPHX-PHX,NBA,winner,Phoenix,Boston,1771984800,2026-02-25T02:00:00+00:00,kalshi_milestone_start_date,2026-03-26T07:28:33.642185Z,f7255070-329e-4b90-a0b4-ab656281fda7,0,1771993336,,True,926,2026-02-25,train,6h,1771963200,included,1771963080,120,0.335,0.33,0.34,0.010000000000000009,0.33,8910.0,39
KXNBAGAME-26FEB24BOSPHX,KXNBAGAME-26FEB24BOSPHX-PHX,NBA,winner,Phoenix,Boston,1771984800,2026-02-25T02:00:00+00:00,kalshi_milestone_start_date,2026-03-26T07:28:33.642185Z,f7255070-329e-4b90-a0b4-ab656281fda7,0,1771993336,,True,926,2026-02-25,train,1h,1771981200,included,1771981200,0,0.335,0.33,0.34,0.010000000000000009,0.34,7274.0,52
KXNBAGAME-26FEB24BOSPHX,KXNBAGAME-26FEB24BOSPHX-PHX,NBA,winner,Phoenix,Boston,1771984800,2026-02-25T02:00:00+00:00,kalshi_milestone_start_date,2026-03-26T07:28:33.642185Z,f7255070-329e-4b90-a0b4-ab656281fda7,0,1771993336,,True,926,2026-02-25,train,5m,1771984500,included,1771984500,0,0.335,0.33,0.34,0.010000000000000009,0.34,57098.0,59
KXNBAGAME-26FEB24MINPOR,KXNBAGAME-26FEB24MINPOR-POR,NBA,winner,Portland,Minnesota,1771988400,2026-02-25T03:00:00+00:00,kalshi_milestone_start_date,2026-03-26T07:28:30.256241Z,e4532e04-a862-420d-b301-f65b84155cd3,0,1771998945,,True,813,2026-02-25,train,24h,1771902000,included,1771901880,120,0.32,0.31,0.33,0.020000000000000018,0.33,188.0,8
KXNBAGAME-26FEB24MINPOR,KXNBAGAME-26FEB24MINPOR-POR,NBA,winner,Portland,Minnesota,1771988400,2026-02-25T03:00:00+00:00,kalshi_milestone_start_date,2026-03-26T07:28:30.256241Z,e4532e04-a862-420d-b301-f65b84155cd3,0,1771998945,,True,813,2026-02-25,train,6h,1771966800,included,1771966800,0,0.305,0.3,0.31,0.010000000000000009,0.31,681.0,26
KXNBAGAME-26FEB24MINPOR,KXNBAGAME-26FEB24MINPOR-POR,NBA,winner,Portland,Minnesota,1771988400,2026-02-25T03:00:00+00:00,kalshi_milestone_start_date,2026-03-26T07:28:30.256241Z,e4532e04-a862-420d-b301-f65b84155cd3,0,1771998945,,True,813,2026-02-25,train,1h,1771984800,included,1771984800,0,0.305,0.3,0.31,0.010000000000000009,0.31,4709.0,49
KXNBAGAME-26FEB24MINPOR,KXNBAGAME-26FEB24MINPOR-POR,NBA,winner,Portland,Minnesota,1771988400,2026-02-25T03:00:00+00:00,kalshi_milestone_start_date,2026-03-26T07:28:30.256241Z,e4532e04-a862-420d-b301-f65b84155cd3,0,1771998945,,True,813,2026-02-25,train,5m,1771988100,included,1771988100,0,0.315,0.31,0.32,0.010000000000000009,0.32,25501.0,53
KXNBAGAME-26FEB24ORLLAL,KXNBAGAME-26FEB24ORLLAL-LAL,NBA,winner,Los Angeles L,Orlando,1771990200,2026-02-25T03:30:00+00:00,kalshi_milestone_start_date,2026-03-26T07:28:43.871908Z,739dda96-b675-4b1c-b6b5-365768e87dac,0,1772000275,,True,1218,2026-02-25,train,24h,1771903800,included,1771903800,0,0.665,0.66,0.67,0.010000000000000009,0.67,3770.0,37
KXNBAGAME-26FEB24ORLLAL,KXNBAGAME-26FEB24ORLLAL-LAL,NBA,winner,Los Angeles L,Orlando,1771990200,2026-02-25T03:30:00+00:00,kalshi_milestone_start_date,2026-03-26T07:28:43.871908Z,739dda96-b675-4b1c-b6b5-365768e87dac,0,1772000275,,True,1218,2026-02-25,train,6h,1771968600,included,1771968600,0,0.645,0.64,0.65,0.010000000000000009,0.65,17912.0,55
KXNBAGAME-26FEB24ORLLAL,KXNBAGAME-26FEB24ORLLAL-LAL,NBA,winner,Los Angeles L,Orlando,1771990200,2026-02-25T03:30:00+00:00,kalshi_milestone_start_date,2026-03-26T07:28:43.871908Z,739dda96-b675-4b1c-b6b5-365768e87dac,0,1772000275,,True,1218,2026-02-25,train,1h,1771986600,included,1771986600,0,0.685,0.68,0.69,0.009999999999999898,0.69,68570.0,59
KXNBAGAME-26FEB24ORLLAL,KXNBAGAME-26FEB24ORLLAL-LAL,NBA,winner,Los Angeles L,Orlando,1771990200,2026-02-25T03:30:00+00:00,kalshi_milestone_start_date,2026-03-26T07:28:43.871908Z,739dda96-b675-4b1c-b6b5-365768e87dac,0,1772000275,,True,1218,2026-02-25,train,5m,1771989900,included,1771989900,0,0.685,0.68,0.69,0.009999999999999898,0.69,156061.0,60
KXNBAGAME-26FEB25GSWMEM,KXNBAGAME-26FEB25GSWMEM-MEM,NBA,winner,Memphis,Golden State,1772065800,2026-02-26T00:30:00+00:00,kalshi_milestone_start_date,2026-03-26T07:28:37.367476Z,0ec71a53-0e5f-45bd-93aa-e14c8530d31f,0,1772075285,,True,1089,2026-02-26,train,24h,1771979400,included,1771979340,60,0.395,0.39,0.4,0.010000000000000009,,140.0,4
KXNBAGAME-26FEB25GSWMEM,KXNBAGAME-26FEB25GSWMEM-MEM,NBA,winner,Memphis,Golden State,1772065800,2026-02-26T00:30:00+00:00,kalshi_milestone_start_date,2026-03-26T07:28:37.367476Z,0ec71a53-0e5f-45bd-93aa-e14c8530d31f,0,1772075285,,True,1089,2026-02-26,train,6h,1772044200,included,1772044200,0,0.365,0.36,0.37,0.010000000000000009,0.37,7008.0,40
KXNBAGAME-26FEB25GSWMEM,KXNBAGAME-26FEB25GSWMEM-MEM,NBA,winner,Memphis,Golden State,1772065800,2026-02-26T00:30:00+00:00,kalshi_milestone_start_date,2026-03-26T07:28:37.367476Z,0ec71a53-0e5f-45bd-93aa-e14c8530d31f,0,1772075285,,True,1089,2026-02-26,train,1h,1772062200,included,1772062200,0,0.375,0.37,0.38,0.010000000000000009,0.38,33531.0,54
KXNBAGAME-26FEB25GSWMEM,KXNBAGAME-26FEB25GSWMEM-MEM,NBA,winner,Memphis,Golden State,1772065800,2026-02-26T00:30:00+00:00,kalshi_milestone_start_date,2026-03-26T07:28:37.367476Z,0ec71a53-0e5f-45bd-93aa-e14c8530d31f,0,1772075285,,True,1089,2026-02-26,train,5m,1772065500,included,1772065500,0,0.375,0.37,0.38,0.010000000000000009,0.38,47216.0,60
KXNBAGAME-26FEB25OKCDET,KXNBAGAME-26FEB25OKCDET-DET,NBA,winner,Detroit,Oklahoma City,1772065800,2026-02-26T00:30:00+00:00,kalshi_milestone_start_date,2026-03-26T07:28:42.09284Z,ed4e4c3f-7d61-4528-ad32-ae9d0d0ef801,1,1772076125,,True,1223,2026-02-26,train,24h,1771979400,included,1771979280,120,0.675,0.67,0.68,0.010000000000000009,,2216.0,8
KXNBAGAME-26FEB25OKCDET,KXNBAGAME-26FEB25OKCDET-DET,NBA,winner,Detroit,Oklahoma City,1772065800,2026-02-26T00:30:00+00:00,kalshi_milestone_start_date,2026-03-26T07:28:42.09284Z,ed4e4c3f-7d61-4528-ad32-ae9d0d0ef801,1,1772076125,,True,1223,2026-02-26,train,6h,1772044200,included,1772044200,0,0.755,0.75,0.76,0.010000000000000009,0.76,32529.0,58
KXNBAGAME-26FEB25OKCDET,KXNBAGAME-26FEB25OKCDET-DET,NBA,winner,Detroit,Oklahoma City,1772065800,2026-02-26T00:30:00+00:00,kalshi_milestone_start_date,2026-03-26T07:28:42.09284Z,ed4e4c3f-7d61-4528-ad32-ae9d0d0ef801,1,1772076125,,True,1223,2026-02-26,train,1h,1772062200,included,1772062200,0,0.785,0.78,0.79,0.010000000000000009,0.79,74023.0,59
KXNBAGAME-26FEB25OKCDET,KXNBAGAME-26FEB25OKCDET-DET,NBA,winner,Detroit,Oklahoma City,1772065800,2026-02-26T00:30:00+00:00,kalshi_milestone_start_date,2026-03-26T07:28:42.09284Z,ed4e4c3f-7d61-4528-ad32-ae9d0d0ef801,1,1772076125,,True,1223,2026-02-26,train,5m,1772065500,included,1772065500,0,0.795,0.79,0.8,0.010000000000000009,0.8,106361.0,60
KXNBAGAME-26FEB25SASTOR,KXNBAGAME-26FEB25SASTOR-TOR,NBA,winner,Toronto,San Antonio,1772065800,2026-02-26T00:30:00+00:00,kalshi_milestone_start_date,2026-03-26T07:29:28.11392Z,caf5df6e-1940-4aae-8a3a-45f5d3cf2189,0,1772076005,,True,1076,2026-02-26,train,24h,1771979400,included,1771979400,0,0.31,0.3,0.32,0.020000000000000018,,303.0,5
KXNBAGAME-26FEB25SASTOR,KXNBAGAME-26FEB25SASTOR-TOR,NBA,winner,Toronto,San Antonio,1772065800,2026-02-26T00:30:00+00:00,kalshi_milestone_start_date,2026-03-26T07:29:28.11392Z,caf5df6e-1940-4aae-8a3a-45f5d3cf2189,0,1772076005,,True,1076,2026-02-26,train,6h,1772044200,included,1772044200,0,0.28500000000000003,0.28,0.29,0.009999999999999953,,11389.0,50
KXNBAGAME-26FEB25SASTOR,KXNBAGAME-26FEB25SASTOR-TOR,NBA,winner,Toronto,San Antonio,1772065800,2026-02-26T00:30:00+00:00,kalshi_milestone_start_date,2026-03-26T07:29:28.11392Z,caf5df6e-1940-4aae-8a3a-45f5d3cf2189,0,1772076005,,True,1076,2026-02-26,train,1h,1772062200,included,1772062200,0,0.315,0.31,0.32,0.010000000000000009,,54375.0,59
KXNBAGAME-26FEB25SASTOR,KXNBAGAME-26FEB25SASTOR-TOR,NBA,winner,Toronto,San Antonio,1772065800,2026-02-26T00:30:00+00:00,kalshi_milestone_start_date,2026-03-26T07:29:28.11392Z,caf5df6e-1940-4aae-8a3a-45f5d3cf2189,0,1772076005,,True,1076,2026-02-26,train,5m,1772065500,included,1772065500,0,0.335,0.33,0.34,0.010000000000000009,0.34,66059.0,59
KXNBAGAME-26FEB25CLEMIL,KXNBAGAME-26FEB25CLEMIL-MIL,NBA,winner,Milwaukee,Cleveland,1772067600,2026-02-26T01:00:00+00:00,kalshi_milestone_start_date,2026-03-26T07:28:59.319365Z,871c41d8-0423-4019-80ca-7c60fecda912,1,1772077075,,True,1060,2026-02-26,train,24h,1771981200,included,1771981140,60,0.235,0.23,0.24,0.009999999999999981,,43.0,4
KXNBAGAME-26FEB25CLEMIL,KXNBAGAME-26FEB25CLEMIL-MIL,NBA,winner,Milwaukee,Cleveland,1772067600,2026-02-26T01:00:00+00:00,kalshi_milestone_start_date,2026-03-26T07:28:59.319365Z,871c41d8-0423-4019-80ca-7c60fecda912,1,1772077075,,True,1060,2026-02-26,train,1h,1772064000,included,1772064000,0,0.395,0.39,0.4,0.010000000000000009,0.4,42422.0,59
KXNBAGAME-26FEB25CLEMIL,KXNBAGAME-26FEB25CLEMIL-MIL,NBA,winner,Milwaukee,Cleveland,1772067600,2026-02-26T01:00:00+00:00,kalshi_milestone_start_date,2026-03-26T07:28:59.319365Z,871c41d8-0423-4019-80ca-7c60fecda912,1,1772077075,,True,1060,2026-02-26,train,5m,1772067300,included,1772067300,0,0.425,0.42,0.43,0.010000000000000009,0.43,395131.0,60
KXNBAGAME-26FEB25SACHOU,KXNBAGAME-26FEB25SACHOU-HOU,NBA,winner,Houston,Sacramento,1772067600,2026-02-26T01:00:00+00:00,kalshi_milestone_start_date,2026-03-26T07:28:37.408915Z,6892c878-1a02-42ed-a00a-d0f8df6b6619,1,1772078155,,True,1244,2026-02-26,train,6h,1772046000,included,1772046000,0,0.875,0.87,0.88,0.010000000000000009,0.88,76479.0,37
KXNBAGAME-26FEB25SACHOU,KXNBAGAME-26FEB25SACHOU-HOU,NBA,winner,Houston,Sacramento,1772067600,2026-02-26T01:00:00+00:00,kalshi_milestone_start_date,2026-03-26T07:28:37.408915Z,6892c878-1a02-42ed-a00a-d0f8df6b6619,1,1772078155,,True,1244,2026-02-26,train,1h,1772064000,included,1772064000,0,0.875,0.87,0.88,0.010000000000000009,0.88,21317.0,54
KXNBAGAME-26FEB25SACHOU,KXNBAGAME-26FEB25SACHOU-HOU,NBA,winner,Houston,Sacramento,1772067600,2026-02-26T01:00:00+00:00,kalshi_milestone_start_date,2026-03-26T07:28:37.408915Z,6892c878-1a02-42ed-a00a-d0f8df6b6619,1,1772078155,,True,1244,2026-02-26,train,5m,1772067300,included,1772067300,0,0.875,0.87,0.88,0.010000000000000009,0.88,199218.0,58
KXNBAGAME-26FEB25BOSDEN,KXNBAGAME-26FEB25BOSDEN-DEN,NBA,winner,Denver,Boston,1772074800,2026-02-26T03:00:00+00:00,kalshi_milestone_start_date,2026-03-26T07:28:50.323684Z,0c53f8b5-79f1-4aba-8c8d-3b9f0a8ff1b0,1,1772084866,,True,1312,2026-02-26,train,24h,1771988400,included,1771988280,120,0.605,0.6,0.61,0.010000000000000009,,95.0,6
KXNBAGAME-26FEB25BOSDEN,KXNBAGAME-26FEB25BOSDEN-DEN,NBA,winner,Denver,Boston,1772074800,2026-02-26T03:00:00+00:00,kalshi_milestone_start_date,2026-03-26T07:28:50.323684Z,0c53f8b5-79f1-4aba-8c8d-3b9f0a8ff1b0,1,1772084866,,True,1312,2026-02-26,train,6h,1772053200,included,1772053200,0,0.585,0.58,0.59,0.010000000000000009,0.59,11593.0,54
KXNBAGAME-26FEB25BOSDEN,KXNBAGAME-26FEB25BOSDEN-DEN,NBA,winner,Denver,Boston,1772074800,2026-02-26T03:00:00+00:00,kalshi_milestone_start_date,2026-03-26T07:28:50.323684Z,0c53f8b5-79f1-4aba-8c8d-3b9f0a8ff1b0,1,1772084866,,True,1312,2026-02-26,train,1h,1772071200,included,1772071200,0,0.5700000000000001,0.56,0.58,0.019999999999999907,0.58,36386.0,59
KXNBAGAME-26FEB25BOSDEN,KXNBAGAME-26FEB25BOSDEN-DEN,NBA,winner,Denver,Boston,1772074800,2026-02-26T03:00:00+00:00,kalshi_milestone_start_date,2026-03-26T07:28:50.323684Z,0c53f8b5-79f1-4aba-8c8d-3b9f0a8ff1b0,1,1772084866,,True,1312,2026-02-26,train,5m,1772074500,included,1772074500,0,0.585,0.58,0.59,0.010000000000000009,0.59,248140.0,60
KXNBAGAME-26FEB26CHAIND,KXNBAGAME-26FEB26CHAIND-IND,NBA,winner,Indiana,Charlotte,1772150400,2026-02-27T00:00:00+00:00,kalshi_milestone_start_date,2026-03-26T07:29:12.973982Z,cbd91d56-7d4a-4d4e-bc81-56244d3dcebf,0,1772159857,,True,1202,2026-02-27,train,24h,1772064000,included,1772063940,60,0.14,0.13,0.15,0.01999999999999999,,1167.0,19
KXNBAGAME-26FEB26CHAIND,KXNBAGAME-26FEB26CHAIND-IND,NBA,winner,Indiana,Charlotte,1772150400,2026-02-27T00:00:00+00:00,kalshi_milestone_start_date,2026-03-26T07:29:12.973982Z,cbd91d56-7d4a-4d4e-bc81-56244d3dcebf,0,1772159857,,True,1202,2026-02-27,train,6h,1772128800,included,1772128800,0,0.14,0.13,0.15,0.01999999999999999,0.15,24849.0,60
KXNBAGAME-26FEB26CHAIND,KXNBAGAME-26FEB26CHAIND-IND,NBA,winner,Indiana,Charlotte,1772150400,2026-02-27T00:00:00+00:00,kalshi_milestone_start_date,2026-03-26T07:29:12.973982Z,cbd91d56-7d4a-4d4e-bc81-56244d3dcebf,0,1772159857,,True,1202,2026-02-27,train,1h,1772146800,included,1772146800,0,0.14,0.13,0.15,0.01999999999999999,0.15,39295.0,60
KXNBAGAME-26FEB26CHAIND,KXNBAGAME-26FEB26CHAIND-IND,NBA,winner,Indiana,Charlotte,1772150400,2026-02-27T00:00:00+00:00,kalshi_milestone_start_date,2026-03-26T07:29:12.973982Z,cbd91d56-7d4a-4d4e-bc81-56244d3dcebf,0,1772159857,,True,1202,2026-02-27,train,5m,1772150100,included,1772150100,0,0.165,0.16,0.17,0.010000000000000009,0.17,99334.0,60
KXNBAGAME-26FEB26MIAPHI,KXNBAGAME-26FEB26MIAPHI-PHI,NBA,winner,Philadelphia,Miami,1772150400,2026-02-27T00:00:00+00:00,kalshi_milestone_start_date,2026-03-26T07:29:26.660297Z,53140700-3be7-4052-b90c-b1d01c9472c0,1,1772160119,,True,1233,2026-02-27,train,24h,1772064000,included,1772063940,60,0.565,0.56,0.57,0.009999999999999898,0.57,543.0,13
KXNBAGAME-26FEB26MIAPHI,KXNBAGAME-26FEB26MIAPHI-PHI,NBA,winner,Philadelphia,Miami,1772150400,2026-02-27T00:00:00+00:00,kalshi_milestone_start_date,2026-03-26T07:29:26.660297Z,53140700-3be7-4052-b90c-b1d01c9472c0,1,1772160119,,True,1233,2026-02-27,train,6h,1772128800,included,1772128800,0,0.585,0.58,0.59,0.010000000000000009,0.59,265071.0,59
KXNBAGAME-26FEB26MIAPHI,KXNBAGAME-26FEB26MIAPHI-PHI,NBA,winner,Philadelphia,Miami,1772150400,2026-02-27T00:00:00+00:00,kalshi_milestone_start_date,2026-03-26T07:29:26.660297Z,53140700-3be7-4052-b90c-b1d01c9472c0,1,1772160119,,True,1233,2026-02-27,train,1h,1772146800,included,1772146800,0,0.585,0.58,0.59,0.010000000000000009,0.59,68469.0,60
KXNBAGAME-26FEB26MIAPHI,KXNBAGAME-26FEB26MIAPHI-PHI,NBA,winner,Philadelphia,Miami,1772150400,2026-02-27T00:00:00+00:00,kalshi_milestone_start_date,2026-03-26T07:29:26.660297Z,53140700-3be7-4052-b90c-b1d01c9472c0,1,1772160119,,True,1233,2026-02-27,train,5m,1772150100,included,1772150100,0,0.555,0.55,0.56,0.010000000000000009,0.56,171534.0,60
KXNBAGAME-26FEB26HOUORL,KXNBAGAME-26FEB26HOUORL-ORL,NBA,winner,Orlando,Houston,1772152200,2026-02-27T00:30:00+00:00,kalshi_milestone_start_date,2026-03-26T07:29:44.285014Z,2de0e47e-531e-4d98-92f1-aa464c52dca0,0,1772162517,,True,953,2026-02-27,train,24h,1772065800,included,1772065800,0,0.45999999999999996,0.45,0.47,0.019999999999999962,0.47,239.0,6
KXNBAGAME-26FEB26HOUORL,KXNBAGAME-26FEB26HOUORL-ORL,NBA,winner,Orlando,Houston,1772152200,2026-02-27T00:30:00+00:00,kalshi_milestone_start_date,2026-03-26T07:29:44.285014Z,2de0e47e-531e-4d98-92f1-aa464c52dca0,0,1772162517,,True,953,2026-02-27,train,6h,1772130600,included,1772130600,0,0.425,0.42,0.43,0.010000000000000009,0.43,7092.0,38
KXNBAGAME-26FEB26HOUORL,KXNBAGAME-26FEB26HOUORL-ORL,NBA,winner,Orlando,Houston,1772152200,2026-02-27T00:30:00+00:00,kalshi_milestone_start_date,2026-03-26T07:29:44.285014Z,2de0e47e-531e-4d98-92f1-aa464c52dca0,0,1772162517,,True,953,2026-02-27,train,1h,1772148600,included,1772148600,0,0.435,0.43,0.44,0.010000000000000009,0.44,34520.0,60
KXNBAGAME-26FEB26HOUORL,KXNBAGAME-26FEB26HOUORL-ORL,NBA,winner,Orlando,Houston,1772152200,2026-02-27T00:30:00+00:00,kalshi_milestone_start_date,2026-03-26T07:29:44.285014Z,2de0e47e-531e-4d98-92f1-aa464c52dca0,0,1772162517,,True,953,2026-02-27,train,5m,1772151900,included,1772151900,0,0.435,0.43,0.44,0.010000000000000009,0.44,49028.0,60
KXNBAGAME-26FEB26SASBKN,KXNBAGAME-26FEB26SASBKN-BKN,NBA,winner,Brooklyn,San Antonio,1772152200,2026-02-27T00:30:00+00:00,kalshi_milestone_start_date,2026-03-26T07:29:09.444008Z,e36e80ca-2073-4f94-9b4b-ed0c5091590f,0,1772161378,,True,905,2026-02-27,train,24h,1772065800,included,1772065800,0,0.15000000000000002,0.14,0.16,0.01999999999999999,,45.0,2
KXNBAGAME-26FEB26SASBKN,KXNBAGAME-26FEB26SASBKN-BKN,NBA,winner,Brooklyn,San Antonio,1772152200,2026-02-27T00:30:00+00:00,kalshi_milestone_start_date,2026-03-26T07:29:09.444008Z,e36e80ca-2073-4f94-9b4b-ed0c5091590f,0,1772161378,,True,905,2026-02-27,train,6h,1772130600,included,1772130600,0,0.16999999999999998,0.16,0.18,0.01999999999999999,,4799.0,31
KXNBAGAME-26FEB26SASBKN,KXNBAGAME-26FEB26SASBKN-BKN,NBA,winner,Brooklyn,San Antonio,1772152200,2026-02-27T00:30:00+00:00,kalshi_milestone_start_date,2026-03-26T07:29:09.444008Z,e36e80ca-2073-4f94-9b4b-ed0c5091590f,0,1772161378,,True,905,2026-02-27,train,1h,1772148600,included,1772148600,0,0.185,0.18,0.19,0.010000000000000009,0.19,45173.0,48
KXNBAGAME-26FEB26SASBKN,KXNBAGAME-26FEB26SASBKN-BKN,NBA,winner,Brooklyn,San Antonio,1772152200,2026-02-27T00:30:00+00:00,kalshi_milestone_start_date,2026-03-26T07:29:09.444008Z,e36e80ca-2073-4f94-9b4b-ed0c5091590f,0,1772161378,,True,905,2026-02-27,train,5m,1772151900,included,1772151900,0,0.175,0.17,0.18,0.009999999999999981,0.18,32235.0,58
KXNBAGAME-26FEB26WASATL,KXNBAGAME-26FEB26WASATL-ATL,NBA,winner,Atlanta,Washington,1772152200,2026-02-27T00:30:00+00:00,kalshi_milestone_start_date,2026-03-26T07:29:12.405407Z,02637ca8-1970-40cb-97c3-7ac7558df58f,1,1772161057,,True,850,2026-02-27,train,24h,1772065800,included,1772065800,0,0.815,0.81,0.82,0.009999999999999898,,6.0,2
KXNBAGAME-26FEB26WASATL,KXNBAGAME-26FEB26WASATL-ATL,NBA,winner,Atlanta,Washington,1772152200,2026-02-27T00:30:00+00:00,kalshi_milestone_start_date,2026-03-26T07:29:12.405407Z,02637ca8-1970-40cb-97c3-7ac7558df58f,1,1772161057,,True,850,2026-02-27,train,6h,1772130600,included,1772130600,0,0.795,0.79,0.8,0.010000000000000009,0.8,31459.0,39
KXNBAGAME-26FEB26WASATL,KXNBAGAME-26FEB26WASATL-ATL,NBA,winner,Atlanta,Washington,1772152200,2026-02-27T00:30:00+00:00,kalshi_milestone_start_date,2026-03-26T07:29:12.405407Z,02637ca8-1970-40cb-97c3-7ac7558df58f,1,1772161057,,True,850,2026-02-27,train,1h,1772148600,included,1772148600,0,0.815,0.81,0.82,0.009999999999999898,0.82,9764.0,52
KXNBAGAME-26FEB26WASATL,KXNBAGAME-26FEB26WASATL-ATL,NBA,winner,Atlanta,Washington,1772152200,2026-02-27T00:30:00+00:00,kalshi_milestone_start_date,2026-03-26T07:29:12.405407Z,02637ca8-1970-40cb-97c3-7ac7558df58f,1,1772161057,,True,850,2026-02-27,train,5m,1772151900,included,1772151900,0,0.815,0.81,0.82,0.009999999999999898,0.81,38939.0,56
KXNBAGAME-26FEB26PORCHI,KXNBAGAME-26FEB26PORCHI-CHI,NBA,winner,Chicago,Portland,1772154000,2026-02-27T01:00:00+00:00,kalshi_milestone_start_date,2026-03-26T07:29:25.350922Z,1398930c-dbb7-423c-bae4-79f7ce42cd0d,0,1772163718,,True,929,2026-02-27,train,24h,1772067600,included,1772067540,60,0.375,0.36,0.39,0.030000000000000027,,2645.0,7
KXNBAGAME-26FEB26PORCHI,KXNBAGAME-26FEB26PORCHI-CHI,NBA,winner,Chicago,Portland,1772154000,2026-02-27T01:00:00+00:00,kalshi_milestone_start_date,2026-03-26T07:29:25.350922Z,1398930c-dbb7-423c-bae4-79f7ce42cd0d,0,1772163718,,True,929,2026-02-27,train,6h,1772132400,included,1772132400,0,0.375,0.37,0.38,0.010000000000000009,0.38,6488.0,37
KXNBAGAME-26FEB26PORCHI,KXNBAGAME-26FEB26PORCHI-CHI,NBA,winner,Chicago,Portland,1772154000,2026-02-27T01:00:00+00:00,kalshi_milestone_start_date,2026-03-26T07:29:25.350922Z,1398930c-dbb7-423c-bae4-79f7ce42cd0d,0,1772163718,,True,929,2026-02-27,train,1h,1772150400,included,1772150400,0,0.38,0.37,0.39,0.020000000000000018,0.39,19267.0,56
KXNBAGAME-26FEB26PORCHI,KXNBAGAME-26FEB26PORCHI-CHI,NBA,winner,Chicago,Portland,1772154000,2026-02-27T01:00:00+00:00,kalshi_milestone_start_date,2026-03-26T07:29:25.350922Z,1398930c-dbb7-423c-bae4-79f7ce42cd0d,0,1772163718,,True,929,2026-02-27,train,5m,1772153700,included,1772153700,0,0.405,0.4,0.41,0.009999999999999953,0.41,54136.0,57
KXNBAGAME-26FEB26SACDAL,KXNBAGAME-26FEB26SACDAL-DAL,NBA,winner,Dallas,Sacramento,1772155800,2026-02-27T01:30:00+00:00,kalshi_milestone_start_date,2026-03-26T07:29:26.443334Z,9723b2f4-8004-486e-bd28-09986ae2e0e4,0,1772165117,,True,869,2026-02-27,train,24h,1772069400,included,1772069400,0,0.675,0.67,0.68,0.010000000000000009,,0.0,0
KXNBAGAME-26FEB26SACDAL,KXNBAGAME-26FEB26SACDAL-DAL,NBA,winner,Dallas,Sacramento,1772155800,2026-02-27T01:30:00+00:00,kalshi_milestone_start_date,2026-03-26T07:29:26.443334Z,9723b2f4-8004-486e-bd28-09986ae2e0e4,0,1772165117,,True,869,2026-02-27,train,6h,1772134200,included,1772134200,0,0.715,0.71,0.72,0.010000000000000009,0.72,4589.0,31
KXNBAGAME-26FEB26SACDAL,KXNBAGAME-26FEB26SACDAL-DAL,NBA,winner,Dallas,Sacramento,1772155800,2026-02-27T01:30:00+00:00,kalshi_milestone_start_date,2026-03-26T07:29:26.443334Z,9723b2f4-8004-486e-bd28-09986ae2e0e4,0,1772165117,,True,869,2026-02-27,train,1h,1772152200,included,1772152200,0,0.74,0.73,0.75,0.020000000000000018,0.75,8606.0,57
KXNBAGAME-26FEB26SACDAL,KXNBAGAME-26FEB26SACDAL-DAL,NBA,winner,Dallas,Sacramento,1772155800,2026-02-27T01:30:00+00:00,kalshi_milestone_start_date,2026-03-26T07:29:26.443334Z,9723b2f4-8004-486e-bd28-09986ae2e0e4,0,1772165117,,True,869,2026-02-27,train,5m,1772155500,included,1772155500,0,0.735,0.73,0.74,0.010000000000000009,0.74,17393.0,58
KXNBAGAME-26FEB26LALPHX,KXNBAGAME-26FEB26LALPHX-PHX,NBA,winner,Phoenix,Los Angeles L,1772157600,2026-02-27T02:00:00+00:00,kalshi_milestone_start_date,2026-03-26T07:28:54.482378Z,bdbaeb1a-52ac-4d28-874e-90d01e02b8bb,1,1772167397,,True,1047,2026-02-27,train,24h,1772071200,included,1772071140,60,0.33999999999999997,0.33,0.35,0.019999999999999962,,357.0,10
KXNBAGAME-26FEB26LALPHX,KXNBAGAME-26FEB26LALPHX-PHX,NBA,winner,Phoenix,Los Angeles L,1772157600,2026-02-27T02:00:00+00:00,kalshi_milestone_start_date,2026-03-26T07:28:54.482378Z,bdbaeb1a-52ac-4d28-874e-90d01e02b8bb,1,1772167397,,True,1047,2026-02-27,train,6h,1772136000,included,1772136000,0,0.345,0.34,0.35,0.009999999999999953,,7655.0,38
KXNBAGAME-26FEB26LALPHX,KXNBAGAME-26FEB26LALPHX-PHX,NBA,winner,Phoenix,Los Angeles L,1772157600,2026-02-27T02:00:00+00:00,kalshi_milestone_start_date,2026-03-26T07:28:54.482378Z,bdbaeb1a-52ac-4d28-874e-90d01e02b8bb,1,1772167397,,True,1047,2026-02-27,train,1h,1772154000,included,1772154000,0,0.335,0.33,0.34,0.010000000000000009,0.34,14444.0,55
KXNBAGAME-26FEB26LALPHX,KXNBAGAME-26FEB26LALPHX-PHX,NBA,winner,Phoenix,Los Angeles L,1772157600,2026-02-27T02:00:00+00:00,kalshi_milestone_start_date,2026-03-26T07:28:54.482378Z,bdbaeb1a-52ac-4d28-874e-90d01e02b8bb,1,1772167397,,True,1047,2026-02-27,train,5m,1772157300,included,1772157300,0,0.335,0.33,0.34,0.010000000000000009,0.34,15838.0,59
KXNBAGAME-26FEB26NOPUTA,KXNBAGAME-26FEB26NOPUTA-UTA,NBA,winner,Utah,New Orleans,1772157600,2026-02-27T02:00:00+00:00,kalshi_milestone_start_date,2026-03-26T07:29:25.906963Z,cefbdd34-350e-4809-bfcb-db71cf1f6b1e,0,1772167517,,True,958,2026-02-27,train,24h,1772071200,included,1772071200,0,0.365,0.35,0.38,0.030000000000000027,0.38,12.0,1
KXNBAGAME-26FEB26NOPUTA,KXNBAGAME-26FEB26NOPUTA-UTA,NBA,winner,Utah,New Orleans,1772157600,2026-02-27T02:00:00+00:00,kalshi_milestone_start_date,2026-03-26T07:29:25.906963Z,cefbdd34-350e-4809-bfcb-db71cf1f6b1e,0,1772167517,,True,958,2026-02-27,train,6h,1772136000,included,1772136000,0,0.305,0.3,0.31,0.010000000000000009,0.31,1711.0,38
KXNBAGAME-26FEB26NOPUTA,KXNBAGAME-26FEB26NOPUTA-UTA,NBA,winner,Utah,New Orleans,1772157600,2026-02-27T02:00:00+00:00,kalshi_milestone_start_date,2026-03-26T07:29:25.906963Z,cefbdd34-350e-4809-bfcb-db71cf1f6b1e,0,1772167517,,True,958,2026-02-27,train,1h,1772154000,included,1772153940,60,0.325,0.32,0.33,0.010000000000000009,0.33,13936.0,53
KXNBAGAME-26FEB26NOPUTA,KXNBAGAME-26FEB26NOPUTA-UTA,NBA,winner,Utah,New Orleans,1772157600,2026-02-27T02:00:00+00:00,kalshi_milestone_start_date,2026-03-26T07:29:25.906963Z,cefbdd34-350e-4809-bfcb-db71cf1f6b1e,0,1772167517,,True,958,2026-02-27,train,5m,1772157300,included,1772157300,0,0.32,0.31,0.33,0.020000000000000018,0.33,13285.0,55
KXNBAGAME-26FEB26MINLAC,KXNBAGAME-26FEB26MINLAC-LAC,NBA,winner,Los Angeles C,Minnesota,1772161200,2026-02-27T03:00:00+00:00,kalshi_milestone_start_date,2026-03-26T07:29:38.372614Z,5f36ae05-c258-4e75-9996-6e8372382a1f,0,1772171957,,True,1033,2026-02-27,train,6h,1772139600,included,1772139600,0,0.265,0.26,0.27,0.010000000000000009,0.27,44024.0,38
KXNBAGAME-26FEB26MINLAC,KXNBAGAME-26FEB26MINLAC-LAC,NBA,winner,Los Angeles C,Minnesota,1772161200,2026-02-27T03:00:00+00:00,kalshi_milestone_start_date,2026-03-26T07:29:38.372614Z,5f36ae05-c258-4e75-9996-6e8372382a1f,0,1772171957,,True,1033,2026-02-27,train,1h,1772157600,included,1772157600,0,0.255,0.25,0.26,0.010000000000000009,0.26,38556.0,53
KXNBAGAME-26FEB26MINLAC,KXNBAGAME-26FEB26MINLAC-LAC,NBA,winner,Los Angeles C,Minnesota,1772161200,2026-02-27T03:00:00+00:00,kalshi_milestone_start_date,2026-03-26T07:29:38.372614Z,5f36ae05-c258-4e75-9996-6e8372382a1f,0,1772171957,,True,1033,2026-02-27,train,5m,1772160900,included,1772160900,0,0.255,0.25,0.26,0.010000000000000009,0.26,84460.0,60
KXNBAGAME-26FEB27CLEDET,KXNBAGAME-26FEB27CLEDET-DET,NBA,winner,Detroit,Cleveland,1772236800,2026-02-28T00:00:00+00:00,kalshi_milestone_start_date,2026-03-26T07:29:24.319601Z,48e50b17-33af-4742-acc1-be4ce909aaa2,1,1772249767,,True,1386,2026-02-28,train,24h,1772150400,included,1772150400,0,0.725,0.72,0.73,0.010000000000000009,0.73,1132.0,21
KXNBAGAME-26FEB27CLEDET,KXNBAGAME-26FEB27CLEDET-DET,NBA,winner,Detroit,Cleveland,1772236800,2026-02-28T00:00:00+00:00,kalshi_milestone_start_date,2026-03-26T07:29:24.319601Z,48e50b17-33af-4742-acc1-be4ce909aaa2,1,1772249767,,True,1386,2026-02-28,train,6h,1772215200,included,1772215200,0,0.695,0.69,0.7,0.010000000000000009,0.7,54862.0,59
KXNBAGAME-26FEB27CLEDET,KXNBAGAME-26FEB27CLEDET-DET,NBA,winner,Detroit,Cleveland,1772236800,2026-02-28T00:00:00+00:00,kalshi_milestone_start_date,2026-03-26T07:29:24.319601Z,48e50b17-33af-4742-acc1-be4ce909aaa2,1,1772249767,,True,1386,2026-02-28,train,1h,1772233200,included,1772233200,0,0.715,0.71,0.72,0.010000000000000009,0.72,409147.0,60
KXNBAGAME-26FEB27CLEDET,KXNBAGAME-26FEB27CLEDET-DET,NBA,winner,Detroit,Cleveland,1772236800,2026-02-28T00:00:00+00:00,kalshi_milestone_start_date,2026-03-26T07:29:24.319601Z,48e50b17-33af-4742-acc1-be4ce909aaa2,1,1772249767,,True,1386,2026-02-28,train,5m,1772236500,included,1772236500,0,0.745,0.74,0.75,0.010000000000000009,0.75,429293.0,60
KXNBAGAME-26FEB27BKNBOS,KXNBAGAME-26FEB27BKNBOS-BOS,NBA,winner,Boston,Brooklyn,1772238600,2026-02-28T00:30:00+00:00,kalshi_milestone_start_date,2026-03-26T07:29:11.051025Z,9613a843-c3ce-4316-8f12-6b271f1378c6,1,1772247946,,True,1246,2026-02-28,train,24h,1772152200,included,1772152200,0,0.905,0.9,0.91,0.010000000000000009,0.91,639.0,16
KXNBAGAME-26FEB27BKNBOS,KXNBAGAME-26FEB27BKNBOS-BOS,NBA,winner,Boston,Brooklyn,1772238600,2026-02-28T00:30:00+00:00,kalshi_milestone_start_date,2026-03-26T07:29:11.051025Z,9613a843-c3ce-4316-8f12-6b271f1378c6,1,1772247946,,True,1246,2026-02-28,train,6h,1772217000,included,1772217000,0,0.915,0.91,0.92,0.010000000000000009,0.92,23789.0,52
KXNBAGAME-26FEB27BKNBOS,KXNBAGAME-26FEB27BKNBOS-BOS,NBA,winner,Boston,Brooklyn,1772238600,2026-02-28T00:30:00+00:00,kalshi_milestone_start_date,2026-03-26T07:29:11.051025Z,9613a843-c3ce-4316-8f12-6b271f1378c6,1,1772247946,,True,1246,2026-02-28,train,1h,1772235000,included,1772235000,0,0.905,0.9,0.91,0.010000000000000009,0.91,162838.0,55
KXNBAGAME-26FEB27BKNBOS,KXNBAGAME-26FEB27BKNBOS-BOS,NBA,winner,Boston,Brooklyn,1772238600,2026-02-28T00:30:00+00:00,kalshi_milestone_start_date,2026-03-26T07:29:11.051025Z,9613a843-c3ce-4316-8f12-6b271f1378c6,1,1772247946,,True,1246,2026-02-28,train,5m,1772238300,included,1772238300,0,0.905,0.9,0.91,0.010000000000000009,0.9,190467.0,60
KXNBAGAME-26FEB27NYKMIL,KXNBAGAME-26FEB27NYKMIL-MIL,NBA,winner,Milwaukee,New York,1772240400,2026-02-28T01:00:00+00:00,kalshi_milestone_start_date,2026-03-26T07:28:59.89574Z,8de6b064-86ca-4d9e-bd90-dbe65316e1c8,0,1772249616,,True,1198,2026-02-28,train,24h,1772154000,included,1772153940,60,0.27,0.26,0.28,0.020000000000000018,,1791.0,20
KXNBAGAME-26FEB27NYKMIL,KXNBAGAME-26FEB27NYKMIL-MIL,NBA,winner,Milwaukee,New York,1772240400,2026-02-28T01:00:00+00:00,kalshi_milestone_start_date,2026-03-26T07:28:59.89574Z,8de6b064-86ca-4d9e-bd90-dbe65316e1c8,0,1772249616,,True,1198,2026-02-28,train,6h,1772218800,included,1772218800,0,0.255,0.25,0.26,0.010000000000000009,0.26,6974.0,48
KXNBAGAME-26FEB27NYKMIL,KXNBAGAME-26FEB27NYKMIL-MIL,NBA,winner,Milwaukee,New York,1772240400,2026-02-28T01:00:00+00:00,kalshi_milestone_start_date,2026-03-26T07:28:59.89574Z,8de6b064-86ca-4d9e-bd90-dbe65316e1c8,0,1772249616,,True,1198,2026-02-28,train,1h,1772236800,included,1772236800,0,0.275,0.27,0.28,0.010000000000000009,0.28,78167.0,59
KXNBAGAME-26FEB27NYKMIL,KXNBAGAME-26FEB27NYKMIL-MIL,NBA,winner,Milwaukee,New York,1772240400,2026-02-28T01:00:00+00:00,kalshi_milestone_start_date,2026-03-26T07:28:59.89574Z,8de6b064-86ca-4d9e-bd90-dbe65316e1c8,0,1772249616,,True,1198,2026-02-28,train,5m,1772240100,included,1772240100,0,0.275,0.27,0.28,0.010000000000000009,0.28,164195.0,60
KXNBAGAME-26FEB27MEMDAL,KXNBAGAME-26FEB27MEMDAL-DAL,NBA,winner,Dallas,Memphis,1772242200,2026-02-28T01:30:00+00:00,kalshi_milestone_start_date,2026-03-26T07:28:51.082836Z,33aa8fc3-815e-4c7f-996b-e899542c9cb0,0,1772251646,,True,1141,2026-02-28,train,24h,1772155800,included,1772155800,0,0.67,0.66,0.68,0.020000000000000018,,67.0,4
KXNBAGAME-26FEB27MEMDAL,KXNBAGAME-26FEB27MEMDAL-DAL,NBA,winner,Dallas,Memphis,1772242200,2026-02-28T01:30:00+00:00,kalshi_milestone_start_date,2026-03-26T07:28:51.082836Z,33aa8fc3-815e-4c7f-996b-e899542c9cb0,0,1772251646,,True,1141,2026-02-28,train,6h,1772220600,included,1772220540,60,0.625,0.62,0.63,0.010000000000000009,,9335.0,49
KXNBAGAME-26FEB27MEMDAL,KXNBAGAME-26FEB27MEMDAL-DAL,NBA,winner,Dallas,Memphis,1772242200,2026-02-28T01:30:00+00:00,kalshi_milestone_start_date,2026-03-26T07:28:51.082836Z,33aa8fc3-815e-4c7f-996b-e899542c9cb0,0,1772251646,,True,1141,2026-02-28,train,1h,1772238600,included,1772238600,0,0.645,0.64,0.65,0.010000000000000009,0.65,20406.0,60
KXNBAGAME-26FEB27MEMDAL,KXNBAGAME-26FEB27MEMDAL-DAL,NBA,winner,Dallas,Memphis,1772242200,2026-02-28T01:30:00+00:00,kalshi_milestone_start_date,2026-03-26T07:28:51.082836Z,33aa8fc3-815e-4c7f-996b-e899542c9cb0,0,1772251646,,True,1141,2026-02-28,train,5m,1772241900,included,1772241900,0,0.645,0.64,0.65,0.010000000000000009,0.65,40561.0,59
KXNBAGAME-26FEB27DENOKC,KXNBAGAME-26FEB27DENOKC-OKC,NBA,winner,Oklahoma City,Denver,1772245800,2026-02-28T02:30:00+00:00,kalshi_milestone_start_date,2026-03-26T07:28:59.395446Z,20847309-7d91-49b7-9cbc-d1acbe7e6e1b,1,1772257497,,True,1278,2026-02-28,train,24h,1772159400,included,1772159400,0,0.74,0.73,0.75,0.020000000000000018,,373.0,8
KXNBAGAME-26FEB27DENOKC,KXNBAGAME-26FEB27DENOKC-OKC,NBA,winner,Oklahoma City,Denver,1772245800,2026-02-28T02:30:00+00:00,kalshi_milestone_start_date,2026-03-26T07:28:59.395446Z,20847309-7d91-49b7-9cbc-d1acbe7e6e1b,1,1772257497,,True,1278,2026-02-28,train,6h,1772224200,included,1772224200,0,0.735,0.73,0.74,0.010000000000000009,0.73,13222.0,50
KXNBAGAME-26FEB27DENOKC,KXNBAGAME-26FEB27DENOKC-OKC,NBA,winner,Oklahoma City,Denver,1772245800,2026-02-28T02:30:00+00:00,kalshi_milestone_start_date,2026-03-26T07:28:59.395446Z,20847309-7d91-49b7-9cbc-d1acbe7e6e1b,1,1772257497,,True,1278,2026-02-28,train,1h,1772242200,included,1772242200,0,0.705,0.7,0.71,0.010000000000000009,0.71,22702.0,59
KXNBAGAME-26FEB27DENOKC,KXNBAGAME-26FEB27DENOKC-OKC,NBA,winner,Oklahoma City,Denver,1772245800,2026-02-28T02:30:00+00:00,kalshi_milestone_start_date,2026-03-26T07:28:59.395446Z,20847309-7d91-49b7-9cbc-d1acbe7e6e1b,1,1772257497,,True,1278,2026-02-28,train,5m,1772245500,included,1772245500,0,0.695,0.69,0.7,0.010000000000000009,0.7,164429.0,60
KXNBAGAME-26FEB28PORCHA,KXNBAGAME-26FEB28PORCHA-CHA,NBA,winner,Charlotte,Portland,1772301600,2026-02-28T18:00:00+00:00,kalshi_milestone_start_date,2026-03-26T07:29:10.829102Z,700059f5-8b57-4d0f-a208-6b8e5a2edeab,1,1772311656,,True,1189,2026-02-28,train,24h,1772215200,included,1772215140,60,0.685,0.67,0.7,0.029999999999999916,0.7,546.0,17
KXNBAGAME-26FEB28PORCHA,KXNBAGAME-26FEB28PORCHA-CHA,NBA,winner,Charlotte,Portland,1772301600,2026-02-28T18:00:00+00:00,kalshi_milestone_start_date,2026-03-26T07:29:10.829102Z,700059f5-8b57-4d0f-a208-6b8e5a2edeab,1,1772311656,,True,1189,2026-02-28,train,6h,1772280000,included,1772280000,0,0.745,0.74,0.75,0.010000000000000009,0.75,22041.0,43
KXNBAGAME-26FEB28PORCHA,KXNBAGAME-26FEB28PORCHA-CHA,NBA,winner,Charlotte,Portland,1772301600,2026-02-28T18:00:00+00:00,kalshi_milestone_start_date,2026-03-26T07:29:10.829102Z,700059f5-8b57-4d0f-a208-6b8e5a2edeab,1,1772311656,,True,1189,2026-02-28,train,1h,1772298000,included,1772298000,0,0.735,0.73,0.74,0.010000000000000009,0.74,51688.0,60
KXNBAGAME-26FEB28PORCHA,KXNBAGAME-26FEB28PORCHA-CHA,NBA,winner,Charlotte,Portland,1772301600,2026-02-28T18:00:00+00:00,kalshi_milestone_start_date,2026-03-26T07:29:10.829102Z,700059f5-8b57-4d0f-a208-6b8e5a2edeab,1,1772311656,,True,1189,2026-02-28,train,5m,1772301300,included,1772301300,0,0.715,0.71,0.72,0.010000000000000009,0.72,139124.0,60
KXNBAGAME-26FEB28HOUMIA,KXNBAGAME-26FEB28HOUMIA-MIA,NBA,winner,Miami,Houston,1772310600,2026-02-28T20:30:00+00:00,kalshi_milestone_start_date,2026-03-26T07:29:04.249578Z,8b5b2665-3e52-44ef-af81-784e6463d194,1,1772321367,,True,1229,2026-02-28,train,24h,1772224200,included,1772224200,0,0.375,0.37,0.38,0.010000000000000009,0.38,144.0,10
KXNBAGAME-26FEB28HOUMIA,KXNBAGAME-26FEB28HOUMIA-MIA,NBA,winner,Miami,Houston,1772310600,2026-02-28T20:30:00+00:00,kalshi_milestone_start_date,2026-03-26T07:29:04.249578Z,8b5b2665-3e52-44ef-af81-784e6463d194,1,1772321367,,True,1229,2026-02-28,train,6h,1772289000,included,1772289000,0,0.43,0.42,0.44,0.020000000000000018,0.44,4152.0,43
KXNBAGAME-26FEB28HOUMIA,KXNBAGAME-26FEB28HOUMIA-MIA,NBA,winner,Miami,Houston,1772310600,2026-02-28T20:30:00+00:00,kalshi_milestone_start_date,2026-03-26T07:29:04.249578Z,8b5b2665-3e52-44ef-af81-784e6463d194,1,1772321367,,True,1229,2026-02-28,train,1h,1772307000,included,1772307000,0,0.435,0.43,0.44,0.010000000000000009,0.44,61146.0,60
KXNBAGAME-26FEB28HOUMIA,KXNBAGAME-26FEB28HOUMIA-MIA,NBA,winner,Miami,Houston,1772310600,2026-02-28T20:30:00+00:00,kalshi_milestone_start_date,2026-03-26T07:29:04.249578Z,8b5b2665-3e52-44ef-af81-784e6463d194,1,1772321367,,True,1229,2026-02-28,train,5m,1772310300,included,1772310300,0,0.445,0.44,0.45,0.010000000000000009,0.45,137672.0,60
KXNBAGAME-26FEB28TORWAS,KXNBAGAME-26FEB28TORWAS-WAS,NBA,winner,Washington,Toronto,1772323200,2026-03-01T00:00:00+00:00,kalshi_milestone_start_date,2026-03-26T07:29:05.381157Z,21d4a432-355d-4624-b868-512353984be1,0,1772333007,,True,1054,2026-03-01,train,6h,1772301600,included,1772301600,0,0.125,0.12,0.13,0.010000000000000009,0.13,5762.0,54
KXNBAGAME-26FEB28TORWAS,KXNBAGAME-26FEB28TORWAS-WAS,NBA,winner,Washington,Toronto,1772323200,2026-03-01T00:00:00+00:00,kalshi_milestone_start_date,2026-03-26T07:29:05.381157Z,21d4a432-355d-4624-b868-512353984be1,0,1772333007,,True,1054,2026-03-01,train,1h,1772319600,included,1772319600,0,0.125,0.12,0.13,0.010000000000000009,0.13,44480.0,60
KXNBAGAME-26FEB28TORWAS,KXNBAGAME-26FEB28TORWAS-WAS,NBA,winner,Washington,Toronto,1772323200,2026-03-01T00:00:00+00:00,kalshi_milestone_start_date,2026-03-26T07:29:05.381157Z,21d4a432-355d-4624-b868-512353984be1,0,1772333007,,True,1054,2026-03-01,train,5m,1772322900,included,1772322900,0,0.125,0.12,0.13,0.010000000000000009,0.13,324493.0,60
KXNBAGAME-26FEB28LALGSW,KXNBAGAME-26FEB28LALGSW-GSW,NBA,winner,Golden State,Los Angeles L,1772328600,2026-03-01T01:30:00+00:00,kalshi_milestone_start_date,2026-03-26T07:29:11.858043Z,bbe9d376-7d54-4017-a4e3-3ff976ae14e7,0,1772337457,,True,1297,2026-03-01,train,24h,1772242200,included,1772242200,0,0.41000000000000003,0.4,0.42,0.019999999999999962,0.42,1632.0,18
KXNBAGAME-26FEB28LALGSW,KXNBAGAME-26FEB28LALGSW-GSW,NBA,winner,Golden State,Los Angeles L,1772328600,2026-03-01T01:30:00+00:00,kalshi_milestone_start_date,2026-03-26T07:29:11.858043Z,bbe9d376-7d54-4017-a4e3-3ff976ae14e7,0,1772337457,,True,1297,2026-03-01,train,6h,1772307000,included,1772307000,0,0.395,0.39,0.4,0.010000000000000009,0.4,9722.0,54
KXNBAGAME-26FEB28LALGSW,KXNBAGAME-26FEB28LALGSW-GSW,NBA,winner,Golden State,Los Angeles L,1772328600,2026-03-01T01:30:00+00:00,kalshi_milestone_start_date,2026-03-26T07:29:11.858043Z,bbe9d376-7d54-4017-a4e3-3ff976ae14e7,0,1772337457,,True,1297,2026-03-01,train,1h,1772325000,included,1772325000,0,0.405,0.4,0.41,0.009999999999999953,0.41,91912.0,60
KXNBAGAME-26FEB28LALGSW,KXNBAGAME-26FEB28LALGSW-GSW,NBA,winner,Golden State,Los Angeles L,1772328600,2026-03-01T01:30:00+00:00,kalshi_milestone_start_date,2026-03-26T07:29:11.858043Z,bbe9d376-7d54-4017-a4e3-3ff976ae14e7,0,1772337457,,True,1297,2026-03-01,train,5m,1772328300,included,1772328300,0,0.395,0.39,0.4,0.010000000000000009,0.4,211217.0,60
KXNBAGAME-26FEB28NOPUTA,KXNBAGAME-26FEB28NOPUTA-UTA,NBA,winner,Utah,New Orleans,1772332200,2026-03-01T02:30:00+00:00,kalshi_milestone_start_date,2026-03-26T07:29:02.112171Z,cea5258c-3af5-4408-93d3-3c232d9004d2,0,1772342366,,True,1090,2026-03-01,train,24h,1772245800,included,1772245740,60,0.31,0.3,0.32,0.020000000000000018,0.32,558.0,10
KXNBAGAME-26FEB28NOPUTA,KXNBAGAME-26FEB28NOPUTA-UTA,NBA,winner,Utah,New Orleans,1772332200,2026-03-01T02:30:00+00:00,kalshi_milestone_start_date,2026-03-26T07:29:02.112171Z,cea5258c-3af5-4408-93d3-3c232d9004d2,0,1772342366,,True,1090,2026-03-01,train,6h,1772310600,included,1772310600,0,0.315,0.31,0.32,0.010000000000000009,0.32,6644.0,47
KXNBAGAME-26FEB28NOPUTA,KXNBAGAME-26FEB28NOPUTA-UTA,NBA,winner,Utah,New Orleans,1772332200,2026-03-01T02:30:00+00:00,kalshi_milestone_start_date,2026-03-26T07:29:02.112171Z,cea5258c-3af5-4408-93d3-3c232d9004d2,0,1772342366,,True,1090,2026-03-01,train,1h,1772328600,included,1772328600,0,0.315,0.31,0.32,0.010000000000000009,0.32,26700.0,60
KXNBAGAME-26FEB28NOPUTA,KXNBAGAME-26FEB28NOPUTA-UTA,NBA,winner,Utah,New Orleans,1772332200,2026-03-01T02:30:00+00:00,kalshi_milestone_start_date,2026-03-26T07:29:02.112171Z,cea5258c-3af5-4408-93d3-3c232d9004d2,0,1772342366,,True,1090,2026-03-01,train,5m,1772331900,included,1772331900,0,0.335,0.33,0.34,0.010000000000000009,0.34,154259.0,60
KXNBAGAME-26MAR01SASNYK,KXNBAGAME-26MAR01SASNYK-NYK,NBA,winner,New York,San Antonio,1772388000,2026-03-01T18:00:00+00:00,kalshi_milestone_start_date,2026-03-26T07:29:23.919229Z,976bdb98-1831-41ce-8efc-833e2055bf0b,1,1772398667,,True,1123,2026-03-01,train,6h,1772366400,included,1772366400,0,0.475,0.47,0.48,0.010000000000000009,0.48,9546.0,39
KXNBAGAME-26MAR01SASNYK,KXNBAGAME-26MAR01SASNYK-NYK,NBA,winner,New York,San Antonio,1772388000,2026-03-01T18:00:00+00:00,kalshi_milestone_start_date,2026-03-26T07:29:23.919229Z,976bdb98-1831-41ce-8efc-833e2055bf0b,1,1772398667,,True,1123,2026-03-01,train,1h,1772384400,included,1772384400,0,0.495,0.49,0.5,0.010000000000000009,0.5,107813.0,60
KXNBAGAME-26MAR01SASNYK,KXNBAGAME-26MAR01SASNYK-NYK,NBA,winner,New York,San Antonio,1772388000,2026-03-01T18:00:00+00:00,kalshi_milestone_start_date,2026-03-26T07:29:23.919229Z,976bdb98-1831-41ce-8efc-833e2055bf0b,1,1772398667,,True,1123,2026-03-01,train,5m,1772387700,included,1772387700,0,0.485,0.48,0.49,0.010000000000000009,0.48,314324.0,60
KXNBAGAME-26MAR01CLEBKN,KXNBAGAME-26MAR01CLEBKN-BKN,NBA,winner,Brooklyn,Cleveland,1772397000,2026-03-01T20:30:00+00:00,kalshi_milestone_start_date,2026-03-26T07:29:15.049017Z,1849361f-b03f-4f0e-93bc-71ab76797832,0,1772408257,,True,831,2026-03-01,train,6h,1772375400,included,1772375400,0,0.16999999999999998,0.16,0.18,0.01999999999999999,0.18,3424.0,23
KXNBAGAME-26MAR01CLEBKN,KXNBAGAME-26MAR01CLEBKN-BKN,NBA,winner,Brooklyn,Cleveland,1772397000,2026-03-01T20:30:00+00:00,kalshi_milestone_start_date,2026-03-26T07:29:15.049017Z,1849361f-b03f-4f0e-93bc-71ab76797832,0,1772408257,,True,831,2026-03-01,train,1h,1772393400,included,1772393400,0,0.14500000000000002,0.14,0.15,0.009999999999999981,0.15,15503.0,54
KXNBAGAME-26MAR01CLEBKN,KXNBAGAME-26MAR01CLEBKN-BKN,NBA,winner,Brooklyn,Cleveland,1772397000,2026-03-01T20:30:00+00:00,kalshi_milestone_start_date,2026-03-26T07:29:15.049017Z,1849361f-b03f-4f0e-93bc-71ab76797832,0,1772408257,,True,831,2026-03-01,train,5m,1772396700,included,1772396700,0,0.165,0.16,0.17,0.010000000000000009,0.17,135517.0,57
KXNBAGAME-26MAR01MILCHI,KXNBAGAME-26MAR01MILCHI-CHI,NBA,winner,Chicago,Milwaukee,1772397000,2026-03-01T20:30:00+00:00,kalshi_milestone_start_date,2026-03-26T07:29:13.957088Z,a8efd958-79be-4eb1-a585-aea2fc97e32c,1,1772408026,,True,943,2026-03-01,train,6h,1772375400,included,1772375340,60,0.405,0.4,0.41,0.009999999999999953,0.41,15317.0,27
KXNBAGAME-26MAR01MILCHI,KXNBAGAME-26MAR01MILCHI-CHI,NBA,winner,Chicago,Milwaukee,1772397000,2026-03-01T20:30:00+00:00,kalshi_milestone_start_date,2026-03-26T07:29:13.957088Z,a8efd958-79be-4eb1-a585-aea2fc97e32c,1,1772408026,,True,943,2026-03-01,train,1h,1772393400,included,1772393400,0,0.43,0.42,0.44,0.020000000000000018,0.44,8186.0,49
KXNBAGAME-26MAR01MILCHI,KXNBAGAME-26MAR01MILCHI-CHI,NBA,winner,Chicago,Milwaukee,1772397000,2026-03-01T20:30:00+00:00,kalshi_milestone_start_date,2026-03-26T07:29:13.957088Z,a8efd958-79be-4eb1-a585-aea2fc97e32c,1,1772408026,,True,943,2026-03-01,train,5m,1772396700,included,1772396700,0,0.445,0.44,0.45,0.010000000000000009,0.45,26277.0,57
KXNBAGAME-26MAR01MINDEN,KXNBAGAME-26MAR01MINDEN-DEN,NBA,winner,Denver,Minnesota,1772397000,2026-03-01T20:30:00+00:00,kalshi_milestone_start_date,2026-03-26T07:29:23.515889Z,4f53e56e-6077-49f8-aba6-ffa5258e018f,0,1772408567,,True,1194,2026-03-01,train,6h,1772375400,included,1772375400,0,0.595,0.59,0.6,0.010000000000000009,0.6,5598.0,51
KXNBAGAME-26MAR01MINDEN,KXNBAGAME-26MAR01MINDEN-DEN,NBA,winner,Denver,Minnesota,1772397000,2026-03-01T20:30:00+00:00,kalshi_milestone_start_date,2026-03-26T07:29:23.515889Z,4f53e56e-6077-49f8-aba6-ffa5258e018f,0,1772408567,,True,1194,2026-03-01,train,1h,1772393400,included,1772393400,0,0.575,0.57,0.58,0.010000000000000009,0.57,48038.0,60
KXNBAGAME-26MAR01MINDEN,KXNBAGAME-26MAR01MINDEN-DEN,NBA,winner,Denver,Minnesota,1772397000,2026-03-01T20:30:00+00:00,kalshi_milestone_start_date,2026-03-26T07:29:23.515889Z,4f53e56e-6077-49f8-aba6-ffa5258e018f,0,1772408567,,True,1194,2026-03-01,train,5m,1772396700,included,1772396700,0,0.575,0.57,0.58,0.010000000000000009,0.58,235315.0,60
KXNBAGAME-26MAR01MEMIND,KXNBAGAME-26MAR01MEMIND-IND,NBA,winner,Indiana,Memphis,1772402400,2026-03-01T22:00:00+00:00,kalshi_milestone_start_date,2026-03-26T07:29:18.215327Z,880de5e0-8cb5-4cbc-aa10-1824431ba43a,0,1772413367,,True,707,2026-03-01,train,24h,1772316000,included,1772315940,60,0.49,0.48,0.5,0.020000000000000018,,48.0,1
KXNBAGAME-26MAR01MEMIND,KXNBAGAME-26MAR01MEMIND-IND,NBA,winner,Indiana,Memphis,1772402400,2026-03-01T22:00:00+00:00,kalshi_milestone_start_date,2026-03-26T07:29:18.215327Z,880de5e0-8cb5-4cbc-aa10-1824431ba43a,0,1772413367,,True,707,2026-03-01,train,6h,1772380800,included,1772380800,0,0.515,0.51,0.52,0.010000000000000009,,747.0,18
KXNBAGAME-26MAR01MEMIND,KXNBAGAME-26MAR01MEMIND-IND,NBA,winner,Indiana,Memphis,1772402400,2026-03-01T22:00:00+00:00,kalshi_milestone_start_date,2026-03-26T07:29:18.215327Z,880de5e0-8cb5-4cbc-aa10-1824431ba43a,0,1772413367,,True,707,2026-03-01,train,1h,1772398800,included,1772398800,0,0.495,0.49,0.5,0.010000000000000009,0.5,16435.0,44
KXNBAGAME-26MAR01MEMIND,KXNBAGAME-26MAR01MEMIND-IND,NBA,winner,Indiana,Memphis,1772402400,2026-03-01T22:00:00+00:00,kalshi_milestone_start_date,2026-03-26T07:29:18.215327Z,880de5e0-8cb5-4cbc-aa10-1824431ba43a,0,1772413367,,True,707,2026-03-01,train,5m,1772402100,included,1772402100,0,0.495,0.49,0.5,0.010000000000000009,0.5,76137.0,52
KXNBAGAME-26MAR01DETORL,KXNBAGAME-26MAR01DETORL-ORL,NBA,winner,Orlando,Detroit,1772406000,2026-03-01T23:00:00+00:00,kalshi_milestone_start_date,2026-03-26T07:29:21.372133Z,99a9bfa5-a04e-4730-a467-02f48f23ef6a,0,1772415567,,True,1212,2026-03-01,train,24h,1772319600,included,1772319600,0,0.33,0.32,0.34,0.020000000000000018,,250.0,2
KXNBAGAME-26MAR01DETORL,KXNBAGAME-26MAR01DETORL-ORL,NBA,winner,Orlando,Detroit,1772406000,2026-03-01T23:00:00+00:00,kalshi_milestone_start_date,2026-03-26T07:29:21.372133Z,99a9bfa5-a04e-4730-a467-02f48f23ef6a,0,1772415567,,True,1212,2026-03-01,train,6h,1772384400,included,1772384400,0,0.345,0.34,0.35,0.009999999999999953,0.35,1230.0,26
KXNBAGAME-26MAR01DETORL,KXNBAGAME-26MAR01DETORL-ORL,NBA,winner,Orlando,Detroit,1772406000,2026-03-01T23:00:00+00:00,kalshi_milestone_start_date,2026-03-26T07:29:21.372133Z,99a9bfa5-a04e-4730-a467-02f48f23ef6a,0,1772415567,,True,1212,2026-03-01,train,1h,1772402400,included,1772402340,60,0.345,0.34,0.35,0.009999999999999953,0.35,21049.0,54
KXNBAGAME-26MAR01DETORL,KXNBAGAME-26MAR01DETORL-ORL,NBA,winner,Orlando,Detroit,1772406000,2026-03-01T23:00:00+00:00,kalshi_milestone_start_date,2026-03-26T07:29:21.372133Z,99a9bfa5-a04e-4730-a467-02f48f23ef6a,0,1772415567,,True,1212,2026-03-01,train,5m,1772405700,included,1772405700,0,0.33999999999999997,0.33,0.35,0.019999999999999962,0.35,45414.0,56
KXNBAGAME-26MAR01PORATL,KXNBAGAME-26MAR01PORATL-ATL,NBA,winner,Atlanta,Portland,1772406000,2026-03-01T23:00:00+00:00,kalshi_milestone_start_date,2026-03-26T07:29:09.953773Z,fd6fa95b-9178-41a2-80f1-08a267303457,1,1772415156,,True,861,2026-03-01,train,6h,1772384400,included,1772384400,0,0.665,0.66,0.67,0.010000000000000009,0.67,2629.0,36
KXNBAGAME-26MAR01PORATL,KXNBAGAME-26MAR01PORATL-ATL,NBA,winner,Atlanta,Portland,1772406000,2026-03-01T23:00:00+00:00,kalshi_milestone_start_date,2026-03-26T07:29:09.953773Z,fd6fa95b-9178-41a2-80f1-08a267303457,1,1772415156,,True,861,2026-03-01,train,1h,1772402400,included,1772402400,0,0.675,0.67,0.68,0.010000000000000009,,53620.0,49
KXNBAGAME-26MAR01PORATL,KXNBAGAME-26MAR01PORATL-ATL,NBA,winner,Atlanta,Portland,1772406000,2026-03-01T23:00:00+00:00,kalshi_milestone_start_date,2026-03-26T07:29:09.953773Z,fd6fa95b-9178-41a2-80f1-08a267303457,1,1772415156,,True,861,2026-03-01,train,5m,1772405700,included,1772405700,0,0.675,0.67,0.68,0.010000000000000009,0.68,19640.0,56
KXNBAGAME-26MAR01OKCDAL,KXNBAGAME-26MAR01OKCDAL-DAL,NBA,winner,Dallas,Oklahoma City,1772413200,2026-03-02T01:00:00+00:00,kalshi_milestone_start_date,2026-03-26T07:29:24.99307Z,524b259a-477d-4f94-bfb9-a5a92315abf7,0,1772423126,,True,1118,2026-03-02,train,24h,1772326800,included,1772326800,0,0.12,0.11,0.13,0.020000000000000004,0.12,2119.0,24
KXNBAGAME-26MAR01OKCDAL,KXNBAGAME-26MAR01OKCDAL-DAL,NBA,winner,Dallas,Oklahoma City,1772413200,2026-03-02T01:00:00+00:00,kalshi_milestone_start_date,2026-03-26T07:29:24.99307Z,524b259a-477d-4f94-bfb9-a5a92315abf7,0,1772423126,,True,1118,2026-03-02,train,6h,1772391600,included,1772391540,60,0.10500000000000001,0.1,0.11,0.009999999999999995,0.11,9398.0,49
KXNBAGAME-26MAR01OKCDAL,KXNBAGAME-26MAR01OKCDAL-DAL,NBA,winner,Dallas,Oklahoma City,1772413200,2026-03-02T01:00:00+00:00,kalshi_milestone_start_date,2026-03-26T07:29:24.99307Z,524b259a-477d-4f94-bfb9-a5a92315abf7,0,1772423126,,True,1118,2026-03-02,train,1h,1772409600,included,1772409600,0,0.10500000000000001,0.1,0.11,0.009999999999999995,0.1,91862.0,60
KXNBAGAME-26MAR01OKCDAL,KXNBAGAME-26MAR01OKCDAL-DAL,NBA,winner,Dallas,Oklahoma City,1772413200,2026-03-02T01:00:00+00:00,kalshi_milestone_start_date,2026-03-26T07:29:24.99307Z,524b259a-477d-4f94-bfb9-a5a92315abf7,0,1772423126,,True,1118,2026-03-02,train,5m,1772412900,included,1772412900,0,0.095,0.09,0.1,0.010000000000000009,0.1,182113.0,60
KXNBAGAME-26MAR01PHIBOS,KXNBAGAME-26MAR01PHIBOS-BOS,NBA,winner,Boston,Philadelphia,1772413200,2026-03-02T01:00:00+00:00,kalshi_milestone_start_date,2026-03-26T07:29:30.044616Z,93c90a5d-8f4d-4ffa-8097-26435eca8a9b,1,1772423257,,True,1077,2026-03-02,train,6h,1772391600,included,1772391480,120,0.765,0.76,0.77,0.010000000000000009,0.77,6026.0,38
KXNBAGAME-26MAR01PHIBOS,KXNBAGAME-26MAR01PHIBOS-BOS,NBA,winner,Boston,Philadelphia,1772413200,2026-03-02T01:00:00+00:00,kalshi_milestone_start_date,2026-03-26T07:29:30.044616Z,93c90a5d-8f4d-4ffa-8097-26435eca8a9b,1,1772423257,,True,1077,2026-03-02,train,1h,1772409600,included,1772409600,0,0.765,0.76,0.77,0.010000000000000009,0.77,92136.0,60
KXNBAGAME-26MAR01PHIBOS,KXNBAGAME-26MAR01PHIBOS-BOS,NBA,winner,Boston,Philadelphia,1772413200,2026-03-02T01:00:00+00:00,kalshi_milestone_start_date,2026-03-26T07:29:30.044616Z,93c90a5d-8f4d-4ffa-8097-26435eca8a9b,1,1772423257,,True,1077,2026-03-02,train,5m,1772412900,included,1772412900,0,0.755,0.75,0.76,0.010000000000000009,0.76,109866.0,60
KXNBAGAME-26MAR01NOPLAC,KXNBAGAME-26MAR01NOPLAC-LAC,NBA,winner,Los Angeles C,New Orleans,1772416800,2026-03-02T02:00:00+00:00,kalshi_milestone_start_date,2026-03-26T07:29:30.846585Z,64e92c80-b63f-4e2d-8226-bfb1560ea475,1,1772426966,,True,1002,2026-03-02,train,24h,1772330400,included,1772330340,60,0.695,0.69,0.7,0.010000000000000009,,764.0,8
KXNBAGAME-26MAR01NOPLAC,KXNBAGAME-26MAR01NOPLAC-LAC,NBA,winner,Los Angeles C,New Orleans,1772416800,2026-03-02T02:00:00+00:00,kalshi_milestone_start_date,2026-03-26T07:29:30.846585Z,64e92c80-b63f-4e2d-8226-bfb1560ea475,1,1772426966,,True,1002,2026-03-02,train,6h,1772395200,included,1772395200,0,0.755,0.75,0.76,0.010000000000000009,,537.0,18
KXNBAGAME-26MAR01NOPLAC,KXNBAGAME-26MAR01NOPLAC-LAC,NBA,winner,Los Angeles C,New Orleans,1772416800,2026-03-02T02:00:00+00:00,kalshi_milestone_start_date,2026-03-26T07:29:30.846585Z,64e92c80-b63f-4e2d-8226-bfb1560ea475,1,1772426966,,True,1002,2026-03-02,train,1h,1772413200,included,1772413200,0,0.735,0.73,0.74,0.010000000000000009,0.74,63985.0,59
KXNBAGAME-26MAR01NOPLAC,KXNBAGAME-26MAR01NOPLAC-LAC,NBA,winner,Los Angeles C,New Orleans,1772416800,2026-03-02T02:00:00+00:00,kalshi_milestone_start_date,2026-03-26T07:29:30.846585Z,64e92c80-b63f-4e2d-8226-bfb1560ea475,1,1772426966,,True,1002,2026-03-02,train,5m,1772416500,included,1772416500,0,0.745,0.74,0.75,0.010000000000000009,0.75,213103.0,59
KXNBAGAME-26MAR01SACLAL,KXNBAGAME-26MAR01SACLAL-LAL,NBA,winner,Los Angeles L,Sacramento,1772418600,2026-03-02T02:30:00+00:00,kalshi_milestone_start_date,2026-03-26T07:29:22.863274Z,56e7f678-d228-4f23-bcf7-4e5217913d13,1,1772427926,,True,1072,2026-03-02,train,24h,1772332200,included,1772332200,0,0.84,0.83,0.85,0.020000000000000018,,723.0,12
KXNBAGAME-26MAR01SACLAL,KXNBAGAME-26MAR01SACLAL-LAL,NBA,winner,Los Angeles L,Sacramento,1772418600,2026-03-02T02:30:00+00:00,kalshi_milestone_start_date,2026-03-26T07:29:22.863274Z,56e7f678-d228-4f23-bcf7-4e5217913d13,1,1772427926,,True,1072,2026-03-02,train,6h,1772397000,included,1772397000,0,0.865,0.86,0.87,0.010000000000000009,0.87,5333.0,25
KXNBAGAME-26MAR01SACLAL,KXNBAGAME-26MAR01SACLAL-LAL,NBA,winner,Los Angeles L,Sacramento,1772418600,2026-03-02T02:30:00+00:00,kalshi_milestone_start_date,2026-03-26T07:29:22.863274Z,56e7f678-d228-4f23-bcf7-4e5217913d13,1,1772427926,,True,1072,2026-03-02,train,1h,1772415000,included,1772415000,0,0.855,0.85,0.86,0.010000000000000009,0.86,70965.0,60
KXNBAGAME-26MAR01SACLAL,KXNBAGAME-26MAR01SACLAL-LAL,NBA,winner,Los Angeles L,Sacramento,1772418600,2026-03-02T02:30:00+00:00,kalshi_milestone_start_date,2026-03-26T07:29:22.863274Z,56e7f678-d228-4f23-bcf7-4e5217913d13,1,1772427926,,True,1072,2026-03-02,train,5m,1772418300,included,1772418300,0,0.865,0.86,0.87,0.010000000000000009,0.87,306265.0,60
KXNBAGAME-26MAR02HOUWAS,KXNBAGAME-26MAR02HOUWAS-WAS,NBA,winner,Washington,Houston,1772496000,2026-03-03T00:00:00+00:00,kalshi_milestone_start_date,2026-03-26T07:28:41.445268Z,9b1b53df-c95e-48db-adb6-6ba428b0a016,0,1772506056,,True,1233,2026-03-03,train,24h,1772409600,included,1772409540,60,0.13,0.12,0.14,0.020000000000000018,0.14,6010.0,13
KXNBAGAME-26MAR02HOUWAS,KXNBAGAME-26MAR02HOUWAS-WAS,NBA,winner,Washington,Houston,1772496000,2026-03-03T00:00:00+00:00,kalshi_milestone_start_date,2026-03-26T07:28:41.445268Z,9b1b53df-c95e-48db-adb6-6ba428b0a016,0,1772506056,,True,1233,2026-03-03,train,6h,1772474400,included,1772474400,0,0.10500000000000001,0.1,0.11,0.009999999999999995,0.11,23900.0,53
KXNBAGAME-26MAR02HOUWAS,KXNBAGAME-26MAR02HOUWAS-WAS,NBA,winner,Washington,Houston,1772496000,2026-03-03T00:00:00+00:00,kalshi_milestone_start_date,2026-03-26T07:28:41.445268Z,9b1b53df-c95e-48db-adb6-6ba428b0a016,0,1772506056,,True,1233,2026-03-03,train,1h,1772492400,included,1772492400,0,0.11499999999999999,0.11,0.12,0.009999999999999995,0.12,68620.0,59
KXNBAGAME-26MAR02HOUWAS,KXNBAGAME-26MAR02HOUWAS-WAS,NBA,winner,Washington,Houston,1772496000,2026-03-03T00:00:00+00:00,kalshi_milestone_start_date,2026-03-26T07:28:41.445268Z,9b1b53df-c95e-48db-adb6-6ba428b0a016,0,1772506056,,True,1233,2026-03-03,train,5m,1772495700,included,1772495700,0,0.10500000000000001,0.1,0.11,0.009999999999999995,0.11,100151.0,59
KXNBAGAME-26MAR02BOSMIL,KXNBAGAME-26MAR02BOSMIL-MIL,NBA,winner,Milwaukee,Boston,1772497800,2026-03-03T00:30:00+00:00,kalshi_milestone_start_date,2026-03-26T07:28:36.980619Z,d116d881-4d85-428c-bf57-8a1bb2735593,0,1772506337,,True,1206,2026-03-03,train,24h,1772411400,included,1772411400,0,0.28500000000000003,0.27,0.3,0.02999999999999997,0.28,3329.0,15
KXNBAGAME-26MAR02BOSMIL,KXNBAGAME-26MAR02BOSMIL-MIL,NBA,winner,Milwaukee,Boston,1772497800,2026-03-03T00:30:00+00:00,kalshi_milestone_start_date,2026-03-26T07:28:36.980619Z,d116d881-4d85-428c-bf57-8a1bb2735593,0,1772506337,,True,1206,2026-03-03,train,6h,1772476200,included,1772476200,0,0.365,0.36,0.37,0.010000000000000009,0.37,586175.0,50
KXNBAGAME-26MAR02BOSMIL,KXNBAGAME-26MAR02BOSMIL-MIL,NBA,winner,Milwaukee,Boston,1772497800,2026-03-03T00:30:00+00:00,kalshi_milestone_start_date,2026-03-26T07:28:36.980619Z,d116d881-4d85-428c-bf57-8a1bb2735593,0,1772506337,,True,1206,2026-03-03,train,1h,1772494200,included,1772494200,0,0.435,0.43,0.44,0.010000000000000009,0.44,189070.0,60
KXNBAGAME-26MAR02BOSMIL,KXNBAGAME-26MAR02BOSMIL-MIL,NBA,winner,Milwaukee,Boston,1772497800,2026-03-03T00:30:00+00:00,kalshi_milestone_start_date,2026-03-26T07:28:36.980619Z,d116d881-4d85-428c-bf57-8a1bb2735593,0,1772506337,,True,1206,2026-03-03,train,5m,1772497500,included,1772497500,0,0.435,0.43,0.44,0.010000000000000009,0.44,860172.0,60
KXNBAGAME-26MAR02DENUTA,KXNBAGAME-26MAR02DENUTA-UTA,NBA,winner,Utah,Denver,1772503200,2026-03-03T02:00:00+00:00,kalshi_milestone_start_date,2026-03-26T07:28:35.897583Z,b4e3f2db-aa92-471f-9216-a4c20ea6ca01,0,1772514187,,True,1332,2026-03-03,train,24h,1772416800,included,1772416800,0,0.175,0.17,0.18,0.009999999999999981,,287.0,8
KXNBAGAME-26MAR02DENUTA,KXNBAGAME-26MAR02DENUTA-UTA,NBA,winner,Utah,Denver,1772503200,2026-03-03T02:00:00+00:00,kalshi_milestone_start_date,2026-03-26T07:28:35.897583Z,b4e3f2db-aa92-471f-9216-a4c20ea6ca01,0,1772514187,,True,1332,2026-03-03,train,6h,1772481600,included,1772481600,0,0.155,0.15,0.16,0.010000000000000009,0.16,10008.0,47
KXNBAGAME-26MAR02DENUTA,KXNBAGAME-26MAR02DENUTA-UTA,NBA,winner,Utah,Denver,1772503200,2026-03-03T02:00:00+00:00,kalshi_milestone_start_date,2026-03-26T07:28:35.897583Z,b4e3f2db-aa92-471f-9216-a4c20ea6ca01,0,1772514187,,True,1332,2026-03-03,train,1h,1772499600,included,1772499600,0,0.165,0.16,0.17,0.010000000000000009,0.17,20462.0,58
KXNBAGAME-26MAR02DENUTA,KXNBAGAME-26MAR02DENUTA-UTA,NBA,winner,Utah,Denver,1772503200,2026-03-03T02:00:00+00:00,kalshi_milestone_start_date,2026-03-26T07:28:35.897583Z,b4e3f2db-aa92-471f-9216-a4c20ea6ca01,0,1772514187,,True,1332,2026-03-03,train,5m,1772502900,included,1772502900,0,0.165,0.16,0.17,0.010000000000000009,0.17,54400.0,59
KXNBAGAME-26MAR02LACGSW,KXNBAGAME-26MAR02LACGSW-GSW,NBA,winner,Golden State,Los Angeles C,1772506800,2026-03-03T03:00:00+00:00,kalshi_milestone_start_date,2026-03-26T07:29:18.565418Z,f7a30b22-b79c-47e7-88b6-90ae82664c89,0,1772516277,,True,1339,2026-03-03,train,24h,1772420400,included,1772420400,0,0.49,0.48,0.5,0.020000000000000018,,1561.0,40
KXNBAGAME-26MAR02LACGSW,KXNBAGAME-26MAR02LACGSW-GSW,NBA,winner,Golden State,Los Angeles C,1772506800,2026-03-03T03:00:00+00:00,kalshi_milestone_start_date,2026-03-26T07:29:18.565418Z,f7a30b22-b79c-47e7-88b6-90ae82664c89,0,1772516277,,True,1339,2026-03-03,train,6h,1772485200,included,1772485200,0,0.49,0.48,0.5,0.020000000000000018,0.5,9592.0,53
KXNBAGAME-26MAR02LACGSW,KXNBAGAME-26MAR02LACGSW-GSW,NBA,winner,Golden State,Los Angeles C,1772506800,2026-03-03T03:00:00+00:00,kalshi_milestone_start_date,2026-03-26T07:29:18.565418Z,f7a30b22-b79c-47e7-88b6-90ae82664c89,0,1772516277,,True,1339,2026-03-03,train,1h,1772503200,included,1772503200,0,0.485,0.48,0.49,0.010000000000000009,0.49,88840.0,60
KXNBAGAME-26MAR02LACGSW,KXNBAGAME-26MAR02LACGSW-GSW,NBA,winner,Golden State,Los Angeles C,1772506800,2026-03-03T03:00:00+00:00,kalshi_milestone_start_date,2026-03-26T07:29:18.565418Z,f7a30b22-b79c-47e7-88b6-90ae82664c89,0,1772516277,,True,1339,2026-03-03,train,5m,1772506500,included,1772506500,0,0.495,0.49,0.5,0.010000000000000009,0.5,293836.0,60
KXNBAGAME-26MAR03DALCHA,KXNBAGAME-26MAR03DALCHA-CHA,NBA,winner,Charlotte,Dallas,1772582400,2026-03-04T00:00:00+00:00,kalshi_milestone_start_date,2026-03-26T07:29:35.96325Z,fc24d1ce-62fa-4ee0-b7ec-c2b47282423a,1,1772592347,,True,1164,2026-03-04,train,24h,1772496000,included,1772495940,60,0.8200000000000001,0.81,0.83,0.019999999999999907,0.83,4892.0,8
KXNBAGAME-26MAR03DALCHA,KXNBAGAME-26MAR03DALCHA-CHA,NBA,winner,Charlotte,Dallas,1772582400,2026-03-04T00:00:00+00:00,kalshi_milestone_start_date,2026-03-26T07:29:35.96325Z,fc24d1ce-62fa-4ee0-b7ec-c2b47282423a,1,1772592347,,True,1164,2026-03-04,train,6h,1772560800,included,1772560800,0,0.855,0.85,0.86,0.010000000000000009,0.86,4051.0,39
KXNBAGAME-26MAR03DALCHA,KXNBAGAME-26MAR03DALCHA-CHA,NBA,winner,Charlotte,Dallas,1772582400,2026-03-04T00:00:00+00:00,kalshi_milestone_start_date,2026-03-26T07:29:35.96325Z,fc24d1ce-62fa-4ee0-b7ec-c2b47282423a,1,1772592347,,True,1164,2026-03-04,train,1h,1772578800,included,1772578800,0,0.855,0.85,0.86,0.010000000000000009,0.86,40028.0,59
KXNBAGAME-26MAR03DALCHA,KXNBAGAME-26MAR03DALCHA-CHA,NBA,winner,Charlotte,Dallas,1772582400,2026-03-04T00:00:00+00:00,kalshi_milestone_start_date,2026-03-26T07:29:35.96325Z,fc24d1ce-62fa-4ee0-b7ec-c2b47282423a,1,1772592347,,True,1164,2026-03-04,train,5m,1772582100,included,1772582100,0,0.855,0.85,0.86,0.010000000000000009,0.85,87555.0,58
KXNBAGAME-26MAR03DETCLE,KXNBAGAME-26MAR03DETCLE-CLE,NBA,winner,Cleveland,Detroit,1772582400,2026-03-04T00:00:00+00:00,kalshi_milestone_start_date,2026-03-26T07:29:51.346555Z,42768607-999b-415f-a203-d7f65c3edbe6,1,1772591977,,True,1357,2026-03-04,train,24h,1772496000,included,1772496000,0,0.45,0.44,0.46,0.020000000000000018,0.46,21348.0,35
KXNBAGAME-26MAR03DETCLE,KXNBAGAME-26MAR03DETCLE-CLE,NBA,winner,Cleveland,Detroit,1772582400,2026-03-04T00:00:00+00:00,kalshi_milestone_start_date,2026-03-26T07:29:51.346555Z,42768607-999b-415f-a203-d7f65c3edbe6,1,1772591977,,True,1357,2026-03-04,train,6h,1772560800,included,1772560800,0,0.435,0.43,0.44,0.010000000000000009,0.44,21633.0,54
KXNBAGAME-26MAR03DETCLE,KXNBAGAME-26MAR03DETCLE-CLE,NBA,winner,Cleveland,Detroit,1772582400,2026-03-04T00:00:00+00:00,kalshi_milestone_start_date,2026-03-26T07:29:51.346555Z,42768607-999b-415f-a203-d7f65c3edbe6,1,1772591977,,True,1357,2026-03-04,train,1h,1772578800,included,1772578800,0,0.435,0.43,0.44,0.010000000000000009,0.44,43652.0,60
KXNBAGAME-26MAR03DETCLE,KXNBAGAME-26MAR03DETCLE-CLE,NBA,winner,Cleveland,Detroit,1772582400,2026-03-04T00:00:00+00:00,kalshi_milestone_start_date,2026-03-26T07:29:51.346555Z,42768607-999b-415f-a203-d7f65c3edbe6,1,1772591977,,True,1357,2026-03-04,train,5m,1772582100,included,1772582100,0,0.425,0.42,0.43,0.010000000000000009,0.43,147791.0,60
KXNBAGAME-26MAR03WASORL,KXNBAGAME-26MAR03WASORL-ORL,NBA,winner,Orlando,Washington,1772582400,2026-03-04T00:00:00+00:00,kalshi_milestone_start_date,2026-03-26T07:29:16.523844Z,3d71483a-63c5-45a5-8d50-d86297e89892,1,1772592347,,True,1054,2026-03-04,train,24h,1772496000,included,1772496000,0,0.885,0.88,0.89,0.010000000000000009,,403.0,7
KXNBAGAME-26MAR03WASORL,KXNBAGAME-26MAR03WASORL-ORL,NBA,winner,Orlando,Washington,1772582400,2026-03-04T00:00:00+00:00,kalshi_milestone_start_date,2026-03-26T07:29:16.523844Z,3d71483a-63c5-45a5-8d50-d86297e89892,1,1772592347,,True,1054,2026-03-04,train,6h,1772560800,included,1772560800,0,0.905,0.9,0.91,0.010000000000000009,,3253.0,32
KXNBAGAME-26MAR03WASORL,KXNBAGAME-26MAR03WASORL-ORL,NBA,winner,Orlando,Washington,1772582400,2026-03-04T00:00:00+00:00,kalshi_milestone_start_date,2026-03-26T07:29:16.523844Z,3d71483a-63c5-45a5-8d50-d86297e89892,1,1772592347,,True,1054,2026-03-04,train,1h,1772578800,included,1772578740,60,0.905,0.9,0.91,0.010000000000000009,0.91,16421.0,50
KXNBAGAME-26MAR03WASORL,KXNBAGAME-26MAR03WASORL-ORL,NBA,winner,Orlando,Washington,1772582400,2026-03-04T00:00:00+00:00,kalshi_milestone_start_date,2026-03-26T07:29:16.523844Z,3d71483a-63c5-45a5-8d50-d86297e89892,1,1772592347,,True,1054,2026-03-04,train,5m,1772582100,included,1772582100,0,0.905,0.9,0.91,0.010000000000000009,0.9,19038.0,53
KXNBAGAME-26MAR03BKNMIA,KXNBAGAME-26MAR03BKNMIA-MIA,NBA,winner,Miami,Brooklyn,1772584200,2026-03-04T00:30:00+00:00,kalshi_milestone_start_date,2026-03-26T07:29:37.950925Z,1b4ad8a2-2750-469a-a86f-ef319cdf8759,1,1772593977,,True,895,2026-03-04,train,24h,1772497800,included,1772497740,60,0.845,0.84,0.85,0.010000000000000009,0.85,810.0,6
KXNBAGAME-26MAR03BKNMIA,KXNBAGAME-26MAR03BKNMIA-MIA,NBA,winner,Miami,Brooklyn,1772584200,2026-03-04T00:30:00+00:00,kalshi_milestone_start_date,2026-03-26T07:29:37.950925Z,1b4ad8a2-2750-469a-a86f-ef319cdf8759,1,1772593977,,True,895,2026-03-04,train,6h,1772562600,included,1772562600,0,0.855,0.85,0.86,0.010000000000000009,0.86,1933.0,24
KXNBAGAME-26MAR03BKNMIA,KXNBAGAME-26MAR03BKNMIA-MIA,NBA,winner,Miami,Brooklyn,1772584200,2026-03-04T00:30:00+00:00,kalshi_milestone_start_date,2026-03-26T07:29:37.950925Z,1b4ad8a2-2750-469a-a86f-ef319cdf8759,1,1772593977,,True,895,2026-03-04,train,1h,1772580600,included,1772580600,0,0.845,0.84,0.85,0.010000000000000009,,5605.0,44
KXNBAGAME-26MAR03BKNMIA,KXNBAGAME-26MAR03BKNMIA-MIA,NBA,winner,Miami,Brooklyn,1772584200,2026-03-04T00:30:00+00:00,kalshi_milestone_start_date,2026-03-26T07:29:37.950925Z,1b4ad8a2-2750-469a-a86f-ef319cdf8759,1,1772593977,,True,895,2026-03-04,train,5m,1772583900,included,1772583900,0,0.845,0.84,0.85,0.010000000000000009,0.85,43895.0,53
KXNBAGAME-26MAR03NYKTOR,KXNBAGAME-26MAR03NYKTOR-TOR,NBA,winner,Toronto,New York,1772584200,2026-03-04T00:30:00+00:00,kalshi_milestone_start_date,2026-03-26T07:29:51.305076Z,e61ed161-03d2-45d5-bbfc-189ecea9f4ec,0,1772593777,,True,1013,2026-03-04,train,24h,1772497800,included,1772497800,0,0.44,0.43,0.45,0.020000000000000018,,856.0,10
KXNBAGAME-26MAR03NYKTOR,KXNBAGAME-26MAR03NYKTOR-TOR,NBA,winner,Toronto,New York,1772584200,2026-03-04T00:30:00+00:00,kalshi_milestone_start_date,2026-03-26T07:29:51.305076Z,e61ed161-03d2-45d5-bbfc-189ecea9f4ec,0,1772593777,,True,1013,2026-03-04,train,6h,1772562600,included,1772562600,0,0.435,0.43,0.44,0.010000000000000009,0.44,6281.0,32
KXNBAGAME-26MAR03NYKTOR,KXNBAGAME-26MAR03NYKTOR-TOR,NBA,winner,Toronto,New York,1772584200,2026-03-04T00:30:00+00:00,kalshi_milestone_start_date,2026-03-26T07:29:51.305076Z,e61ed161-03d2-45d5-bbfc-189ecea9f4ec,0,1772593777,,True,1013,2026-03-04,train,1h,1772580600,included,1772580600,0,0.435,0.43,0.44,0.010000000000000009,0.44,13424.0,52
KXNBAGAME-26MAR03NYKTOR,KXNBAGAME-26MAR03NYKTOR-TOR,NBA,winner,Toronto,New York,1772584200,2026-03-04T00:30:00+00:00,kalshi_milestone_start_date,2026-03-26T07:29:51.305076Z,e61ed161-03d2-45d5-bbfc-189ecea9f4ec,0,1772593777,,True,1013,2026-03-04,train,5m,1772583900,included,1772583900,0,0.435,0.43,0.44,0.010000000000000009,0.44,44609.0,58
KXNBAGAME-26MAR03MEMMIN,KXNBAGAME-26MAR03MEMMIN-MIN,NBA,winner,Minnesota,Memphis,1772586000,2026-03-04T01:00:00+00:00,kalshi_milestone_start_date,2026-03-26T07:29:42.906084Z,b74dfe2f-fceb-4b0e-aa37-fa8384ef9228,1,1772595746,,True,923,2026-03-04,train,24h,1772499600,included,1772499600,0,0.87,0.86,0.88,0.020000000000000018,,10.0,1
KXNBAGAME-26MAR03MEMMIN,KXNBAGAME-26MAR03MEMMIN-MIN,NBA,winner,Minnesota,Memphis,1772586000,2026-03-04T01:00:00+00:00,kalshi_milestone_start_date,2026-03-26T07:29:42.906084Z,b74dfe2f-fceb-4b0e-aa37-fa8384ef9228,1,1772595746,,True,923,2026-03-04,train,6h,1772564400,included,1772564400,0,0.875,0.87,0.88,0.010000000000000009,,3843.0,23
KXNBAGAME-26MAR03MEMMIN,KXNBAGAME-26MAR03MEMMIN-MIN,NBA,winner,Minnesota,Memphis,1772586000,2026-03-04T01:00:00+00:00,kalshi_milestone_start_date,2026-03-26T07:29:42.906084Z,b74dfe2f-fceb-4b0e-aa37-fa8384ef9228,1,1772595746,,True,923,2026-03-04,train,1h,1772582400,included,1772582400,0,0.855,0.85,0.86,0.010000000000000009,0.86,11362.0,46
KXNBAGAME-26MAR03MEMMIN,KXNBAGAME-26MAR03MEMMIN-MIN,NBA,winner,Minnesota,Memphis,1772586000,2026-03-04T01:00:00+00:00,kalshi_milestone_start_date,2026-03-26T07:29:42.906084Z,b74dfe2f-fceb-4b0e-aa37-fa8384ef9228,1,1772595746,,True,923,2026-03-04,train,5m,1772585700,included,1772585700,0,0.865,0.86,0.87,0.010000000000000009,0.87,52127.0,56
KXNBAGAME-26MAR03OKCCHI,KXNBAGAME-26MAR03OKCCHI-CHI,NBA,winner,Chicago,Oklahoma City,1772586000,2026-03-04T01:00:00+00:00,kalshi_milestone_start_date,2026-03-26T07:29:16.502922Z,40996ab8-ac44-45d2-891c-83f84871384e,0,1772595336,,True,1031,2026-03-04,train,24h,1772499600,included,1772499600,0,0.21000000000000002,0.2,0.22,0.01999999999999999,,501.0,7
KXNBAGAME-26MAR03OKCCHI,KXNBAGAME-26MAR03OKCCHI-CHI,NBA,winner,Chicago,Oklahoma City,1772586000,2026-03-04T01:00:00+00:00,kalshi_milestone_start_date,2026-03-26T07:29:16.502922Z,40996ab8-ac44-45d2-891c-83f84871384e,0,1772595336,,True,1031,2026-03-04,train,6h,1772564400,included,1772564400,0,0.215,0.21,0.22,0.010000000000000009,0.22,5554.0,33
KXNBAGAME-26MAR03OKCCHI,KXNBAGAME-26MAR03OKCCHI-CHI,NBA,winner,Chicago,Oklahoma City,1772586000,2026-03-04T01:00:00+00:00,kalshi_milestone_start_date,2026-03-26T07:29:16.502922Z,40996ab8-ac44-45d2-891c-83f84871384e,0,1772595336,,True,1031,2026-03-04,train,1h,1772582400,included,1772582340,60,0.225,0.22,0.23,0.010000000000000009,0.23,11494.0,42
KXNBAGAME-26MAR03OKCCHI,KXNBAGAME-26MAR03OKCCHI-CHI,NBA,winner,Chicago,Oklahoma City,1772586000,2026-03-04T01:00:00+00:00,kalshi_milestone_start_date,2026-03-26T07:29:16.502922Z,40996ab8-ac44-45d2-891c-83f84871384e,0,1772595336,,True,1031,2026-03-04,train,5m,1772585700,included,1772585700,0,0.225,0.22,0.23,0.010000000000000009,0.23,20505.0,57
KXNBAGAME-26MAR03SASPHI,KXNBAGAME-26MAR03SASPHI-PHI,NBA,winner,Philadelphia,San Antonio,1772586000,2026-03-04T01:00:00+00:00,kalshi_milestone_start_date,2026-03-26T07:29:50.884622Z,84e3eee2-2218-4834-a630-670519071e8e,0,1772596966,,True,980,2026-03-04,train,24h,1772499600,included,1772499540,60,0.295,0.29,0.3,0.010000000000000009,,198.0,10
KXNBAGAME-26MAR03SASPHI,KXNBAGAME-26MAR03SASPHI-PHI,NBA,winner,Philadelphia,San Antonio,1772586000,2026-03-04T01:00:00+00:00,kalshi_milestone_start_date,2026-03-26T07:29:50.884622Z,84e3eee2-2218-4834-a630-670519071e8e,0,1772596966,,True,980,2026-03-04,train,6h,1772564400,included,1772564400,0,0.255,0.25,0.26,0.010000000000000009,0.26,11633.0,36
KXNBAGAME-26MAR03SASPHI,KXNBAGAME-26MAR03SASPHI-PHI,NBA,winner,Philadelphia,San Antonio,1772586000,2026-03-04T01:00:00+00:00,kalshi_milestone_start_date,2026-03-26T07:29:50.884622Z,84e3eee2-2218-4834-a630-670519071e8e,0,1772596966,,True,980,2026-03-04,train,1h,1772582400,included,1772582400,0,0.265,0.26,0.27,0.010000000000000009,0.27,14767.0,51
KXNBAGAME-26MAR03SASPHI,KXNBAGAME-26MAR03SASPHI-PHI,NBA,winner,Philadelphia,San Antonio,1772586000,2026-03-04T01:00:00+00:00,kalshi_milestone_start_date,2026-03-26T07:29:50.884622Z,84e3eee2-2218-4834-a630-670519071e8e,0,1772596966,,True,980,2026-03-04,train,5m,1772585700,included,1772585700,0,0.265,0.26,0.27,0.010000000000000009,0.27,35469.0,58
KXNBAGAME-26MAR03NOPLAL,KXNBAGAME-26MAR03NOPLAL-LAL,NBA,winner,Los Angeles L,New Orleans,1772595000,2026-03-04T03:30:00+00:00,kalshi_milestone_start_date,2026-03-26T07:29:16.114547Z,3a2a6ebd-f11e-4a77-aee9-2560e2561822,1,1772605047,,True,1244,2026-03-04,train,24h,1772508600,included,1772508540,60,0.785,0.78,0.79,0.010000000000000009,0.79,1336.0,15
KXNBAGAME-26MAR03NOPLAL,KXNBAGAME-26MAR03NOPLAL-LAL,NBA,winner,Los Angeles L,New Orleans,1772595000,2026-03-04T03:30:00+00:00,kalshi_milestone_start_date,2026-03-26T07:29:16.114547Z,3a2a6ebd-f11e-4a77-aee9-2560e2561822,1,1772605047,,True,1244,2026-03-04,train,6h,1772573400,included,1772573400,0,0.765,0.76,0.77,0.010000000000000009,0.77,17420.0,49
KXNBAGAME-26MAR03NOPLAL,KXNBAGAME-26MAR03NOPLAL-LAL,NBA,winner,Los Angeles L,New Orleans,1772595000,2026-03-04T03:30:00+00:00,kalshi_milestone_start_date,2026-03-26T07:29:16.114547Z,3a2a6ebd-f11e-4a77-aee9-2560e2561822,1,1772605047,,True,1244,2026-03-04,train,1h,1772591400,included,1772591400,0,0.765,0.76,0.77,0.010000000000000009,0.77,112373.0,60
KXNBAGAME-26MAR03NOPLAL,KXNBAGAME-26MAR03NOPLAL-LAL,NBA,winner,Los Angeles L,New Orleans,1772595000,2026-03-04T03:30:00+00:00,kalshi_milestone_start_date,2026-03-26T07:29:16.114547Z,3a2a6ebd-f11e-4a77-aee9-2560e2561822,1,1772605047,,True,1244,2026-03-04,train,5m,1772594700,included,1772594700,0,0.745,0.74,0.75,0.010000000000000009,0.75,953458.0,60
KXNBAGAME-26MAR03PHXSAC,KXNBAGAME-26MAR03PHXSAC-SAC,NBA,winner,Sacramento,Phoenix,1772596800,2026-03-04T04:00:00+00:00,kalshi_milestone_start_date,2026-03-26T07:29:44.986345Z,9f1b1a31-d7e2-464c-b4ca-8902da978d20,0,1772606837,,True,786,2026-03-04,train,24h,1772510400,included,1772510400,0,0.195,0.19,0.2,0.010000000000000009,,2318.0,16
KXNBAGAME-26MAR03PHXSAC,KXNBAGAME-26MAR03PHXSAC-SAC,NBA,winner,Sacramento,Phoenix,1772596800,2026-03-04T04:00:00+00:00,kalshi_milestone_start_date,2026-03-26T07:29:44.986345Z,9f1b1a31-d7e2-464c-b4ca-8902da978d20,0,1772606837,,True,786,2026-03-04,train,6h,1772575200,included,1772575200,0,0.235,0.23,0.24,0.009999999999999981,,2622.0,21
KXNBAGAME-26MAR03PHXSAC,KXNBAGAME-26MAR03PHXSAC-SAC,NBA,winner,Sacramento,Phoenix,1772596800,2026-03-04T04:00:00+00:00,kalshi_milestone_start_date,2026-03-26T07:29:44.986345Z,9f1b1a31-d7e2-464c-b4ca-8902da978d20,0,1772606837,,True,786,2026-03-04,train,1h,1772593200,included,1772593200,0,0.225,0.22,0.23,0.010000000000000009,0.23,20140.0,56
KXNBAGAME-26MAR03PHXSAC,KXNBAGAME-26MAR03PHXSAC-SAC,NBA,winner,Sacramento,Phoenix,1772596800,2026-03-04T04:00:00+00:00,kalshi_milestone_start_date,2026-03-26T07:29:44.986345Z,9f1b1a31-d7e2-464c-b4ca-8902da978d20,0,1772606837,,True,786,2026-03-04,train,5m,1772596500,included,1772596500,0,0.225,0.22,0.23,0.010000000000000009,0.23,113999.0,60
KXNBAGAME-26MAR04OKCNYK,KXNBAGAME-26MAR04OKCNYK-NYK,NBA,winner,New York,Oklahoma City,1772668800,2026-03-05T00:00:00+00:00,kalshi_milestone_start_date,2026-03-26T07:29:57.227901Z,284ff689-8775-4f67-9283-3297d8882aad,0,1772679947,,True,1377,2026-03-05,train,24h,1772582400,included,1772582340,60,0.395,0.39,0.4,0.010000000000000009,,3391.0,17
KXNBAGAME-26MAR04OKCNYK,KXNBAGAME-26MAR04OKCNYK-NYK,NBA,winner,New York,Oklahoma City,1772668800,2026-03-05T00:00:00+00:00,kalshi_milestone_start_date,2026-03-26T07:29:57.227901Z,284ff689-8775-4f67-9283-3297d8882aad,0,1772679947,,True,1377,2026-03-05,train,6h,1772647200,included,1772647200,0,0.395,0.39,0.4,0.010000000000000009,0.4,17383.0,60
KXNBAGAME-26MAR04OKCNYK,KXNBAGAME-26MAR04OKCNYK-NYK,NBA,winner,New York,Oklahoma City,1772668800,2026-03-05T00:00:00+00:00,kalshi_milestone_start_date,2026-03-26T07:29:57.227901Z,284ff689-8775-4f67-9283-3297d8882aad,0,1772679947,,True,1377,2026-03-05,train,1h,1772665200,included,1772665200,0,0.395,0.39,0.4,0.010000000000000009,0.4,95315.0,60
KXNBAGAME-26MAR04OKCNYK,KXNBAGAME-26MAR04OKCNYK-NYK,NBA,winner,New York,Oklahoma City,1772668800,2026-03-05T00:00:00+00:00,kalshi_milestone_start_date,2026-03-26T07:29:57.227901Z,284ff689-8775-4f67-9283-3297d8882aad,0,1772679947,,True,1377,2026-03-05,train,5m,1772668500,included,1772668500,0,0.39,0.38,0.4,0.020000000000000018,0.4,312291.0,60
KXNBAGAME-26MAR04CHABOS,KXNBAGAME-26MAR04CHABOS-BOS,NBA,winner,Boston,Charlotte,1772670600,2026-03-05T00:30:00+00:00,kalshi_milestone_start_date,2026-03-26T07:29:57.503764Z,b0331e53-ac3b-4393-92bc-4a64485e078a,0,1772680057,,True,1350,2026-03-05,train,6h,1772649000,included,1772649000,0,0.695,0.69,0.7,0.010000000000000009,0.7,17639.0,59
KXNBAGAME-26MAR04CHABOS,KXNBAGAME-26MAR04CHABOS-BOS,NBA,winner,Boston,Charlotte,1772670600,2026-03-05T00:30:00+00:00,kalshi_milestone_start_date,2026-03-26T07:29:57.503764Z,b0331e53-ac3b-4393-92bc-4a64485e078a,0,1772680057,,True,1350,2026-03-05,train,1h,1772667000,included,1772667000,0,0.695,0.69,0.7,0.010000000000000009,0.7,112669.0,60
KXNBAGAME-26MAR04CHABOS,KXNBAGAME-26MAR04CHABOS-BOS,NBA,winner,Boston,Charlotte,1772670600,2026-03-05T00:30:00+00:00,kalshi_milestone_start_date,2026-03-26T07:29:57.503764Z,b0331e53-ac3b-4393-92bc-4a64485e078a,0,1772680057,,True,1350,2026-03-05,train,5m,1772670300,included,1772670300,0,0.695,0.69,0.7,0.010000000000000009,0.7,246680.0,60
KXNBAGAME-26MAR04UTAPHI,KXNBAGAME-26MAR04UTAPHI-PHI,NBA,winner,Philadelphia,Utah,1772670600,2026-03-05T00:30:00+00:00,kalshi_milestone_start_date,2026-03-26T07:29:56.830058Z,c3d3e1d3-d522-45d8-834c-30cf35ec3bf7,1,1772680057,,True,1175,2026-03-05,train,6h,1772649000,included,1772649000,0,0.765,0.76,0.77,0.010000000000000009,,9507.0,48
KXNBAGAME-26MAR04UTAPHI,KXNBAGAME-26MAR04UTAPHI-PHI,NBA,winner,Philadelphia,Utah,1772670600,2026-03-05T00:30:00+00:00,kalshi_milestone_start_date,2026-03-26T07:29:56.830058Z,c3d3e1d3-d522-45d8-834c-30cf35ec3bf7,1,1772680057,,True,1175,2026-03-05,train,1h,1772667000,included,1772667000,0,0.755,0.75,0.76,0.010000000000000009,0.76,43293.0,59
KXNBAGAME-26MAR04UTAPHI,KXNBAGAME-26MAR04UTAPHI-PHI,NBA,winner,Philadelphia,Utah,1772670600,2026-03-05T00:30:00+00:00,kalshi_milestone_start_date,2026-03-26T07:29:56.830058Z,c3d3e1d3-d522-45d8-834c-30cf35ec3bf7,1,1772680057,,True,1175,2026-03-05,train,5m,1772670300,included,1772670300,0,0.735,0.73,0.74,0.010000000000000009,0.74,126953.0,60
KXNBAGAME-26MAR04PORMEM,KXNBAGAME-26MAR04PORMEM-MEM,NBA,winner,Memphis,Portland,1772672400,2026-03-05T01:00:00+00:00,kalshi_milestone_start_date,2026-03-26T07:29:52.557599Z,bd3ec5ba-23d3-49a1-8b9c-93ac249aecf9,0,1772682216,,True,965,2026-03-05,train,6h,1772650800,included,1772650800,0,0.235,0.23,0.24,0.009999999999999981,,1775.0,27
KXNBAGAME-26MAR04PORMEM,KXNBAGAME-26MAR04PORMEM-MEM,NBA,winner,Memphis,Portland,1772672400,2026-03-05T01:00:00+00:00,kalshi_milestone_start_date,2026-03-26T07:29:52.557599Z,bd3ec5ba-23d3-49a1-8b9c-93ac249aecf9,0,1772682216,,True,965,2026-03-05,train,1h,1772668800,included,1772668800,0,0.21000000000000002,0.2,0.22,0.01999999999999999,0.22,83865.0,56
KXNBAGAME-26MAR04PORMEM,KXNBAGAME-26MAR04PORMEM-MEM,NBA,winner,Memphis,Portland,1772672400,2026-03-05T01:00:00+00:00,kalshi_milestone_start_date,2026-03-26T07:29:52.557599Z,bd3ec5ba-23d3-49a1-8b9c-93ac249aecf9,0,1772682216,,True,965,2026-03-05,train,5m,1772672100,included,1772672100,0,0.235,0.23,0.24,0.009999999999999981,0.24,227510.0,60
KXNBAGAME-26MAR04ATLMIL,KXNBAGAME-26MAR04ATLMIL-MIL,NBA,winner,Milwaukee,Atlanta,1772677800,2026-03-05T02:30:00+00:00,kalshi_milestone_start_date,2026-03-26T07:29:55.178617Z,49d2c8c1-6e5b-4941-99d2-d7f4f3b27d47,0,1772688117,,True,1252,2026-03-05,train,24h,1772591400,included,1772591400,0,0.52,0.51,0.53,0.020000000000000018,0.52,1469.0,16
KXNBAGAME-26MAR04ATLMIL,KXNBAGAME-26MAR04ATLMIL-MIL,NBA,winner,Milwaukee,Atlanta,1772677800,2026-03-05T02:30:00+00:00,kalshi_milestone_start_date,2026-03-26T07:29:55.178617Z,49d2c8c1-6e5b-4941-99d2-d7f4f3b27d47,0,1772688117,,True,1252,2026-03-05,train,6h,1772656200,included,1772656200,0,0.515,0.51,0.52,0.010000000000000009,0.52,11979.0,50
KXNBAGAME-26MAR04ATLMIL,KXNBAGAME-26MAR04ATLMIL-MIL,NBA,winner,Milwaukee,Atlanta,1772677800,2026-03-05T02:30:00+00:00,kalshi_milestone_start_date,2026-03-26T07:29:55.178617Z,49d2c8c1-6e5b-4941-99d2-d7f4f3b27d47,0,1772688117,,True,1252,2026-03-05,train,1h,1772674200,included,1772674200,0,0.505,0.5,0.51,0.010000000000000009,0.51,110460.0,60
KXNBAGAME-26MAR04ATLMIL,KXNBAGAME-26MAR04ATLMIL-MIL,NBA,winner,Milwaukee,Atlanta,1772677800,2026-03-05T02:30:00+00:00,kalshi_milestone_start_date,2026-03-26T07:29:55.178617Z,49d2c8c1-6e5b-4941-99d2-d7f4f3b27d47,0,1772688117,,True,1252,2026-03-05,train,5m,1772677500,included,1772677500,0,0.505,0.5,0.51,0.010000000000000009,0.51,179426.0,60
KXNBAGAME-26MAR04INDLAC,KXNBAGAME-26MAR04INDLAC-LAC,NBA,winner,Los Angeles C,Indiana,1772681400,2026-03-05T03:30:00+00:00,kalshi_milestone_start_date,2026-03-26T07:29:54.168702Z,cb910756-2f40-45a3-af37-6c3eb2a90f91,1,1772691727,,True,1121,2026-03-05,train,24h,1772595000,included,1772594940,60,0.85,0.84,0.86,0.020000000000000018,,197.0,5
KXNBAGAME-26MAR04INDLAC,KXNBAGAME-26MAR04INDLAC-LAC,NBA,winner,Los Angeles C,Indiana,1772681400,2026-03-05T03:30:00+00:00,kalshi_milestone_start_date,2026-03-26T07:29:54.168702Z,cb910756-2f40-45a3-af37-6c3eb2a90f91,1,1772691727,,True,1121,2026-03-05,train,6h,1772659800,included,1772659800,0,0.855,0.85,0.86,0.010000000000000009,0.86,27898.0,46
KXNBAGAME-26MAR04INDLAC,KXNBAGAME-26MAR04INDLAC-LAC,NBA,winner,Los Angeles C,Indiana,1772681400,2026-03-05T03:30:00+00:00,kalshi_milestone_start_date,2026-03-26T07:29:54.168702Z,cb910756-2f40-45a3-af37-6c3eb2a90f91,1,1772691727,,True,1121,2026-03-05,train,1h,1772677800,included,1772677800,0,0.845,0.84,0.85,0.010000000000000009,0.84,74333.0,55
KXNBAGAME-26MAR04INDLAC,KXNBAGAME-26MAR04INDLAC-LAC,NBA,winner,Los Angeles C,Indiana,1772681400,2026-03-05T03:30:00+00:00,kalshi_milestone_start_date,2026-03-26T07:29:54.168702Z,cb910756-2f40-45a3-af37-6c3eb2a90f91,1,1772691727,,True,1121,2026-03-05,train,5m,1772681100,included,1772681100,0,0.835,0.83,0.84,0.010000000000000009,0.84,222343.0,60
KXNBAGAME-26MAR05DALORL,KXNBAGAME-26MAR05DALORL-ORL,NBA,winner,Orlando,Dallas,1772755200,2026-03-06T00:00:00+00:00,kalshi_milestone_start_date,2026-03-26T07:29:57.591718Z,7d71a72d-d8f2-4c98-a65c-6e4b6c3acbb5,1,1772765149,,True,1114,2026-03-06,train,24h,1772668800,included,1772668800,0,0.765,0.76,0.77,0.010000000000000009,,2092.0,20
KXNBAGAME-26MAR05DALORL,KXNBAGAME-26MAR05DALORL-ORL,NBA,winner,Orlando,Dallas,1772755200,2026-03-06T00:00:00+00:00,kalshi_milestone_start_date,2026-03-26T07:29:57.591718Z,7d71a72d-d8f2-4c98-a65c-6e4b6c3acbb5,1,1772765149,,True,1114,2026-03-06,train,6h,1772733600,included,1772733540,60,0.785,0.78,0.79,0.010000000000000009,0.79,15729.0,49
KXNBAGAME-26MAR05DALORL,KXNBAGAME-26MAR05DALORL-ORL,NBA,winner,Orlando,Dallas,1772755200,2026-03-06T00:00:00+00:00,kalshi_milestone_start_date,2026-03-26T07:29:57.591718Z,7d71a72d-d8f2-4c98-a65c-6e4b6c3acbb5,1,1772765149,,True,1114,2026-03-06,train,1h,1772751600,included,1772751600,0,0.755,0.75,0.76,0.010000000000000009,0.76,20034.0,56
KXNBAGAME-26MAR05DALORL,KXNBAGAME-26MAR05DALORL-ORL,NBA,winner,Orlando,Dallas,1772755200,2026-03-06T00:00:00+00:00,kalshi_milestone_start_date,2026-03-26T07:29:57.591718Z,7d71a72d-d8f2-4c98-a65c-6e4b6c3acbb5,1,1772765149,,True,1114,2026-03-06,train,5m,1772754900,included,1772754900,0,0.755,0.75,0.76,0.010000000000000009,0.76,164665.0,60
KXNBAGAME-26MAR05UTAWAS,KXNBAGAME-26MAR05UTAWAS-WAS,NBA,winner,Washington,Utah,1772755200,2026-03-06T00:00:00+00:00,kalshi_milestone_start_date,2026-03-26T07:29:49.103162Z,4c80c024-2fd8-45d3-ad6e-db811c292091,0,1772764388,,True,1123,2026-03-06,train,24h,1772668800,included,1772668740,60,0.565,0.55,0.58,0.029999999999999916,,442.0,10
KXNBAGAME-26MAR05UTAWAS,KXNBAGAME-26MAR05UTAWAS-WAS,NBA,winner,Washington,Utah,1772755200,2026-03-06T00:00:00+00:00,kalshi_milestone_start_date,2026-03-26T07:29:49.103162Z,4c80c024-2fd8-45d3-ad6e-db811c292091,0,1772764388,,True,1123,2026-03-06,train,6h,1772733600,included,1772733600,0,0.605,0.6,0.61,0.010000000000000009,,36760.0,46
KXNBAGAME-26MAR05UTAWAS,KXNBAGAME-26MAR05UTAWAS-WAS,NBA,winner,Washington,Utah,1772755200,2026-03-06T00:00:00+00:00,kalshi_milestone_start_date,2026-03-26T07:29:49.103162Z,4c80c024-2fd8-45d3-ad6e-db811c292091,0,1772764388,,True,1123,2026-03-06,train,1h,1772751600,included,1772751600,0,0.615,0.61,0.62,0.010000000000000009,0.62,81651.0,54
KXNBAGAME-26MAR05UTAWAS,KXNBAGAME-26MAR05UTAWAS-WAS,NBA,winner,Washington,Utah,1772755200,2026-03-06T00:00:00+00:00,kalshi_milestone_start_date,2026-03-26T07:29:49.103162Z,4c80c024-2fd8-45d3-ad6e-db811c292091,0,1772764388,,True,1123,2026-03-06,train,5m,1772754900,included,1772754900,0,0.615,0.61,0.62,0.010000000000000009,0.62,51631.0,60
KXNBAGAME-26MAR05BKNMIA,KXNBAGAME-26MAR05BKNMIA-MIA,NBA,winner,Miami,Brooklyn,1772757000,2026-03-06T00:30:00+00:00,kalshi_milestone_start_date,2026-03-26T07:29:59.083542Z,d1384e7b-f64d-433b-a4f7-68509b23dd9f,1,1772767068,,True,977,2026-03-06,train,24h,1772670600,included,1772670600,0,0.865,0.85,0.88,0.030000000000000027,,450.0,10
KXNBAGAME-26MAR05BKNMIA,KXNBAGAME-26MAR05BKNMIA-MIA,NBA,winner,Miami,Brooklyn,1772757000,2026-03-06T00:30:00+00:00,kalshi_milestone_start_date,2026-03-26T07:29:59.083542Z,d1384e7b-f64d-433b-a4f7-68509b23dd9f,1,1772767068,,True,977,2026-03-06,train,6h,1772735400,included,1772735400,0,0.875,0.87,0.88,0.010000000000000009,0.88,14533.0,39
KXNBAGAME-26MAR05BKNMIA,KXNBAGAME-26MAR05BKNMIA-MIA,NBA,winner,Miami,Brooklyn,1772757000,2026-03-06T00:30:00+00:00,kalshi_milestone_start_date,2026-03-26T07:29:59.083542Z,d1384e7b-f64d-433b-a4f7-68509b23dd9f,1,1772767068,,True,977,2026-03-06,train,1h,1772753400,included,1772753400,0,0.865,0.86,0.87,0.010000000000000009,0.87,27732.0,48
KXNBAGAME-26MAR05BKNMIA,KXNBAGAME-26MAR05BKNMIA-MIA,NBA,winner,Miami,Brooklyn,1772757000,2026-03-06T00:30:00+00:00,kalshi_milestone_start_date,2026-03-26T07:29:59.083542Z,d1384e7b-f64d-433b-a4f7-68509b23dd9f,1,1772767068,,True,977,2026-03-06,train,5m,1772756700,included,1772756700,0,0.865,0.86,0.87,0.010000000000000009,0.87,115866.0,56
KXNBAGAME-26MAR05GSWHOU,KXNBAGAME-26MAR05GSWHOU-HOU,NBA,winner,Houston,Golden State,1772757000,2026-03-06T00:30:00+00:00,kalshi_milestone_start_date,2026-03-26T07:29:06.894404Z,6f414d87-3af8-47d4-9ee9-3b0919c49a2d,0,1772768019,,True,1127,2026-03-06,train,24h,1772670600,included,1772670600,0,0.765,0.75,0.78,0.030000000000000027,0.78,4799.0,17
KXNBAGAME-26MAR05GSWHOU,KXNBAGAME-26MAR05GSWHOU-HOU,NBA,winner,Houston,Golden State,1772757000,2026-03-06T00:30:00+00:00,kalshi_milestone_start_date,2026-03-26T07:29:06.894404Z,6f414d87-3af8-47d4-9ee9-3b0919c49a2d,0,1772768019,,True,1127,2026-03-06,train,6h,1772735400,included,1772735400,0,0.765,0.76,0.77,0.010000000000000009,0.77,16903.0,56
KXNBAGAME-26MAR05GSWHOU,KXNBAGAME-26MAR05GSWHOU-HOU,NBA,winner,Houston,Golden State,1772757000,2026-03-06T00:30:00+00:00,kalshi_milestone_start_date,2026-03-26T07:29:06.894404Z,6f414d87-3af8-47d4-9ee9-3b0919c49a2d,0,1772768019,,True,1127,2026-03-06,train,1h,1772753400,included,1772753400,0,0.785,0.78,0.79,0.010000000000000009,0.79,141282.0,60
KXNBAGAME-26MAR05GSWHOU,KXNBAGAME-26MAR05GSWHOU-HOU,NBA,winner,Houston,Golden State,1772757000,2026-03-06T00:30:00+00:00,kalshi_milestone_start_date,2026-03-26T07:29:06.894404Z,6f414d87-3af8-47d4-9ee9-3b0919c49a2d,0,1772768019,,True,1127,2026-03-06,train,5m,1772756700,included,1772756700,0,0.795,0.79,0.8,0.010000000000000009,0.8,445230.0,60
KXNBAGAME-26MAR05DETSAS,KXNBAGAME-26MAR05DETSAS-SAS,NBA,winner,San Antonio,Detroit,1772758800,2026-03-06T01:00:00+00:00,kalshi_milestone_start_date,2026-03-26T07:29:19.219139Z,e52da90d-9748-4ad0-a085-2f562577e3d6,1,1772769218,,True,1227,2026-03-06,train,24h,1772672400,included,1772672400,0,0.605,0.6,0.61,0.010000000000000009,0.61,2793.0,23
KXNBAGAME-26MAR05DETSAS,KXNBAGAME-26MAR05DETSAS-SAS,NBA,winner,San Antonio,Detroit,1772758800,2026-03-06T01:00:00+00:00,kalshi_milestone_start_date,2026-03-26T07:29:19.219139Z,e52da90d-9748-4ad0-a085-2f562577e3d6,1,1772769218,,True,1227,2026-03-06,train,6h,1772737200,included,1772737200,0,0.595,0.59,0.6,0.010000000000000009,0.6,21814.0,59
KXNBAGAME-26MAR05DETSAS,KXNBAGAME-26MAR05DETSAS-SAS,NBA,winner,San Antonio,Detroit,1772758800,2026-03-06T01:00:00+00:00,kalshi_milestone_start_date,2026-03-26T07:29:19.219139Z,e52da90d-9748-4ad0-a085-2f562577e3d6,1,1772769218,,True,1227,2026-03-06,train,1h,1772755200,included,1772755200,0,0.585,0.58,0.59,0.010000000000000009,0.59,118945.0,60
KXNBAGAME-26MAR05DETSAS,KXNBAGAME-26MAR05DETSAS-SAS,NBA,winner,San Antonio,Detroit,1772758800,2026-03-06T01:00:00+00:00,kalshi_milestone_start_date,2026-03-26T07:29:19.219139Z,e52da90d-9748-4ad0-a085-2f562577e3d6,1,1772769218,,True,1227,2026-03-06,train,5m,1772758500,included,1772758500,0,0.575,0.57,0.58,0.010000000000000009,0.58,274568.0,60
KXNBAGAME-26MAR05TORMIN,KXNBAGAME-26MAR05TORMIN-MIN,NBA,winner,Minnesota,Toronto,1772758800,2026-03-06T01:00:00+00:00,kalshi_milestone_start_date,2026-03-26T07:29:12.123963Z,1e3573ad-94a7-44b9-8c02-5a38e21ec103,1,1772768860,,True,1057,2026-03-06,train,24h,1772672400,included,1772672400,0,0.7,0.69,0.71,0.020000000000000018,0.71,7386.0,9
KXNBAGAME-26MAR05TORMIN,KXNBAGAME-26MAR05TORMIN-MIN,NBA,winner,Minnesota,Toronto,1772758800,2026-03-06T01:00:00+00:00,kalshi_milestone_start_date,2026-03-26T07:29:12.123963Z,1e3573ad-94a7-44b9-8c02-5a38e21ec103,1,1772768860,,True,1057,2026-03-06,train,6h,1772737200,included,1772737200,0,0.655,0.65,0.66,0.010000000000000009,,4145.0,46
KXNBAGAME-26MAR05TORMIN,KXNBAGAME-26MAR05TORMIN-MIN,NBA,winner,Minnesota,Toronto,1772758800,2026-03-06T01:00:00+00:00,kalshi_milestone_start_date,2026-03-26T07:29:12.123963Z,1e3573ad-94a7-44b9-8c02-5a38e21ec103,1,1772768860,,True,1057,2026-03-06,train,1h,1772755200,included,1772755200,0,0.665,0.66,0.67,0.010000000000000009,0.67,160688.0,59
KXNBAGAME-26MAR05TORMIN,KXNBAGAME-26MAR05TORMIN-MIN,NBA,winner,Minnesota,Toronto,1772758800,2026-03-06T01:00:00+00:00,kalshi_milestone_start_date,2026-03-26T07:29:12.123963Z,1e3573ad-94a7-44b9-8c02-5a38e21ec103,1,1772768860,,True,1057,2026-03-06,train,5m,1772758500,included,1772758500,0,0.655,0.65,0.66,0.010000000000000009,0.66,53826.0,59
KXNBAGAME-26MAR05CHIPHX,KXNBAGAME-26MAR05CHIPHX-PHX,NBA,winner,Phoenix,Chicago,1772762400,2026-03-06T02:00:00+00:00,kalshi_milestone_start_date,2026-03-26T07:29:09.757584Z,48c894ae-b7ba-4e22-92a7-651ff6ed355c,0,1772772208,,True,944,2026-03-06,train,24h,1772676000,included,1772676000,0,0.8200000000000001,0.81,0.83,0.019999999999999907,,78.0,5
KXNBAGAME-26MAR05CHIPHX,KXNBAGAME-26MAR05CHIPHX-PHX,NBA,winner,Phoenix,Chicago,1772762400,2026-03-06T02:00:00+00:00,kalshi_milestone_start_date,2026-03-26T07:29:09.757584Z,48c894ae-b7ba-4e22-92a7-651ff6ed355c,0,1772772208,,True,944,2026-03-06,train,1h,1772758800,included,1772758800,0,0.835,0.83,0.84,0.010000000000000009,0.84,76514.0,49
KXNBAGAME-26MAR05CHIPHX,KXNBAGAME-26MAR05CHIPHX-PHX,NBA,winner,Phoenix,Chicago,1772762400,2026-03-06T02:00:00+00:00,kalshi_milestone_start_date,2026-03-26T07:29:09.757584Z,48c894ae-b7ba-4e22-92a7-651ff6ed355c,0,1772772208,,True,944,2026-03-06,train,5m,1772762100,included,1772762100,0,0.835,0.83,0.84,0.010000000000000009,0.84,38897.0,55
KXNBAGAME-26MAR05LALDEN,KXNBAGAME-26MAR05LALDEN-DEN,NBA,winner,Denver,Los Angeles L,1772766000,2026-03-06T03:00:00+00:00,kalshi_milestone_start_date,2026-03-26T07:29:13.811296Z,b89ac4c1-b002-4342-add8-4412e0e159aa,1,1772775949,,True,1240,2026-03-06,train,24h,1772679600,included,1772679600,0,0.635,0.62,0.65,0.030000000000000027,0.65,1201.0,13
KXNBAGAME-26MAR05LALDEN,KXNBAGAME-26MAR05LALDEN-DEN,NBA,winner,Denver,Los Angeles L,1772766000,2026-03-06T03:00:00+00:00,kalshi_milestone_start_date,2026-03-26T07:29:13.811296Z,b89ac4c1-b002-4342-add8-4412e0e159aa,1,1772775949,,True,1240,2026-03-06,train,6h,1772744400,included,1772744400,0,0.625,0.62,0.63,0.010000000000000009,0.63,11500.0,55
KXNBAGAME-26MAR05LALDEN,KXNBAGAME-26MAR05LALDEN-DEN,NBA,winner,Denver,Los Angeles L,1772766000,2026-03-06T03:00:00+00:00,kalshi_milestone_start_date,2026-03-26T07:29:13.811296Z,b89ac4c1-b002-4342-add8-4412e0e159aa,1,1772775949,,True,1240,2026-03-06,train,1h,1772762400,included,1772762400,0,0.615,0.61,0.62,0.010000000000000009,0.62,125036.0,58
KXNBAGAME-26MAR05LALDEN,KXNBAGAME-26MAR05LALDEN-DEN,NBA,winner,Denver,Los Angeles L,1772766000,2026-03-06T03:00:00+00:00,kalshi_milestone_start_date,2026-03-26T07:29:13.811296Z,b89ac4c1-b002-4342-add8-4412e0e159aa,1,1772775949,,True,1240,2026-03-06,train,5m,1772765700,included,1772765700,0,0.605,0.6,0.61,0.010000000000000009,0.61,67516.0,60
KXNBAGAME-26MAR05NOPSAC,KXNBAGAME-26MAR05NOPSAC-SAC,NBA,winner,Sacramento,New Orleans,1772766000,2026-03-06T03:00:00+00:00,kalshi_milestone_start_date,2026-03-26T07:29:51.863544Z,b57d3c07-0617-49d1-83fe-3585c1a8f1ca,0,1772775808,,True,872,2026-03-06,train,24h,1772679600,included,1772679600,0,0.385,0.38,0.39,0.010000000000000009,,19.0,1
KXNBAGAME-26MAR05NOPSAC,KXNBAGAME-26MAR05NOPSAC-SAC,NBA,winner,Sacramento,New Orleans,1772766000,2026-03-06T03:00:00+00:00,kalshi_milestone_start_date,2026-03-26T07:29:51.863544Z,b57d3c07-0617-49d1-83fe-3585c1a8f1ca,0,1772775808,,True,872,2026-03-06,train,6h,1772744400,included,1772744400,0,0.335,0.33,0.34,0.010000000000000009,0.34,1157.0,25
KXNBAGAME-26MAR05NOPSAC,KXNBAGAME-26MAR05NOPSAC-SAC,NBA,winner,Sacramento,New Orleans,1772766000,2026-03-06T03:00:00+00:00,kalshi_milestone_start_date,2026-03-26T07:29:51.863544Z,b57d3c07-0617-49d1-83fe-3585c1a8f1ca,0,1772775808,,True,872,2026-03-06,train,1h,1772762400,included,1772762340,60,0.335,0.33,0.34,0.010000000000000009,0.33,11068.0,42
KXNBAGAME-26MAR05NOPSAC,KXNBAGAME-26MAR05NOPSAC-SAC,NBA,winner,Sacramento,New Orleans,1772766000,2026-03-06T03:00:00+00:00,kalshi_milestone_start_date,2026-03-26T07:29:51.863544Z,b57d3c07-0617-49d1-83fe-3585c1a8f1ca,0,1772775808,,True,872,2026-03-06,train,5m,1772765700,included,1772765700,0,0.305,0.3,0.31,0.010000000000000009,0.31,15673.0,55
KXNBAGAME-26MAR06DALBOS,KXNBAGAME-26MAR06DALBOS-BOS,NBA,winner,Boston,Dallas,1772841600,2026-03-07T00:00:00+00:00,kalshi_milestone_start_date,2026-03-26T07:29:10.309304Z,5d75c9e8-1cd3-49ed-9df6-0c572dcb4e6b,1,1772851068,,True,1206,2026-03-07,train,24h,1772755200,included,1772755200,0,0.89,0.88,0.9,0.020000000000000018,,674.0,10
KXNBAGAME-26MAR06DALBOS,KXNBAGAME-26MAR06DALBOS-BOS,NBA,winner,Boston,Dallas,1772841600,2026-03-07T00:00:00+00:00,kalshi_milestone_start_date,2026-03-26T07:29:10.309304Z,5d75c9e8-1cd3-49ed-9df6-0c572dcb4e6b,1,1772851068,,True,1206,2026-03-07,train,6h,1772820000,included,1772820000,0,0.905,0.9,0.91,0.010000000000000009,0.91,14739.0,47
KXNBAGAME-26MAR06DALBOS,KXNBAGAME-26MAR06DALBOS-BOS,NBA,winner,Boston,Dallas,1772841600,2026-03-07T00:00:00+00:00,kalshi_milestone_start_date,2026-03-26T07:29:10.309304Z,5d75c9e8-1cd3-49ed-9df6-0c572dcb4e6b,1,1772851068,,True,1206,2026-03-07,train,1h,1772838000,included,1772838000,0,0.895,0.89,0.9,0.010000000000000009,0.9,47787.0,59
KXNBAGAME-26MAR06DALBOS,KXNBAGAME-26MAR06DALBOS-BOS,NBA,winner,Boston,Dallas,1772841600,2026-03-07T00:00:00+00:00,kalshi_milestone_start_date,2026-03-26T07:29:10.309304Z,5d75c9e8-1cd3-49ed-9df6-0c572dcb4e6b,1,1772851068,,True,1206,2026-03-07,train,5m,1772841300,included,1772841300,0,0.895,0.89,0.9,0.010000000000000009,0.9,112888.0,60
KXNBAGAME-26MAR06MIACHA,KXNBAGAME-26MAR06MIACHA-CHA,NBA,winner,Charlotte,Miami,1772841600,2026-03-07T00:00:00+00:00,kalshi_milestone_start_date,2026-03-26T07:29:12.863663Z,4e2eb2f6-8717-4e4d-ab26-20373b94aea7,0,1772851189,,True,1174,2026-03-07,train,24h,1772755200,included,1772755200,0,0.6799999999999999,0.67,0.69,0.019999999999999907,,583.0,8
KXNBAGAME-26MAR06MIACHA,KXNBAGAME-26MAR06MIACHA-CHA,NBA,winner,Charlotte,Miami,1772841600,2026-03-07T00:00:00+00:00,kalshi_milestone_start_date,2026-03-26T07:29:12.863663Z,4e2eb2f6-8717-4e4d-ab26-20373b94aea7,0,1772851189,,True,1174,2026-03-07,train,6h,1772820000,included,1772820000,0,0.735,0.73,0.74,0.010000000000000009,0.73,18006.0,50
KXNBAGAME-26MAR06MIACHA,KXNBAGAME-26MAR06MIACHA-CHA,NBA,winner,Charlotte,Miami,1772841600,2026-03-07T00:00:00+00:00,kalshi_milestone_start_date,2026-03-26T07:29:12.863663Z,4e2eb2f6-8717-4e4d-ab26-20373b94aea7,0,1772851189,,True,1174,2026-03-07,train,1h,1772838000,included,1772838000,0,0.715,0.71,0.72,0.010000000000000009,0.72,104776.0,57
KXNBAGAME-26MAR06MIACHA,KXNBAGAME-26MAR06MIACHA-CHA,NBA,winner,Charlotte,Miami,1772841600,2026-03-07T00:00:00+00:00,kalshi_milestone_start_date,2026-03-26T07:29:12.863663Z,4e2eb2f6-8717-4e4d-ab26-20373b94aea7,0,1772851189,,True,1174,2026-03-07,train,5m,1772841300,included,1772841300,0,0.715,0.71,0.72,0.010000000000000009,0.72,80143.0,60
KXNBAGAME-26MAR06PORHOU,KXNBAGAME-26MAR06PORHOU-HOU,NBA,winner,Houston,Portland,1772845200,2026-03-07T01:00:00+00:00,kalshi_milestone_start_date,2026-03-26T07:29:15.588165Z,1363b909-d063-466e-9262-d950cd5d7331,1,1772854779,,True,1231,2026-03-07,train,24h,1772758800,included,1772758740,60,0.725,0.72,0.73,0.010000000000000009,,5.0,2
KXNBAGAME-26MAR06PORHOU,KXNBAGAME-26MAR06PORHOU-HOU,NBA,winner,Houston,Portland,1772845200,2026-03-07T01:00:00+00:00,kalshi_milestone_start_date,2026-03-26T07:29:15.588165Z,1363b909-d063-466e-9262-d950cd5d7331,1,1772854779,,True,1231,2026-03-07,train,6h,1772823600,included,1772823540,60,0.69,0.68,0.7,0.019999999999999907,0.7,34517.0,50
KXNBAGAME-26MAR06PORHOU,KXNBAGAME-26MAR06PORHOU-HOU,NBA,winner,Houston,Portland,1772845200,2026-03-07T01:00:00+00:00,kalshi_milestone_start_date,2026-03-26T07:29:15.588165Z,1363b909-d063-466e-9262-d950cd5d7331,1,1772854779,,True,1231,2026-03-07,train,1h,1772841600,included,1772841600,0,0.715,0.71,0.72,0.010000000000000009,0.72,139932.0,59
KXNBAGAME-26MAR06PORHOU,KXNBAGAME-26MAR06PORHOU-HOU,NBA,winner,Houston,Portland,1772845200,2026-03-07T01:00:00+00:00,kalshi_milestone_start_date,2026-03-26T07:29:15.588165Z,1363b909-d063-466e-9262-d950cd5d7331,1,1772854779,,True,1231,2026-03-07,train,5m,1772844900,included,1772844900,0,0.715,0.71,0.72,0.010000000000000009,0.72,68214.0,60
KXNBAGAME-26MAR06NOPPHX,KXNBAGAME-26MAR06NOPPHX-PHX,NBA,winner,Phoenix,New Orleans,1772848800,2026-03-07T02:00:00+00:00,kalshi_milestone_start_date,2026-03-26T07:29:14.033016Z,1cca9cf5-bb48-4740-8ea3-88f151551279,1,1772859579,,True,1112,2026-03-07,train,6h,1772827200,included,1772827200,0,0.665,0.66,0.67,0.010000000000000009,,8121.0,39
KXNBAGAME-26MAR06NOPPHX,KXNBAGAME-26MAR06NOPPHX-PHX,NBA,winner,Phoenix,New Orleans,1772848800,2026-03-07T02:00:00+00:00,kalshi_milestone_start_date,2026-03-26T07:29:14.033016Z,1cca9cf5-bb48-4740-8ea3-88f151551279,1,1772859579,,True,1112,2026-03-07,train,1h,1772845200,included,1772845200,0,0.625,0.62,0.63,0.010000000000000009,0.63,28564.0,58
KXNBAGAME-26MAR06NOPPHX,KXNBAGAME-26MAR06NOPPHX-PHX,NBA,winner,Phoenix,New Orleans,1772848800,2026-03-07T02:00:00+00:00,kalshi_milestone_start_date,2026-03-26T07:29:14.033016Z,1cca9cf5-bb48-4740-8ea3-88f151551279,1,1772859579,,True,1112,2026-03-07,train,5m,1772848500,included,1772848500,0,0.625,0.62,0.63,0.010000000000000009,0.63,18777.0,60
KXNBAGAME-26MAR06NYKDEN,KXNBAGAME-26MAR06NYKDEN-DEN,NBA,winner,Denver,New York,1772848800,2026-03-07T02:00:00+00:00,kalshi_milestone_start_date,2026-03-26T07:29:14.558089Z,05dd0b4c-4fda-4659-acf1-d393fb2654b3,0,1772858379,,True,1207,2026-03-07,train,24h,1772762400,included,1772762340,60,0.5,0.49,0.51,0.020000000000000018,,312.0,4
KXNBAGAME-26MAR06NYKDEN,KXNBAGAME-26MAR06NYKDEN-DEN,NBA,winner,Denver,New York,1772848800,2026-03-07T02:00:00+00:00,kalshi_milestone_start_date,2026-03-26T07:29:14.558089Z,05dd0b4c-4fda-4659-acf1-d393fb2654b3,0,1772858379,,True,1207,2026-03-07,train,6h,1772827200,included,1772827200,0,0.475,0.47,0.48,0.010000000000000009,0.47,36129.0,59
KXNBAGAME-26MAR06NYKDEN,KXNBAGAME-26MAR06NYKDEN-DEN,NBA,winner,Denver,New York,1772848800,2026-03-07T02:00:00+00:00,kalshi_milestone_start_date,2026-03-26T07:29:14.558089Z,05dd0b4c-4fda-4659-acf1-d393fb2654b3,0,1772858379,,True,1207,2026-03-07,train,1h,1772845200,included,1772845200,0,0.485,0.48,0.49,0.010000000000000009,0.49,91070.0,60
KXNBAGAME-26MAR06NYKDEN,KXNBAGAME-26MAR06NYKDEN-DEN,NBA,winner,Denver,New York,1772848800,2026-03-07T02:00:00+00:00,kalshi_milestone_start_date,2026-03-26T07:29:14.558089Z,05dd0b4c-4fda-4659-acf1-d393fb2654b3,0,1772858379,,True,1207,2026-03-07,train,5m,1772848500,included,1772848500,0,0.525,0.52,0.53,0.010000000000000009,0.53,192700.0,60
KXNBAGAME-26MAR06LACSAS,KXNBAGAME-26MAR06LACSAS-SAS,NBA,winner,San Antonio,Los Angeles C,1772850600,2026-03-07T02:30:00+00:00,kalshi_milestone_start_date,2026-03-26T07:29:15.573894Z,ec57c3cc-6dff-4423-9b50-6ae4e9c31d05,1,1772860419,,True,1255,2026-03-07,train,24h,1772764200,included,1772764200,0,0.735,0.73,0.74,0.010000000000000009,0.74,203.0,5
KXNBAGAME-26MAR06LACSAS,KXNBAGAME-26MAR06LACSAS-SAS,NBA,winner,San Antonio,Los Angeles C,1772850600,2026-03-07T02:30:00+00:00,kalshi_milestone_start_date,2026-03-26T07:29:15.573894Z,ec57c3cc-6dff-4423-9b50-6ae4e9c31d05,1,1772860419,,True,1255,2026-03-07,train,6h,1772829000,included,1772829000,0,0.715,0.71,0.72,0.010000000000000009,0.72,14379.0,53
KXNBAGAME-26MAR06LACSAS,KXNBAGAME-26MAR06LACSAS-SAS,NBA,winner,San Antonio,Los Angeles C,1772850600,2026-03-07T02:30:00+00:00,kalshi_milestone_start_date,2026-03-26T07:29:15.573894Z,ec57c3cc-6dff-4423-9b50-6ae4e9c31d05,1,1772860419,,True,1255,2026-03-07,train,1h,1772847000,included,1772847000,0,0.715,0.71,0.72,0.010000000000000009,0.72,80046.0,59
KXNBAGAME-26MAR06LACSAS,KXNBAGAME-26MAR06LACSAS-SAS,NBA,winner,San Antonio,Los Angeles C,1772850600,2026-03-07T02:30:00+00:00,kalshi_milestone_start_date,2026-03-26T07:29:15.573894Z,ec57c3cc-6dff-4423-9b50-6ae4e9c31d05,1,1772860419,,True,1255,2026-03-07,train,5m,1772850300,included,1772850300,0,0.715,0.71,0.72,0.010000000000000009,0.72,199497.0,60
KXNBAGAME-26MAR06INDLAL,KXNBAGAME-26MAR06INDLAL-LAL,NBA,winner,Los Angeles L,Indiana,1772854200,2026-03-07T03:30:00+00:00,kalshi_milestone_start_date,2026-03-26T07:29:20.036797Z,5c75854e-b43a-4c60-93b0-77da555dda66,1,1772863408,,True,1202,2026-03-07,train,24h,1772767800,included,1772767800,0,0.825,0.82,0.83,0.010000000000000009,0.83,998.0,15
KXNBAGAME-26MAR06INDLAL,KXNBAGAME-26MAR06INDLAL-LAL,NBA,winner,Los Angeles L,Indiana,1772854200,2026-03-07T03:30:00+00:00,kalshi_milestone_start_date,2026-03-26T07:29:20.036797Z,5c75854e-b43a-4c60-93b0-77da555dda66,1,1772863408,,True,1202,2026-03-07,train,6h,1772832600,included,1772832600,0,0.79,0.78,0.8,0.020000000000000018,0.8,5762.0,43
KXNBAGAME-26MAR06INDLAL,KXNBAGAME-26MAR06INDLAL-LAL,NBA,winner,Los Angeles L,Indiana,1772854200,2026-03-07T03:30:00+00:00,kalshi_milestone_start_date,2026-03-26T07:29:20.036797Z,5c75854e-b43a-4c60-93b0-77da555dda66,1,1772863408,,True,1202,2026-03-07,train,1h,1772850600,included,1772850600,0,0.785,0.78,0.79,0.010000000000000009,0.79,51838.0,59
KXNBAGAME-26MAR06INDLAL,KXNBAGAME-26MAR06INDLAL-LAL,NBA,winner,Los Angeles L,Indiana,1772854200,2026-03-07T03:30:00+00:00,kalshi_milestone_start_date,2026-03-26T07:29:20.036797Z,5c75854e-b43a-4c60-93b0-77da555dda66,1,1772863408,,True,1202,2026-03-07,train,5m,1772853900,included,1772853900,0,0.785,0.78,0.79,0.010000000000000009,0.79,119044.0,60
KXNBAGAME-26MAR07ORLMIN,KXNBAGAME-26MAR07ORLMIN-MIN,NBA,winner,Minnesota,Orlando,1772913600,2026-03-07T20:00:00+00:00,kalshi_milestone_start_date,2026-03-26T07:29:28.00496Z,94b0c2db-8757-45a6-9794-951a1e5a66de,0,1772923778,,True,1123,2026-03-07,train,24h,1772827200,included,1772827200,0,0.72,0.71,0.73,0.020000000000000018,0.73,333.0,8
KXNBAGAME-26MAR07ORLMIN,KXNBAGAME-26MAR07ORLMIN-MIN,NBA,winner,Minnesota,Orlando,1772913600,2026-03-07T20:00:00+00:00,kalshi_milestone_start_date,2026-03-26T07:29:28.00496Z,94b0c2db-8757-45a6-9794-951a1e5a66de,0,1772923778,,True,1123,2026-03-07,train,6h,1772892000,included,1772892000,0,0.705,0.7,0.71,0.010000000000000009,0.71,13182.0,53
KXNBAGAME-26MAR07ORLMIN,KXNBAGAME-26MAR07ORLMIN-MIN,NBA,winner,Minnesota,Orlando,1772913600,2026-03-07T20:00:00+00:00,kalshi_milestone_start_date,2026-03-26T07:29:28.00496Z,94b0c2db-8757-45a6-9794-951a1e5a66de,0,1772923778,,True,1123,2026-03-07,train,1h,1772910000,included,1772910000,0,0.705,0.7,0.71,0.010000000000000009,0.71,43069.0,58
KXNBAGAME-26MAR07ORLMIN,KXNBAGAME-26MAR07ORLMIN-MIN,NBA,winner,Minnesota,Orlando,1772913600,2026-03-07T20:00:00+00:00,kalshi_milestone_start_date,2026-03-26T07:29:28.00496Z,94b0c2db-8757-45a6-9794-951a1e5a66de,0,1772923778,,True,1123,2026-03-07,train,5m,1772913300,included,1772913300,0,0.705,0.7,0.71,0.010000000000000009,0.71,105307.0,60
KXNBAGAME-26MAR07BKNDET,KXNBAGAME-26MAR07BKNDET-DET,NBA,winner,Detroit,Brooklyn,1772924400,2026-03-07T23:00:00+00:00,kalshi_milestone_start_date,2026-03-26T07:29:27.074124Z,5aeef536-99f1-48c5-978c-72dfb76862bd,0,1772934728,,True,1134,2026-03-07,train,24h,1772838000,included,1772837880,120,0.885,0.88,0.89,0.010000000000000009,,2955.0,8
KXNBAGAME-26MAR07BKNDET,KXNBAGAME-26MAR07BKNDET-DET,NBA,winner,Detroit,Brooklyn,1772924400,2026-03-07T23:00:00+00:00,kalshi_milestone_start_date,2026-03-26T07:29:27.074124Z,5aeef536-99f1-48c5-978c-72dfb76862bd,0,1772934728,,True,1134,2026-03-07,train,6h,1772902800,included,1772902800,0,0.895,0.89,0.9,0.010000000000000009,0.9,22020.0,51
KXNBAGAME-26MAR07BKNDET,KXNBAGAME-26MAR07BKNDET-DET,NBA,winner,Detroit,Brooklyn,1772924400,2026-03-07T23:00:00+00:00,kalshi_milestone_start_date,2026-03-26T07:29:27.074124Z,5aeef536-99f1-48c5-978c-72dfb76862bd,0,1772934728,,True,1134,2026-03-07,train,1h,1772920800,included,1772920800,0,0.865,0.86,0.87,0.010000000000000009,0.87,86860.0,58
KXNBAGAME-26MAR07BKNDET,KXNBAGAME-26MAR07BKNDET-DET,NBA,winner,Detroit,Brooklyn,1772924400,2026-03-07T23:00:00+00:00,kalshi_milestone_start_date,2026-03-26T07:29:27.074124Z,5aeef536-99f1-48c5-978c-72dfb76862bd,0,1772934728,,True,1134,2026-03-07,train,5m,1772924100,included,1772924100,0,0.865,0.86,0.87,0.010000000000000009,0.86,124023.0,60
KXNBAGAME-26MAR07PHIATL,KXNBAGAME-26MAR07PHIATL-ATL,NBA,winner,Atlanta,Philadelphia,1772924400,2026-03-07T23:00:00+00:00,kalshi_milestone_start_date,2026-03-26T07:29:27.136613Z,df549564-576f-48c6-907f-2f3c27ba649c,1,1772934338,,True,1045,2026-03-07,train,24h,1772838000,included,1772837880,120,0.645,0.64,0.65,0.010000000000000009,0.65,182.0,7
KXNBAGAME-26MAR07PHIATL,KXNBAGAME-26MAR07PHIATL-ATL,NBA,winner,Atlanta,Philadelphia,1772924400,2026-03-07T23:00:00+00:00,kalshi_milestone_start_date,2026-03-26T07:29:27.136613Z,df549564-576f-48c6-907f-2f3c27ba649c,1,1772934338,,True,1045,2026-03-07,train,6h,1772902800,included,1772902740,60,0.695,0.69,0.7,0.010000000000000009,0.7,17193.0,33
KXNBAGAME-26MAR07PHIATL,KXNBAGAME-26MAR07PHIATL-ATL,NBA,winner,Atlanta,Philadelphia,1772924400,2026-03-07T23:00:00+00:00,kalshi_milestone_start_date,2026-03-26T07:29:27.136613Z,df549564-576f-48c6-907f-2f3c27ba649c,1,1772934338,,True,1045,2026-03-07,train,1h,1772920800,included,1772920800,0,0.695,0.69,0.7,0.010000000000000009,0.7,23724.0,53
KXNBAGAME-26MAR07PHIATL,KXNBAGAME-26MAR07PHIATL-ATL,NBA,winner,Atlanta,Philadelphia,1772924400,2026-03-07T23:00:00+00:00,kalshi_milestone_start_date,2026-03-26T07:29:27.136613Z,df549564-576f-48c6-907f-2f3c27ba649c,1,1772934338,,True,1045,2026-03-07,train,5m,1772924100,included,1772924100,0,0.705,0.7,0.71,0.010000000000000009,0.71,134706.0,60
KXNBAGAME-26MAR07LACMEM,KXNBAGAME-26MAR07LACMEM-MEM,NBA,winner,Memphis,Los Angeles C,1772931600,2026-03-08T01:00:00+00:00,kalshi_milestone_start_date,2026-03-26T07:29:27.656051Z,0639457b-e86b-4647-81f2-89d47a5a2a3f,0,1772941928,,True,1011,2026-03-08,train,6h,1772910000,included,1772909940,60,0.295,0.29,0.3,0.010000000000000009,0.31,1669.0,25
KXNBAGAME-26MAR07LACMEM,KXNBAGAME-26MAR07LACMEM-MEM,NBA,winner,Memphis,Los Angeles C,1772931600,2026-03-08T01:00:00+00:00,kalshi_milestone_start_date,2026-03-26T07:29:27.656051Z,0639457b-e86b-4647-81f2-89d47a5a2a3f,0,1772941928,,True,1011,2026-03-08,train,1h,1772928000,included,1772928000,0,0.27,0.26,0.28,0.020000000000000018,0.28,20357.0,58
KXNBAGAME-26MAR07LACMEM,KXNBAGAME-26MAR07LACMEM-MEM,NBA,winner,Memphis,Los Angeles C,1772931600,2026-03-08T01:00:00+00:00,kalshi_milestone_start_date,2026-03-26T07:29:27.656051Z,0639457b-e86b-4647-81f2-89d47a5a2a3f,0,1772941928,,True,1011,2026-03-08,train,5m,1772931300,included,1772931300,0,0.275,0.27,0.28,0.010000000000000009,0.28,32029.0,58
KXNBAGAME-26MAR07UTAMIL,KXNBAGAME-26MAR07UTAMIL-MIL,NBA,winner,Milwaukee,Utah,1772931600,2026-03-08T01:00:00+00:00,kalshi_milestone_start_date,2026-03-26T07:29:13.825598Z,50a33dad-2b0d-4017-b1fa-23f622b3006a,1,1772941328,,True,1117,2026-03-08,train,24h,1772845200,included,1772845080,120,0.83,0.82,0.84,0.020000000000000018,,61.0,8
KXNBAGAME-26MAR07UTAMIL,KXNBAGAME-26MAR07UTAMIL-MIL,NBA,winner,Milwaukee,Utah,1772931600,2026-03-08T01:00:00+00:00,kalshi_milestone_start_date,2026-03-26T07:29:13.825598Z,50a33dad-2b0d-4017-b1fa-23f622b3006a,1,1772941328,,True,1117,2026-03-08,train,6h,1772910000,included,1772910000,0,0.795,0.79,0.8,0.010000000000000009,0.8,1697.0,32
KXNBAGAME-26MAR07UTAMIL,KXNBAGAME-26MAR07UTAMIL-MIL,NBA,winner,Milwaukee,Utah,1772931600,2026-03-08T01:00:00+00:00,kalshi_milestone_start_date,2026-03-26T07:29:13.825598Z,50a33dad-2b0d-4017-b1fa-23f622b3006a,1,1772941328,,True,1117,2026-03-08,train,1h,1772928000,included,1772927940,60,0.795,0.79,0.8,0.010000000000000009,0.8,16483.0,54
KXNBAGAME-26MAR07UTAMIL,KXNBAGAME-26MAR07UTAMIL-MIL,NBA,winner,Milwaukee,Utah,1772931600,2026-03-08T01:00:00+00:00,kalshi_milestone_start_date,2026-03-26T07:29:13.825598Z,50a33dad-2b0d-4017-b1fa-23f622b3006a,1,1772941328,,True,1117,2026-03-08,train,5m,1772931300,included,1772931300,0,0.795,0.79,0.8,0.010000000000000009,0.8,91205.0,58
KXNBAGAME-26MAR07GSWOKC,KXNBAGAME-26MAR07GSWOKC-OKC,NBA,winner,Oklahoma City,Golden State,1772933400,2026-03-08T01:30:00+00:00,kalshi_milestone_start_date,2026-03-26T07:29:26.40922Z,a019f812-30a8-4c79-a1ac-a928feeb3d6f,1,1772943128,,True,1113,2026-03-08,train,24h,1772847000,included,1772846940,60,0.85,0.84,0.86,0.020000000000000018,,6308.0,14
KXNBAGAME-26MAR07GSWOKC,KXNBAGAME-26MAR07GSWOKC-OKC,NBA,winner,Oklahoma City,Golden State,1772933400,2026-03-08T01:30:00+00:00,kalshi_milestone_start_date,2026-03-26T07:29:26.40922Z,a019f812-30a8-4c79-a1ac-a928feeb3d6f,1,1772943128,,True,1113,2026-03-08,train,6h,1772911800,included,1772911800,0,0.875,0.87,0.88,0.010000000000000009,0.88,55586.0,42
KXNBAGAME-26MAR07GSWOKC,KXNBAGAME-26MAR07GSWOKC-OKC,NBA,winner,Oklahoma City,Golden State,1772933400,2026-03-08T01:30:00+00:00,kalshi_milestone_start_date,2026-03-26T07:29:26.40922Z,a019f812-30a8-4c79-a1ac-a928feeb3d6f,1,1772943128,,True,1113,2026-03-08,train,1h,1772929800,included,1772929800,0,0.845,0.84,0.85,0.010000000000000009,0.85,148195.0,60
KXNBAGAME-26MAR07GSWOKC,KXNBAGAME-26MAR07GSWOKC-OKC,NBA,winner,Oklahoma City,Golden State,1772933400,2026-03-08T01:30:00+00:00,kalshi_milestone_start_date,2026-03-26T07:29:26.40922Z,a019f812-30a8-4c79-a1ac-a928feeb3d6f,1,1772943128,,True,1113,2026-03-08,train,5m,1772933100,included,1772933100,0,0.835,0.83,0.84,0.010000000000000009,0.84,100531.0,60
KXNBAGAME-26MAR08BOSCLE,KXNBAGAME-26MAR08BOSCLE-CLE,NBA,winner,Cleveland,Boston,1772989200,2026-03-08T17:00:00+00:00,kalshi_milestone_start_date,2026-03-26T07:29:38.577333Z,7230bd0f-24d6-4a5c-8de9-f64f6b0c2472,0,1773001378,,True,1067,2026-03-08,train,6h,1772967600,included,1772967540,60,0.495,0.49,0.5,0.010000000000000009,0.5,2810.0,29
KXNBAGAME-26MAR08BOSCLE,KXNBAGAME-26MAR08BOSCLE-CLE,NBA,winner,Cleveland,Boston,1772989200,2026-03-08T17:00:00+00:00,kalshi_milestone_start_date,2026-03-26T07:29:38.577333Z,7230bd0f-24d6-4a5c-8de9-f64f6b0c2472,0,1773001378,,True,1067,2026-03-08,train,1h,1772985600,included,1772985600,0,0.505,0.5,0.51,0.010000000000000009,0.51,41761.0,60
KXNBAGAME-26MAR08BOSCLE,KXNBAGAME-26MAR08BOSCLE-CLE,NBA,winner,Cleveland,Boston,1772989200,2026-03-08T17:00:00+00:00,kalshi_milestone_start_date,2026-03-26T07:29:38.577333Z,7230bd0f-24d6-4a5c-8de9-f64f6b0c2472,0,1773001378,,True,1067,2026-03-08,train,5m,1772988900,included,1772988900,0,0.525,0.52,0.53,0.010000000000000009,0.53,386180.0,60
KXNBAGAME-26MAR08NYKLAL,KXNBAGAME-26MAR08NYKLAL-LAL,NBA,winner,Los Angeles L,New York,1772998200,2026-03-08T19:30:00+00:00,kalshi_milestone_start_date,2026-03-26T07:29:16.128509Z,4e9d218b-20e9-4a37-a77a-1e4b6dde65d8,1,1773008909,,True,1248,2026-03-08,train,24h,1772911800,included,1772911740,60,0.41500000000000004,0.4,0.43,0.02999999999999997,0.43,559.0,24
KXNBAGAME-26MAR08NYKLAL,KXNBAGAME-26MAR08NYKLAL-LAL,NBA,winner,Los Angeles L,New York,1772998200,2026-03-08T19:30:00+00:00,kalshi_milestone_start_date,2026-03-26T07:29:16.128509Z,4e9d218b-20e9-4a37-a77a-1e4b6dde65d8,1,1773008909,,True,1248,2026-03-08,train,6h,1772976600,included,1772976600,0,0.42,0.41,0.43,0.020000000000000018,0.43,3623.0,41
KXNBAGAME-26MAR08NYKLAL,KXNBAGAME-26MAR08NYKLAL-LAL,NBA,winner,Los Angeles L,New York,1772998200,2026-03-08T19:30:00+00:00,kalshi_milestone_start_date,2026-03-26T07:29:16.128509Z,4e9d218b-20e9-4a37-a77a-1e4b6dde65d8,1,1773008909,,True,1248,2026-03-08,train,1h,1772994600,included,1772994600,0,0.395,0.39,0.4,0.010000000000000009,0.4,150098.0,60
KXNBAGAME-26MAR08NYKLAL,KXNBAGAME-26MAR08NYKLAL-LAL,NBA,winner,Los Angeles L,New York,1772998200,2026-03-08T19:30:00+00:00,kalshi_milestone_start_date,2026-03-26T07:29:16.128509Z,4e9d218b-20e9-4a37-a77a-1e4b6dde65d8,1,1773008909,,True,1248,2026-03-08,train,5m,1772997900,included,1772997900,0,0.365,0.36,0.37,0.010000000000000009,0.37,264527.0,60
KXNBAGAME-26MAR08DALTOR,KXNBAGAME-26MAR08DALTOR-TOR,NBA,winner,Toronto,Dallas,1773007200,2026-03-08T22:00:00+00:00,kalshi_milestone_start_date,2026-03-26T07:29:29.407769Z,835a7748-c411-4792-a519-031244c03108,1,1773016960,,True,894,2026-03-08,train,24h,1772920800,included,1772920800,0,0.74,0.73,0.75,0.020000000000000018,,1106.0,10
KXNBAGAME-26MAR08DALTOR,KXNBAGAME-26MAR08DALTOR-TOR,NBA,winner,Toronto,Dallas,1773007200,2026-03-08T22:00:00+00:00,kalshi_milestone_start_date,2026-03-26T07:29:29.407769Z,835a7748-c411-4792-a519-031244c03108,1,1773016960,,True,894,2026-03-08,train,6h,1772985600,included,1772985600,0,0.795,0.79,0.8,0.010000000000000009,,5036.0,40
KXNBAGAME-26MAR08DALTOR,KXNBAGAME-26MAR08DALTOR-TOR,NBA,winner,Toronto,Dallas,1773007200,2026-03-08T22:00:00+00:00,kalshi_milestone_start_date,2026-03-26T07:29:29.407769Z,835a7748-c411-4792-a519-031244c03108,1,1773016960,,True,894,2026-03-08,train,1h,1773003600,included,1773003600,0,0.785,0.78,0.79,0.010000000000000009,,15652.0,55
KXNBAGAME-26MAR08DALTOR,KXNBAGAME-26MAR08DALTOR-TOR,NBA,winner,Toronto,Dallas,1773007200,2026-03-08T22:00:00+00:00,kalshi_milestone_start_date,2026-03-26T07:29:29.407769Z,835a7748-c411-4792-a519-031244c03108,1,1773016960,,True,894,2026-03-08,train,5m,1773006900,included,1773006900,0,0.785,0.78,0.79,0.010000000000000009,0.78,46743.0,59
KXNBAGAME-26MAR08DETMIA,KXNBAGAME-26MAR08DETMIA-MIA,NBA,winner,Miami,Detroit,1773007200,2026-03-08T22:00:00+00:00,kalshi_milestone_start_date,2026-03-26T07:29:32.414947Z,12f1a44d-683a-467b-bd89-5722fb20c4cd,1,1773017618,,True,991,2026-03-08,train,24h,1772920800,included,1772920800,0,0.425,0.42,0.43,0.010000000000000009,,712.0,8
KXNBAGAME-26MAR08DETMIA,KXNBAGAME-26MAR08DETMIA-MIA,NBA,winner,Miami,Detroit,1773007200,2026-03-08T22:00:00+00:00,kalshi_milestone_start_date,2026-03-26T07:29:32.414947Z,12f1a44d-683a-467b-bd89-5722fb20c4cd,1,1773017618,,True,991,2026-03-08,train,6h,1772985600,included,1772985600,0,0.475,0.47,0.48,0.010000000000000009,,2598.0,37
KXNBAGAME-26MAR08DETMIA,KXNBAGAME-26MAR08DETMIA-MIA,NBA,winner,Miami,Detroit,1773007200,2026-03-08T22:00:00+00:00,kalshi_milestone_start_date,2026-03-26T07:29:32.414947Z,12f1a44d-683a-467b-bd89-5722fb20c4cd,1,1773017618,,True,991,2026-03-08,train,1h,1773003600,included,1773003600,0,0.485,0.48,0.49,0.010000000000000009,0.49,80451.0,57
KXNBAGAME-26MAR08DETMIA,KXNBAGAME-26MAR08DETMIA-MIA,NBA,winner,Miami,Detroit,1773007200,2026-03-08T22:00:00+00:00,kalshi_milestone_start_date,2026-03-26T07:29:32.414947Z,12f1a44d-683a-467b-bd89-5722fb20c4cd,1,1773017618,,True,991,2026-03-08,train,5m,1773006900,included,1773006900,0,0.485,0.48,0.49,0.010000000000000009,0.49,151497.0,60
KXNBAGAME-26MAR08WASNOP,KXNBAGAME-26MAR08WASNOP-NOP,NBA,winner,New Orleans,Washington,1773010800,2026-03-08T23:00:00+00:00,kalshi_milestone_start_date,2026-03-26T07:29:41.416247Z,ca3d996f-d882-4b42-b298-92c0aeeb04ee,1,1773021348,,True,863,2026-03-08,train,24h,1772924400,included,1772924400,0,0.805,0.8,0.81,0.010000000000000009,,80.0,2
KXNBAGAME-26MAR08WASNOP,KXNBAGAME-26MAR08WASNOP-NOP,NBA,winner,New Orleans,Washington,1773010800,2026-03-08T23:00:00+00:00,kalshi_milestone_start_date,2026-03-26T07:29:41.416247Z,ca3d996f-d882-4b42-b298-92c0aeeb04ee,1,1773021348,,True,863,2026-03-08,train,6h,1772989200,included,1772989200,0,0.8,0.79,0.81,0.020000000000000018,0.81,3482.0,38
KXNBAGAME-26MAR08WASNOP,KXNBAGAME-26MAR08WASNOP-NOP,NBA,winner,New Orleans,Washington,1773010800,2026-03-08T23:00:00+00:00,kalshi_milestone_start_date,2026-03-26T07:29:41.416247Z,ca3d996f-d882-4b42-b298-92c0aeeb04ee,1,1773021348,,True,863,2026-03-08,train,1h,1773007200,included,1773007200,0,0.825,0.82,0.83,0.010000000000000009,,6118.0,44
KXNBAGAME-26MAR08WASNOP,KXNBAGAME-26MAR08WASNOP-NOP,NBA,winner,New Orleans,Washington,1773010800,2026-03-08T23:00:00+00:00,kalshi_milestone_start_date,2026-03-26T07:29:41.416247Z,ca3d996f-d882-4b42-b298-92c0aeeb04ee,1,1773021348,,True,863,2026-03-08,train,5m,1773010500,included,1773010500,0,0.815,0.81,0.82,0.009999999999999898,0.82,59720.0,49
KXNBAGAME-26MAR08HOUSAS,KXNBAGAME-26MAR08HOUSAS-SAS,NBA,winner,San Antonio,Houston,1773014400,2026-03-09T00:00:00+00:00,kalshi_milestone_start_date,2026-03-26T07:29:35.822662Z,a6979e6d-2d1d-4bcd-99a9-cb1128b398a2,1,1773025239,,True,1193,2026-03-09,train,6h,1772992800,included,1772992800,0,0.665,0.66,0.67,0.010000000000000009,0.67,11643.0,59
KXNBAGAME-26MAR08HOUSAS,KXNBAGAME-26MAR08HOUSAS-SAS,NBA,winner,San Antonio,Houston,1773014400,2026-03-09T00:00:00+00:00,kalshi_milestone_start_date,2026-03-26T07:29:35.822662Z,a6979e6d-2d1d-4bcd-99a9-cb1128b398a2,1,1773025239,,True,1193,2026-03-09,train,1h,1773010800,included,1773010800,0,0.675,0.67,0.68,0.010000000000000009,0.68,188005.0,60
KXNBAGAME-26MAR08HOUSAS,KXNBAGAME-26MAR08HOUSAS-SAS,NBA,winner,San Antonio,Houston,1773014400,2026-03-09T00:00:00+00:00,kalshi_milestone_start_date,2026-03-26T07:29:35.822662Z,a6979e6d-2d1d-4bcd-99a9-cb1128b398a2,1,1773025239,,True,1193,2026-03-09,train,5m,1773014100,included,1773014100,0,0.675,0.67,0.68,0.010000000000000009,0.68,175350.0,60
KXNBAGAME-26MAR08ORLMIL,KXNBAGAME-26MAR08ORLMIL-MIL,NBA,winner,Milwaukee,Orlando,1773014400,2026-03-09T00:00:00+00:00,kalshi_milestone_start_date,2026-03-26T07:29:30.106168Z,8ba6878e-1773-4756-9c67-50209d9807ea,0,1773025068,,True,896,2026-03-09,train,6h,1772992800,included,1772992800,0,0.35,0.34,0.36,0.019999999999999962,,8752.0,39
KXNBAGAME-26MAR08ORLMIL,KXNBAGAME-26MAR08ORLMIL-MIL,NBA,winner,Milwaukee,Orlando,1773014400,2026-03-09T00:00:00+00:00,kalshi_milestone_start_date,2026-03-26T07:29:30.106168Z,8ba6878e-1773-4756-9c67-50209d9807ea,0,1773025068,,True,896,2026-03-09,train,1h,1773010800,included,1773010800,0,0.355,0.35,0.36,0.010000000000000009,0.36,12237.0,55
KXNBAGAME-26MAR08ORLMIL,KXNBAGAME-26MAR08ORLMIL-MIL,NBA,winner,Milwaukee,Orlando,1773014400,2026-03-09T00:00:00+00:00,kalshi_milestone_start_date,2026-03-26T07:29:30.106168Z,8ba6878e-1773-4756-9c67-50209d9807ea,0,1773025068,,True,896,2026-03-09,train,5m,1773014100,included,1773014100,0,0.35,0.34,0.36,0.019999999999999962,0.36,24879.0,60
KXNBAGAME-26MAR08CHISAC,KXNBAGAME-26MAR08CHISAC-SAC,NBA,winner,Sacramento,Chicago,1773018000,2026-03-09T01:00:00+00:00,kalshi_milestone_start_date,2026-03-26T07:29:22.488951Z,6b583022-dd82-4463-a243-11d2ec89b714,1,1773028769,,True,927,2026-03-09,train,6h,1772996400,included,1772996400,0,0.455,0.45,0.46,0.010000000000000009,0.46,1366.0,26
KXNBAGAME-26MAR08CHISAC,KXNBAGAME-26MAR08CHISAC-SAC,NBA,winner,Sacramento,Chicago,1773018000,2026-03-09T01:00:00+00:00,kalshi_milestone_start_date,2026-03-26T07:29:22.488951Z,6b583022-dd82-4463-a243-11d2ec89b714,1,1773028769,,True,927,2026-03-09,train,1h,1773014400,included,1773014400,0,0.385,0.38,0.39,0.010000000000000009,,10446.0,49
KXNBAGAME-26MAR08CHISAC,KXNBAGAME-26MAR08CHISAC-SAC,NBA,winner,Sacramento,Chicago,1773018000,2026-03-09T01:00:00+00:00,kalshi_milestone_start_date,2026-03-26T07:29:22.488951Z,6b583022-dd82-4463-a243-11d2ec89b714,1,1773028769,,True,927,2026-03-09,train,5m,1773017700,included,1773017700,0,0.365,0.36,0.37,0.010000000000000009,0.37,53726.0,57
KXNBAGAME-26MAR08INDPOR,KXNBAGAME-26MAR08INDPOR-POR,NBA,winner,Portland,Indiana,1773018000,2026-03-09T01:00:00+00:00,kalshi_milestone_start_date,2026-03-26T07:29:24.002874Z,41e53911-d554-43e8-b542-346dddc6d3a3,1,1773027578,,True,827,2026-03-09,train,24h,1772931600,included,1772931540,60,0.77,0.76,0.78,0.020000000000000018,0.78,342.0,6
KXNBAGAME-26MAR08INDPOR,KXNBAGAME-26MAR08INDPOR-POR,NBA,winner,Portland,Indiana,1773018000,2026-03-09T01:00:00+00:00,kalshi_milestone_start_date,2026-03-26T07:29:24.002874Z,41e53911-d554-43e8-b542-346dddc6d3a3,1,1773027578,,True,827,2026-03-09,train,6h,1772996400,included,1772996400,0,0.785,0.78,0.79,0.010000000000000009,,2812.0,26
KXNBAGAME-26MAR08INDPOR,KXNBAGAME-26MAR08INDPOR-POR,NBA,winner,Portland,Indiana,1773018000,2026-03-09T01:00:00+00:00,kalshi_milestone_start_date,2026-03-26T07:29:24.002874Z,41e53911-d554-43e8-b542-346dddc6d3a3,1,1773027578,,True,827,2026-03-09,train,1h,1773014400,included,1773014400,0,0.785,0.78,0.79,0.010000000000000009,0.79,28535.0,49
KXNBAGAME-26MAR08INDPOR,KXNBAGAME-26MAR08INDPOR-POR,NBA,winner,Portland,Indiana,1773018000,2026-03-09T01:00:00+00:00,kalshi_milestone_start_date,2026-03-26T07:29:24.002874Z,41e53911-d554-43e8-b542-346dddc6d3a3,1,1773027578,,True,827,2026-03-09,train,5m,1773017700,included,1773017700,0,0.785,0.78,0.79,0.010000000000000009,0.79,36680.0,55
KXNBAGAME-26MAR08CHAPHX,KXNBAGAME-26MAR08CHAPHX-PHX,NBA,winner,Phoenix,Charlotte,1773021600,2026-03-09T02:00:00+00:00,kalshi_milestone_start_date,2026-03-26T07:29:35.941821Z,62367710-25be-4829-9a0e-59ceda00e392,1,1773031649,,True,1031,2026-03-09,train,24h,1772935200,included,1772935200,0,0.395,0.39,0.4,0.010000000000000009,,213.0,6
KXNBAGAME-26MAR08CHAPHX,KXNBAGAME-26MAR08CHAPHX-PHX,NBA,winner,Phoenix,Charlotte,1773021600,2026-03-09T02:00:00+00:00,kalshi_milestone_start_date,2026-03-26T07:29:35.941821Z,62367710-25be-4829-9a0e-59ceda00e392,1,1773031649,,True,1031,2026-03-09,train,6h,1773000000,included,1773000000,0,0.375,0.37,0.38,0.010000000000000009,0.38,1712.0,39
KXNBAGAME-26MAR08CHAPHX,KXNBAGAME-26MAR08CHAPHX-PHX,NBA,winner,Phoenix,Charlotte,1773021600,2026-03-09T02:00:00+00:00,kalshi_milestone_start_date,2026-03-26T07:29:35.941821Z,62367710-25be-4829-9a0e-59ceda00e392,1,1773031649,,True,1031,2026-03-09,train,1h,1773018000,included,1773018000,0,0.36,0.35,0.37,0.020000000000000018,0.37,60593.0,60
KXNBAGAME-26MAR08CHAPHX,KXNBAGAME-26MAR08CHAPHX-PHX,NBA,winner,Phoenix,Charlotte,1773021600,2026-03-09T02:00:00+00:00,kalshi_milestone_start_date,2026-03-26T07:29:35.941821Z,62367710-25be-4829-9a0e-59ceda00e392,1,1773031649,,True,1031,2026-03-09,train,5m,1773021300,included,1773021300,0,0.355,0.35,0.36,0.010000000000000009,0.36,162718.0,60
KXNBAGAME-26MAR09PHICLE,KXNBAGAME-26MAR09PHICLE-CLE,NBA,winner,Cleveland,Philadelphia,1773097200,2026-03-09T23:00:00+00:00,kalshi_milestone_start_date,2026-03-26T07:29:38.612677Z,40b864de-2e3c-4beb-a5b0-bf67d4db737b,1,1773106662,,True,1261,2026-03-09,train,24h,1773010800,included,1773010800,0,0.815,0.81,0.82,0.009999999999999898,,770.0,7
KXNBAGAME-26MAR09PHICLE,KXNBAGAME-26MAR09PHICLE-CLE,NBA,winner,Cleveland,Philadelphia,1773097200,2026-03-09T23:00:00+00:00,kalshi_milestone_start_date,2026-03-26T07:29:38.612677Z,40b864de-2e3c-4beb-a5b0-bf67d4db737b,1,1773106662,,True,1261,2026-03-09,train,6h,1773075600,included,1773075600,0,0.855,0.85,0.86,0.010000000000000009,0.86,33562.0,50
KXNBAGAME-26MAR09PHICLE,KXNBAGAME-26MAR09PHICLE-CLE,NBA,winner,Cleveland,Philadelphia,1773097200,2026-03-09T23:00:00+00:00,kalshi_milestone_start_date,2026-03-26T07:29:38.612677Z,40b864de-2e3c-4beb-a5b0-bf67d4db737b,1,1773106662,,True,1261,2026-03-09,train,1h,1773093600,included,1773093600,0,0.865,0.86,0.87,0.010000000000000009,0.87,97626.0,58
KXNBAGAME-26MAR09PHICLE,KXNBAGAME-26MAR09PHICLE-CLE,NBA,winner,Cleveland,Philadelphia,1773097200,2026-03-09T23:00:00+00:00,kalshi_milestone_start_date,2026-03-26T07:29:38.612677Z,40b864de-2e3c-4beb-a5b0-bf67d4db737b,1,1773106662,,True,1261,2026-03-09,train,5m,1773096900,included,1773096900,0,0.865,0.86,0.87,0.010000000000000009,0.87,237270.0,60
KXNBAGAME-26MAR09DENOKC,KXNBAGAME-26MAR09DENOKC-OKC,NBA,winner,Oklahoma City,Denver,1773099000,2026-03-09T23:30:00+00:00,kalshi_milestone_start_date,2026-03-26T07:29:39.59852Z,7a418378-df9f-40b4-8af6-856235936a32,1,1773110623,,True,1310,2026-03-09,train,24h,1773012600,included,1773012540,60,0.715,0.7,0.73,0.030000000000000027,0.73,383.0,14
KXNBAGAME-26MAR09DENOKC,KXNBAGAME-26MAR09DENOKC-OKC,NBA,winner,Oklahoma City,Denver,1773099000,2026-03-09T23:30:00+00:00,kalshi_milestone_start_date,2026-03-26T07:29:39.59852Z,7a418378-df9f-40b4-8af6-856235936a32,1,1773110623,,True,1310,2026-03-09,train,6h,1773077400,included,1773077400,0,0.695,0.69,0.7,0.010000000000000009,0.7,17242.0,53
KXNBAGAME-26MAR09DENOKC,KXNBAGAME-26MAR09DENOKC-OKC,NBA,winner,Oklahoma City,Denver,1773099000,2026-03-09T23:30:00+00:00,kalshi_milestone_start_date,2026-03-26T07:29:39.59852Z,7a418378-df9f-40b4-8af6-856235936a32,1,1773110623,,True,1310,2026-03-09,train,1h,1773095400,included,1773095400,0,0.695,0.69,0.7,0.010000000000000009,0.7,112667.0,60
KXNBAGAME-26MAR09DENOKC,KXNBAGAME-26MAR09DENOKC-OKC,NBA,winner,Oklahoma City,Denver,1773099000,2026-03-09T23:30:00+00:00,kalshi_milestone_start_date,2026-03-26T07:29:39.59852Z,7a418378-df9f-40b4-8af6-856235936a32,1,1773110623,,True,1310,2026-03-09,train,5m,1773098700,included,1773098700,0,0.595,0.59,0.6,0.010000000000000009,0.6,189862.0,60
KXNBAGAME-26MAR09MEMBKN,KXNBAGAME-26MAR09MEMBKN-BKN,NBA,winner,Brooklyn,Memphis,1773099000,2026-03-09T23:30:00+00:00,kalshi_milestone_start_date,2026-03-26T07:29:29.463675Z,d5688f10-301f-43ee-b09d-55ec9342c3c9,1,1773108222,,True,1083,2026-03-09,train,24h,1773012600,included,1773012540,60,0.51,0.49,0.53,0.040000000000000036,0.53,522.0,4
KXNBAGAME-26MAR09MEMBKN,KXNBAGAME-26MAR09MEMBKN-BKN,NBA,winner,Brooklyn,Memphis,1773099000,2026-03-09T23:30:00+00:00,kalshi_milestone_start_date,2026-03-26T07:29:29.463675Z,d5688f10-301f-43ee-b09d-55ec9342c3c9,1,1773108222,,True,1083,2026-03-09,train,6h,1773077400,included,1773077400,0,0.47,0.46,0.48,0.019999999999999962,,2432.0,38
KXNBAGAME-26MAR09MEMBKN,KXNBAGAME-26MAR09MEMBKN-BKN,NBA,winner,Brooklyn,Memphis,1773099000,2026-03-09T23:30:00+00:00,kalshi_milestone_start_date,2026-03-26T07:29:29.463675Z,d5688f10-301f-43ee-b09d-55ec9342c3c9,1,1773108222,,True,1083,2026-03-09,train,1h,1773095400,included,1773095400,0,0.485,0.48,0.49,0.010000000000000009,0.48,11083.0,50
KXNBAGAME-26MAR09MEMBKN,KXNBAGAME-26MAR09MEMBKN-BKN,NBA,winner,Brooklyn,Memphis,1773099000,2026-03-09T23:30:00+00:00,kalshi_milestone_start_date,2026-03-26T07:29:29.463675Z,d5688f10-301f-43ee-b09d-55ec9342c3c9,1,1773108222,,True,1083,2026-03-09,train,5m,1773098700,included,1773098700,0,0.515,0.51,0.52,0.010000000000000009,0.52,91637.0,58
KXNBAGAME-26MAR09GSWUTA,KXNBAGAME-26MAR09GSWUTA-UTA,NBA,winner,Utah,Golden State,1773104400,2026-03-10T01:00:00+00:00,kalshi_milestone_start_date,2026-03-26T07:29:29.358906Z,c7ac32b0-ecd7-41d4-85a9-001a6e88eadd,1,1773114733,,True,1189,2026-03-10,train,24h,1773018000,included,1773018000,0,0.3,0.29,0.31,0.020000000000000018,,20.0,3
KXNBAGAME-26MAR09GSWUTA,KXNBAGAME-26MAR09GSWUTA-UTA,NBA,winner,Utah,Golden State,1773104400,2026-03-10T01:00:00+00:00,kalshi_milestone_start_date,2026-03-26T07:29:29.358906Z,c7ac32b0-ecd7-41d4-85a9-001a6e88eadd,1,1773114733,,True,1189,2026-03-10,train,6h,1773082800,included,1773082800,0,0.275,0.27,0.28,0.010000000000000009,0.28,3340.0,30
KXNBAGAME-26MAR09GSWUTA,KXNBAGAME-26MAR09GSWUTA-UTA,NBA,winner,Utah,Golden State,1773104400,2026-03-10T01:00:00+00:00,kalshi_milestone_start_date,2026-03-26T07:29:29.358906Z,c7ac32b0-ecd7-41d4-85a9-001a6e88eadd,1,1773114733,,True,1189,2026-03-10,train,1h,1773100800,included,1773100800,0,0.3,0.29,0.31,0.020000000000000018,0.31,12345.0,57
KXNBAGAME-26MAR09GSWUTA,KXNBAGAME-26MAR09GSWUTA-UTA,NBA,winner,Utah,Golden State,1773104400,2026-03-10T01:00:00+00:00,kalshi_milestone_start_date,2026-03-26T07:29:29.358906Z,c7ac32b0-ecd7-41d4-85a9-001a6e88eadd,1,1773114733,,True,1189,2026-03-10,train,5m,1773104100,included,1773104100,0,0.305,0.3,0.31,0.010000000000000009,0.31,38089.0,59
KXNBAGAME-26MAR09NYKLAC,KXNBAGAME-26MAR09NYKLAC-LAC,NBA,winner,Los Angeles C,New York,1773108000,2026-03-10T02:00:00+00:00,kalshi_milestone_start_date,2026-03-26T07:29:43.882946Z,c50ec1b2-6894-48a0-a89f-884dd32b6ab9,1,1773118803,,True,1250,2026-03-10,train,24h,1773021600,included,1773021540,60,0.44,0.43,0.45,0.020000000000000018,,1011.0,17
KXNBAGAME-26MAR09NYKLAC,KXNBAGAME-26MAR09NYKLAC-LAC,NBA,winner,Los Angeles C,New York,1773108000,2026-03-10T02:00:00+00:00,kalshi_milestone_start_date,2026-03-26T07:29:43.882946Z,c50ec1b2-6894-48a0-a89f-884dd32b6ab9,1,1773118803,,True,1250,2026-03-10,train,6h,1773086400,included,1773086280,120,0.435,0.43,0.44,0.010000000000000009,0.44,7020.0,40
KXNBAGAME-26MAR09NYKLAC,KXNBAGAME-26MAR09NYKLAC-LAC,NBA,winner,Los Angeles C,New York,1773108000,2026-03-10T02:00:00+00:00,kalshi_milestone_start_date,2026-03-26T07:29:43.882946Z,c50ec1b2-6894-48a0-a89f-884dd32b6ab9,1,1773118803,,True,1250,2026-03-10,train,1h,1773104400,included,1773104400,0,0.455,0.45,0.46,0.010000000000000009,0.46,26594.0,60
KXNBAGAME-26MAR09NYKLAC,KXNBAGAME-26MAR09NYKLAC-LAC,NBA,winner,Los Angeles C,New York,1773108000,2026-03-10T02:00:00+00:00,kalshi_milestone_start_date,2026-03-26T07:29:43.882946Z,c50ec1b2-6894-48a0-a89f-884dd32b6ab9,1,1773118803,,True,1250,2026-03-10,train,5m,1773107700,included,1773107700,0,0.455,0.45,0.46,0.010000000000000009,0.46,187661.0,60
KXNBAGAME-26MAR10MEMPHI,KXNBAGAME-26MAR10MEMPHI-PHI,NBA,winner,Philadelphia,Memphis,1773183600,2026-03-10T23:00:00+00:00,kalshi_milestone_start_date,2026-03-26T07:29:23.947532Z,a12a2915-66bb-45db-b92e-09e3cb5277cc,1,1773195167,,True,1203,2026-03-10,train,6h,1773162000,included,1773162000,0,0.595,0.59,0.6,0.010000000000000009,0.6,7632.0,49
KXNBAGAME-26MAR10MEMPHI,KXNBAGAME-26MAR10MEMPHI-PHI,NBA,winner,Philadelphia,Memphis,1773183600,2026-03-10T23:00:00+00:00,kalshi_milestone_start_date,2026-03-26T07:29:23.947532Z,a12a2915-66bb-45db-b92e-09e3cb5277cc,1,1773195167,,True,1203,2026-03-10,train,1h,1773180000,included,1773180000,0,0.615,0.61,0.62,0.010000000000000009,0.62,22486.0,59
KXNBAGAME-26MAR10MEMPHI,KXNBAGAME-26MAR10MEMPHI-PHI,NBA,winner,Philadelphia,Memphis,1773183600,2026-03-10T23:00:00+00:00,kalshi_milestone_start_date,2026-03-26T07:29:23.947532Z,a12a2915-66bb-45db-b92e-09e3cb5277cc,1,1773195167,,True,1203,2026-03-10,train,5m,1773183300,included,1773183300,0,0.625,0.62,0.63,0.010000000000000009,0.63,118691.0,60
KXNBAGAME-26MAR10DALATL,KXNBAGAME-26MAR10DALATL-ATL,NBA,winner,Atlanta,Dallas,1773185400,2026-03-10T23:30:00+00:00,kalshi_milestone_start_date,2026-03-26T07:29:41.409126Z,ea754828-cea6-4e53-841e-27cedd47cd56,1,1773197026,,True,956,2026-03-10,train,6h,1773163800,included,1773163800,0,0.785,0.78,0.79,0.010000000000000009,0.79,12092.0,30
KXNBAGAME-26MAR10DALATL,KXNBAGAME-26MAR10DALATL-ATL,NBA,winner,Atlanta,Dallas,1773185400,2026-03-10T23:30:00+00:00,kalshi_milestone_start_date,2026-03-26T07:29:41.409126Z,ea754828-cea6-4e53-841e-27cedd47cd56,1,1773197026,,True,956,2026-03-10,train,1h,1773181800,included,1773181800,0,0.795,0.79,0.8,0.010000000000000009,0.8,11711.0,51
KXNBAGAME-26MAR10DALATL,KXNBAGAME-26MAR10DALATL-ATL,NBA,winner,Atlanta,Dallas,1773185400,2026-03-10T23:30:00+00:00,kalshi_milestone_start_date,2026-03-26T07:29:41.409126Z,ea754828-cea6-4e53-841e-27cedd47cd56,1,1773197026,,True,956,2026-03-10,train,5m,1773185100,included,1773185100,0,0.785,0.78,0.79,0.010000000000000009,0.79,91151.0,58
KXNBAGAME-26MAR10DETBKN,KXNBAGAME-26MAR10DETBKN-BKN,NBA,winner,Brooklyn,Detroit,1773185400,2026-03-10T23:30:00+00:00,kalshi_milestone_start_date,2026-03-26T07:29:38.839274Z,e347ece5-907e-4c85-b474-ac9eaca54639,0,1773196086,,True,1234,2026-03-10,train,24h,1773099000,included,1773099000,0,0.125,0.12,0.13,0.010000000000000009,0.13,1417.0,18
KXNBAGAME-26MAR10DETBKN,KXNBAGAME-26MAR10DETBKN-BKN,NBA,winner,Brooklyn,Detroit,1773185400,2026-03-10T23:30:00+00:00,kalshi_milestone_start_date,2026-03-26T07:29:38.839274Z,e347ece5-907e-4c85-b474-ac9eaca54639,0,1773196086,,True,1234,2026-03-10,train,6h,1773163800,included,1773163740,60,0.10500000000000001,0.1,0.11,0.009999999999999995,0.11,14934.0,50
KXNBAGAME-26MAR10DETBKN,KXNBAGAME-26MAR10DETBKN-BKN,NBA,winner,Brooklyn,Detroit,1773185400,2026-03-10T23:30:00+00:00,kalshi_milestone_start_date,2026-03-26T07:29:38.839274Z,e347ece5-907e-4c85-b474-ac9eaca54639,0,1773196086,,True,1234,2026-03-10,train,1h,1773181800,included,1773181800,0,0.095,0.09,0.1,0.010000000000000009,0.1,101244.0,59
KXNBAGAME-26MAR10DETBKN,KXNBAGAME-26MAR10DETBKN-BKN,NBA,winner,Brooklyn,Detroit,1773185400,2026-03-10T23:30:00+00:00,kalshi_milestone_start_date,2026-03-26T07:29:38.839274Z,e347ece5-907e-4c85-b474-ac9eaca54639,0,1773196086,,True,1234,2026-03-10,train,5m,1773185100,included,1773185100,0,0.095,0.09,0.1,0.010000000000000009,0.1,154301.0,60
KXNBAGAME-26MAR10WASMIA,KXNBAGAME-26MAR10WASMIA-MIA,NBA,winner,Miami,Washington,1773185400,2026-03-10T23:30:00+00:00,kalshi_milestone_start_date,2026-03-26T07:29:38.660527Z,afbfcb06-4286-422a-8948-08cbdc65e924,1,1773196666,,True,978,2026-03-10,train,24h,1773099000,included,1773099000,0,0.885,0.88,0.89,0.010000000000000009,,944.0,5
KXNBAGAME-26MAR10WASMIA,KXNBAGAME-26MAR10WASMIA-MIA,NBA,winner,Miami,Washington,1773185400,2026-03-10T23:30:00+00:00,kalshi_milestone_start_date,2026-03-26T07:29:38.660527Z,afbfcb06-4286-422a-8948-08cbdc65e924,1,1773196666,,True,978,2026-03-10,train,6h,1773163800,included,1773163800,0,0.895,0.89,0.9,0.010000000000000009,0.9,5693.0,34
KXNBAGAME-26MAR10WASMIA,KXNBAGAME-26MAR10WASMIA-MIA,NBA,winner,Miami,Washington,1773185400,2026-03-10T23:30:00+00:00,kalshi_milestone_start_date,2026-03-26T07:29:38.660527Z,afbfcb06-4286-422a-8948-08cbdc65e924,1,1773196666,,True,978,2026-03-10,train,1h,1773181800,included,1773181800,0,0.915,0.91,0.92,0.010000000000000009,,52981.0,37
KXNBAGAME-26MAR10WASMIA,KXNBAGAME-26MAR10WASMIA-MIA,NBA,winner,Miami,Washington,1773185400,2026-03-10T23:30:00+00:00,kalshi_milestone_start_date,2026-03-26T07:29:38.660527Z,afbfcb06-4286-422a-8948-08cbdc65e924,1,1773196666,,True,978,2026-03-10,train,5m,1773185100,included,1773185100,0,0.905,0.9,0.91,0.010000000000000009,0.91,41314.0,53
KXNBAGAME-26MAR10BOSSAS,KXNBAGAME-26MAR10BOSSAS-SAS,NBA,winner,San Antonio,Boston,1773187200,2026-03-11T00:00:00+00:00,kalshi_milestone_start_date,2026-03-26T07:29:45.46244Z,495a4c1b-da9f-4899-b684-8e2c9ef096b4,1,1773197737,,True,1345,2026-03-11,train,24h,1773100800,included,1773100800,0,0.605,0.6,0.61,0.010000000000000009,0.61,2046.0,27
KXNBAGAME-26MAR10BOSSAS,KXNBAGAME-26MAR10BOSSAS-SAS,NBA,winner,San Antonio,Boston,1773187200,2026-03-11T00:00:00+00:00,kalshi_milestone_start_date,2026-03-26T07:29:45.46244Z,495a4c1b-da9f-4899-b684-8e2c9ef096b4,1,1773197737,,True,1345,2026-03-11,train,6h,1773165600,included,1773165600,0,0.585,0.58,0.59,0.010000000000000009,0.59,11787.0,58
KXNBAGAME-26MAR10BOSSAS,KXNBAGAME-26MAR10BOSSAS-SAS,NBA,winner,San Antonio,Boston,1773187200,2026-03-11T00:00:00+00:00,kalshi_milestone_start_date,2026-03-26T07:29:45.46244Z,495a4c1b-da9f-4899-b684-8e2c9ef096b4,1,1773197737,,True,1345,2026-03-11,train,1h,1773183600,included,1773183600,0,0.585,0.58,0.59,0.010000000000000009,0.59,116147.0,60
KXNBAGAME-26MAR10BOSSAS,KXNBAGAME-26MAR10BOSSAS-SAS,NBA,winner,San Antonio,Boston,1773187200,2026-03-11T00:00:00+00:00,kalshi_milestone_start_date,2026-03-26T07:29:45.46244Z,495a4c1b-da9f-4899-b684-8e2c9ef096b4,1,1773197737,,True,1345,2026-03-11,train,5m,1773186900,included,1773186900,0,0.585,0.58,0.59,0.010000000000000009,0.59,277339.0,60
KXNBAGAME-26MAR10PHXMIL,KXNBAGAME-26MAR10PHXMIL-MIL,NBA,winner,Milwaukee,Phoenix,1773187200,2026-03-11T00:00:00+00:00,kalshi_milestone_start_date,2026-03-26T07:29:36.088999Z,80ebfc71-df6f-43c6-a366-747b73ce70ec,0,1773197266,,True,934,2026-03-11,train,6h,1773165600,included,1773165600,0,0.475,0.47,0.48,0.010000000000000009,0.48,12017.0,34
KXNBAGAME-26MAR10PHXMIL,KXNBAGAME-26MAR10PHXMIL-MIL,NBA,winner,Milwaukee,Phoenix,1773187200,2026-03-11T00:00:00+00:00,kalshi_milestone_start_date,2026-03-26T07:29:36.088999Z,80ebfc71-df6f-43c6-a366-747b73ce70ec,0,1773197266,,True,934,2026-03-11,train,1h,1773183600,included,1773183600,0,0.48,0.47,0.49,0.020000000000000018,0.49,22103.0,58
KXNBAGAME-26MAR10PHXMIL,KXNBAGAME-26MAR10PHXMIL-MIL,NBA,winner,Milwaukee,Phoenix,1773187200,2026-03-11T00:00:00+00:00,kalshi_milestone_start_date,2026-03-26T07:29:36.088999Z,80ebfc71-df6f-43c6-a366-747b73ce70ec,0,1773197266,,True,934,2026-03-11,train,5m,1773186900,included,1773186900,0,0.455,0.45,0.46,0.010000000000000009,0.46,28741.0,58
KXNBAGAME-26MAR10TORHOU,KXNBAGAME-26MAR10TORHOU-HOU,NBA,winner,Houston,Toronto,1773187200,2026-03-11T00:00:00+00:00,kalshi_milestone_start_date,2026-03-26T07:29:46.736183Z,3f05c799-6f20-496a-9760-23967bb5e5e9,1,1773197547,,True,962,2026-03-11,train,6h,1773165600,included,1773165540,60,0.655,0.65,0.66,0.010000000000000009,0.66,2435.0,33
KXNBAGAME-26MAR10TORHOU,KXNBAGAME-26MAR10TORHOU-HOU,NBA,winner,Houston,Toronto,1773187200,2026-03-11T00:00:00+00:00,kalshi_milestone_start_date,2026-03-26T07:29:46.736183Z,3f05c799-6f20-496a-9760-23967bb5e5e9,1,1773197547,,True,962,2026-03-11,train,1h,1773183600,included,1773183600,0,0.635,0.63,0.64,0.010000000000000009,0.64,24989.0,58
KXNBAGAME-26MAR10TORHOU,KXNBAGAME-26MAR10TORHOU-HOU,NBA,winner,Houston,Toronto,1773187200,2026-03-11T00:00:00+00:00,kalshi_milestone_start_date,2026-03-26T07:29:46.736183Z,3f05c799-6f20-496a-9760-23967bb5e5e9,1,1773197547,,True,962,2026-03-11,train,5m,1773186900,included,1773186900,0,0.635,0.63,0.64,0.010000000000000009,0.64,83965.0,59
KXNBAGAME-26MAR10CHAPOR,KXNBAGAME-26MAR10CHAPOR-POR,NBA,winner,Portland,Charlotte,1773194400,2026-03-11T02:00:00+00:00,kalshi_milestone_start_date,2026-03-26T07:29:28.586424Z,d0534c44-0e9b-4912-93bc-610708a6c139,0,1773204337,,True,889,2026-03-11,train,6h,1773172800,included,1773172800,0,0.415,0.41,0.42,0.010000000000000009,,927.0,22
KXNBAGAME-26MAR10CHAPOR,KXNBAGAME-26MAR10CHAPOR-POR,NBA,winner,Portland,Charlotte,1773194400,2026-03-11T02:00:00+00:00,kalshi_milestone_start_date,2026-03-26T07:29:28.586424Z,d0534c44-0e9b-4912-93bc-610708a6c139,0,1773204337,,True,889,2026-03-11,train,1h,1773190800,included,1773190800,0,0.415,0.41,0.42,0.010000000000000009,0.42,4503.0,44
KXNBAGAME-26MAR10CHAPOR,KXNBAGAME-26MAR10CHAPOR-POR,NBA,winner,Portland,Charlotte,1773194400,2026-03-11T02:00:00+00:00,kalshi_milestone_start_date,2026-03-26T07:29:28.586424Z,d0534c44-0e9b-4912-93bc-610708a6c139,0,1773204337,,True,889,2026-03-11,train,5m,1773194100,included,1773194100,0,0.425,0.42,0.43,0.010000000000000009,0.43,17523.0,51
KXNBAGAME-26MAR10CHIGSW,KXNBAGAME-26MAR10CHIGSW-GSW,NBA,winner,Golden State,Chicago,1773194400,2026-03-11T02:00:00+00:00,kalshi_milestone_start_date,2026-03-26T07:29:41.437122Z,7b16af30-557d-4010-ace2-d3e9b0b77ab6,0,1773205177,,True,946,2026-03-11,train,24h,1773108000,included,1773107940,60,0.67,0.66,0.68,0.020000000000000018,,14.0,1
KXNBAGAME-26MAR10CHIGSW,KXNBAGAME-26MAR10CHIGSW-GSW,NBA,winner,Golden State,Chicago,1773194400,2026-03-11T02:00:00+00:00,kalshi_milestone_start_date,2026-03-26T07:29:41.437122Z,7b16af30-557d-4010-ace2-d3e9b0b77ab6,0,1773205177,,True,946,2026-03-11,train,6h,1773172800,included,1773172800,0,0.685,0.68,0.69,0.009999999999999898,0.69,1497.0,19
KXNBAGAME-26MAR10CHIGSW,KXNBAGAME-26MAR10CHIGSW-GSW,NBA,winner,Golden State,Chicago,1773194400,2026-03-11T02:00:00+00:00,kalshi_milestone_start_date,2026-03-26T07:29:41.437122Z,7b16af30-557d-4010-ace2-d3e9b0b77ab6,0,1773205177,,True,946,2026-03-11,train,1h,1773190800,included,1773190740,60,0.685,0.68,0.69,0.009999999999999898,0.69,11137.0,54
KXNBAGAME-26MAR10CHIGSW,KXNBAGAME-26MAR10CHIGSW-GSW,NBA,winner,Golden State,Chicago,1773194400,2026-03-11T02:00:00+00:00,kalshi_milestone_start_date,2026-03-26T07:29:41.437122Z,7b16af30-557d-4010-ace2-d3e9b0b77ab6,0,1773205177,,True,946,2026-03-11,train,5m,1773194100,included,1773194100,0,0.675,0.67,0.68,0.010000000000000009,0.68,14079.0,59
KXNBAGAME-26MAR10INDSAC,KXNBAGAME-26MAR10INDSAC-SAC,NBA,winner,Sacramento,Indiana,1773194400,2026-03-11T02:00:00+00:00,kalshi_milestone_start_date,2026-03-26T07:29:42.92712Z,b0e74059-6960-4c1f-8c4e-1e9a07f09c59,1,1773204726,,True,847,2026-03-11,train,24h,1773108000,included,1773107940,60,0.61,0.6,0.62,0.020000000000000018,,1116.0,8
KXNBAGAME-26MAR10INDSAC,KXNBAGAME-26MAR10INDSAC-SAC,NBA,winner,Sacramento,Indiana,1773194400,2026-03-11T02:00:00+00:00,kalshi_milestone_start_date,2026-03-26T07:29:42.92712Z,b0e74059-6960-4c1f-8c4e-1e9a07f09c59,1,1773204726,,True,847,2026-03-11,train,6h,1773172800,included,1773172800,0,0.595,0.59,0.6,0.010000000000000009,,3648.0,23
KXNBAGAME-26MAR10INDSAC,KXNBAGAME-26MAR10INDSAC-SAC,NBA,winner,Sacramento,Indiana,1773194400,2026-03-11T02:00:00+00:00,kalshi_milestone_start_date,2026-03-26T07:29:42.92712Z,b0e74059-6960-4c1f-8c4e-1e9a07f09c59,1,1773204726,,True,847,2026-03-11,train,1h,1773190800,included,1773190800,0,0.585,0.58,0.59,0.010000000000000009,0.59,28417.0,49
KXNBAGAME-26MAR10INDSAC,KXNBAGAME-26MAR10INDSAC-SAC,NBA,winner,Sacramento,Indiana,1773194400,2026-03-11T02:00:00+00:00,kalshi_milestone_start_date,2026-03-26T07:29:42.92712Z,b0e74059-6960-4c1f-8c4e-1e9a07f09c59,1,1773204726,,True,847,2026-03-11,train,5m,1773194100,included,1773194100,0,0.595,0.59,0.6,0.010000000000000009,0.59,74889.0,50
KXNBAGAME-26MAR10MINLAL,KXNBAGAME-26MAR10MINLAL-LAL,NBA,winner,Los Angeles L,Minnesota,1773198000,2026-03-11T03:00:00+00:00,kalshi_milestone_start_date,2026-03-26T07:29:31.637306Z,ecde9166-c3b9-4772-a3a1-6a56475aeac1,1,1773207927,,True,1294,2026-03-11,train,6h,1773176400,included,1773176400,0,0.445,0.44,0.45,0.010000000000000009,0.45,13798.0,58
KXNBAGAME-26MAR10MINLAL,KXNBAGAME-26MAR10MINLAL-LAL,NBA,winner,Los Angeles L,Minnesota,1773198000,2026-03-11T03:00:00+00:00,kalshi_milestone_start_date,2026-03-26T07:29:31.637306Z,ecde9166-c3b9-4772-a3a1-6a56475aeac1,1,1773207927,,True,1294,2026-03-11,train,1h,1773194400,included,1773194400,0,0.455,0.45,0.46,0.010000000000000009,0.46,41329.0,60
KXNBAGAME-26MAR10MINLAL,KXNBAGAME-26MAR10MINLAL-LAL,NBA,winner,Los Angeles L,Minnesota,1773198000,2026-03-11T03:00:00+00:00,kalshi_milestone_start_date,2026-03-26T07:29:31.637306Z,ecde9166-c3b9-4772-a3a1-6a56475aeac1,1,1773207927,,True,1294,2026-03-11,train,5m,1773197700,included,1773197700,0,0.445,0.44,0.45,0.010000000000000009,0.45,645485.0,60
KXNBAGAME-26MAR11CLEORL,KXNBAGAME-26MAR11CLEORL-ORL,NBA,winner,Orlando,Cleveland,1773271800,2026-03-11T23:30:00+00:00,kalshi_milestone_start_date,2026-03-26T07:29:49.299869Z,a8ce275a-41fd-4ce6-89d4-715937bb61db,1,1773282597,,True,1092,2026-03-11,train,6h,1773250200,included,1773250080,120,0.395,0.39,0.4,0.010000000000000009,0.4,9285.0,38
KXNBAGAME-26MAR11CLEORL,KXNBAGAME-26MAR11CLEORL-ORL,NBA,winner,Orlando,Cleveland,1773271800,2026-03-11T23:30:00+00:00,kalshi_milestone_start_date,2026-03-26T07:29:49.299869Z,a8ce275a-41fd-4ce6-89d4-715937bb61db,1,1773282597,,True,1092,2026-03-11,train,1h,1773268200,included,1773268200,0,0.405,0.4,0.41,0.009999999999999953,0.41,118575.0,60
KXNBAGAME-26MAR11CLEORL,KXNBAGAME-26MAR11CLEORL-ORL,NBA,winner,Orlando,Cleveland,1773271800,2026-03-11T23:30:00+00:00,kalshi_milestone_start_date,2026-03-26T07:29:49.299869Z,a8ce275a-41fd-4ce6-89d4-715937bb61db,1,1773282597,,True,1092,2026-03-11,train,5m,1773271500,included,1773271500,0,0.405,0.4,0.41,0.009999999999999953,0.41,167894.0,60
KXNBAGAME-26MAR11TORNOP,KXNBAGAME-26MAR11TORNOP-NOP,NBA,winner,New Orleans,Toronto,1773273600,2026-03-12T00:00:00+00:00,kalshi_milestone_start_date,2026-03-26T07:29:48.850528Z,d01dc261-f7dd-4cb3-befe-c98106be9657,1,1773282947,,True,997,2026-03-12,train,24h,1773187200,included,1773187200,0,0.46499999999999997,0.45,0.48,0.02999999999999997,,150.0,1
KXNBAGAME-26MAR11TORNOP,KXNBAGAME-26MAR11TORNOP-NOP,NBA,winner,New Orleans,Toronto,1773273600,2026-03-12T00:00:00+00:00,kalshi_milestone_start_date,2026-03-26T07:29:48.850528Z,d01dc261-f7dd-4cb3-befe-c98106be9657,1,1773282947,,True,997,2026-03-12,train,6h,1773252000,included,1773252000,0,0.435,0.43,0.44,0.010000000000000009,,4061.0,36
KXNBAGAME-26MAR11TORNOP,KXNBAGAME-26MAR11TORNOP-NOP,NBA,winner,New Orleans,Toronto,1773273600,2026-03-12T00:00:00+00:00,kalshi_milestone_start_date,2026-03-26T07:29:48.850528Z,d01dc261-f7dd-4cb3-befe-c98106be9657,1,1773282947,,True,997,2026-03-12,train,1h,1773270000,included,1773270000,0,0.445,0.44,0.45,0.010000000000000009,0.45,29194.0,56
KXNBAGAME-26MAR11TORNOP,KXNBAGAME-26MAR11TORNOP-NOP,NBA,winner,New Orleans,Toronto,1773273600,2026-03-12T00:00:00+00:00,kalshi_milestone_start_date,2026-03-26T07:29:48.850528Z,d01dc261-f7dd-4cb3-befe-c98106be9657,1,1773282947,,True,997,2026-03-12,train,5m,1773273300,included,1773273300,0,0.445,0.44,0.45,0.010000000000000009,0.45,57296.0,57
KXNBAGAME-26MAR11NYKUTA,KXNBAGAME-26MAR11NYKUTA-UTA,NBA,winner,Utah,New York,1773277200,2026-03-12T01:00:00+00:00,kalshi_milestone_start_date,2026-03-26T07:29:49.217602Z,01d5b401-14d5-478f-b77e-70da04a19926,0,1773286937,,True,1212,2026-03-12,train,6h,1773255600,included,1773255600,0,0.11499999999999999,0.11,0.12,0.009999999999999995,0.12,4784.0,48
KXNBAGAME-26MAR11NYKUTA,KXNBAGAME-26MAR11NYKUTA-UTA,NBA,winner,Utah,New York,1773277200,2026-03-12T01:00:00+00:00,kalshi_milestone_start_date,2026-03-26T07:29:49.217602Z,01d5b401-14d5-478f-b77e-70da04a19926,0,1773286937,,True,1212,2026-03-12,train,1h,1773273600,included,1773273600,0,0.11499999999999999,0.11,0.12,0.009999999999999995,0.12,52554.0,60
KXNBAGAME-26MAR11NYKUTA,KXNBAGAME-26MAR11NYKUTA-UTA,NBA,winner,Utah,New York,1773277200,2026-03-12T01:00:00+00:00,kalshi_milestone_start_date,2026-03-26T07:29:49.217602Z,01d5b401-14d5-478f-b77e-70da04a19926,0,1773286937,,True,1212,2026-03-12,train,5m,1773276900,included,1773276900,0,0.11499999999999999,0.11,0.12,0.009999999999999995,0.12,111269.0,60
KXNBAGAME-26MAR11CHASAC,KXNBAGAME-26MAR11CHASAC-SAC,NBA,winner,Sacramento,Charlotte,1773280800,2026-03-12T02:00:00+00:00,kalshi_milestone_start_date,2026-03-26T07:29:49.721887Z,1239b212-c40e-41ad-a10c-4569b9617bdf,0,1773290017,,True,525,2026-03-12,train,6h,1773259200,included,1773259200,0,0.135,0.13,0.14,0.010000000000000009,0.14,5093.0,36
KXNBAGAME-26MAR11CHASAC,KXNBAGAME-26MAR11CHASAC-SAC,NBA,winner,Sacramento,Charlotte,1773280800,2026-03-12T02:00:00+00:00,kalshi_milestone_start_date,2026-03-26T07:29:49.721887Z,1239b212-c40e-41ad-a10c-4569b9617bdf,0,1773290017,,True,525,2026-03-12,train,1h,1773277200,included,1773277200,0,0.125,0.12,0.13,0.010000000000000009,0.12,34170.0,57
KXNBAGAME-26MAR11CHASAC,KXNBAGAME-26MAR11CHASAC-SAC,NBA,winner,Sacramento,Charlotte,1773280800,2026-03-12T02:00:00+00:00,kalshi_milestone_start_date,2026-03-26T07:29:49.721887Z,1239b212-c40e-41ad-a10c-4569b9617bdf,0,1773290017,,True,525,2026-03-12,train,5m,1773280500,included,1773280500,0,0.11499999999999999,0.11,0.12,0.009999999999999995,0.12,112700.0,60
KXNBAGAME-26MAR11HOUDEN,KXNBAGAME-26MAR11HOUDEN-DEN,NBA,winner,Denver,Houston,1773280800,2026-03-12T02:00:00+00:00,kalshi_milestone_start_date,2026-03-26T07:28:54.517803Z,da6dd483-c325-4ee2-96cb-38e807bc105f,1,1773290617,,True,1121,2026-03-12,train,24h,1773194400,included,1773194400,0,0.65,0.64,0.66,0.020000000000000018,0.66,366.0,9
KXNBAGAME-26MAR11HOUDEN,KXNBAGAME-26MAR11HOUDEN-DEN,NBA,winner,Denver,Houston,1773280800,2026-03-12T02:00:00+00:00,kalshi_milestone_start_date,2026-03-26T07:28:54.517803Z,da6dd483-c325-4ee2-96cb-38e807bc105f,1,1773290617,,True,1121,2026-03-12,train,6h,1773259200,included,1773259200,0,0.705,0.7,0.71,0.010000000000000009,0.71,5921.0,42
KXNBAGAME-26MAR11HOUDEN,KXNBAGAME-26MAR11HOUDEN-DEN,NBA,winner,Denver,Houston,1773280800,2026-03-12T02:00:00+00:00,kalshi_milestone_start_date,2026-03-26T07:28:54.517803Z,da6dd483-c325-4ee2-96cb-38e807bc105f,1,1773290617,,True,1121,2026-03-12,train,1h,1773277200,included,1773277200,0,0.705,0.7,0.71,0.010000000000000009,0.71,12356.0,57
KXNBAGAME-26MAR11HOUDEN,KXNBAGAME-26MAR11HOUDEN-DEN,NBA,winner,Denver,Houston,1773280800,2026-03-12T02:00:00+00:00,kalshi_milestone_start_date,2026-03-26T07:28:54.517803Z,da6dd483-c325-4ee2-96cb-38e807bc105f,1,1773290617,,True,1121,2026-03-12,train,5m,1773280500,included,1773280500,0,0.695,0.69,0.7,0.010000000000000009,0.7,71936.0,60
KXNBAGAME-26MAR11MINLAC,KXNBAGAME-26MAR11MINLAC-LAC,NBA,winner,Los Angeles C,Minnesota,1773282600,2026-03-12T02:30:00+00:00,kalshi_milestone_start_date,2026-03-26T07:29:09.598479Z,bba5b75a-7ff8-481e-b992-109959dc7d42,1,1773292537,,True,1158,2026-03-12,train,24h,1773196200,included,1773196200,0,0.525,0.52,0.53,0.010000000000000009,,1378.0,2
KXNBAGAME-26MAR11MINLAC,KXNBAGAME-26MAR11MINLAC-LAC,NBA,winner,Los Angeles C,Minnesota,1773282600,2026-03-12T02:30:00+00:00,kalshi_milestone_start_date,2026-03-26T07:29:09.598479Z,bba5b75a-7ff8-481e-b992-109959dc7d42,1,1773292537,,True,1158,2026-03-12,train,6h,1773261000,included,1773261000,0,0.535,0.53,0.54,0.010000000000000009,0.54,4299.0,48
KXNBAGAME-26MAR11MINLAC,KXNBAGAME-26MAR11MINLAC-LAC,NBA,winner,Los Angeles C,Minnesota,1773282600,2026-03-12T02:30:00+00:00,kalshi_milestone_start_date,2026-03-26T07:29:09.598479Z,bba5b75a-7ff8-481e-b992-109959dc7d42,1,1773292537,,True,1158,2026-03-12,train,1h,1773279000,included,1773279000,0,0.525,0.52,0.53,0.010000000000000009,0.53,57289.0,59
KXNBAGAME-26MAR11MINLAC,KXNBAGAME-26MAR11MINLAC-LAC,NBA,winner,Los Angeles C,Minnesota,1773282600,2026-03-12T02:30:00+00:00,kalshi_milestone_start_date,2026-03-26T07:29:09.598479Z,bba5b75a-7ff8-481e-b992-109959dc7d42,1,1773292537,,True,1158,2026-03-12,train,5m,1773282300,included,1773282300,0,0.535,0.53,0.54,0.010000000000000009,0.54,169639.0,60
KXNBAGAME-26MAR12PHIDET,KXNBAGAME-26MAR12PHIDET-DET,NBA,winner,Detroit,Philadelphia,1773356400,2026-03-12T23:00:00+00:00,kalshi_milestone_start_date,2026-03-26T07:29:54.971827Z,dce51b74-f610-48a6-8c03-dd2aef1f7fad,1,1773366585,,True,848,2026-03-12,train,24h,1773270000,included,1773270000,0,0.86,0.85,0.87,0.020000000000000018,0.87,288.0,9
KXNBAGAME-26MAR12PHIDET,KXNBAGAME-26MAR12PHIDET-DET,NBA,winner,Detroit,Philadelphia,1773356400,2026-03-12T23:00:00+00:00,kalshi_milestone_start_date,2026-03-26T07:29:54.971827Z,dce51b74-f610-48a6-8c03-dd2aef1f7fad,1,1773366585,,True,848,2026-03-12,train,6h,1773334800,included,1773334800,0,0.895,0.89,0.9,0.010000000000000009,0.9,14232.0,30
KXNBAGAME-26MAR12PHIDET,KXNBAGAME-26MAR12PHIDET-DET,NBA,winner,Detroit,Philadelphia,1773356400,2026-03-12T23:00:00+00:00,kalshi_milestone_start_date,2026-03-26T07:29:54.971827Z,dce51b74-f610-48a6-8c03-dd2aef1f7fad,1,1773366585,,True,848,2026-03-12,train,1h,1773352800,included,1773352800,0,0.895,0.89,0.9,0.010000000000000009,,28222.0,46
KXNBAGAME-26MAR12PHIDET,KXNBAGAME-26MAR12PHIDET-DET,NBA,winner,Detroit,Philadelphia,1773356400,2026-03-12T23:00:00+00:00,kalshi_milestone_start_date,2026-03-26T07:29:54.971827Z,dce51b74-f610-48a6-8c03-dd2aef1f7fad,1,1773366585,,True,848,2026-03-12,train,5m,1773356100,included,1773356100,0,0.895,0.89,0.9,0.010000000000000009,0.89,254082.0,54
KXNBAGAME-26MAR12PHXIND,KXNBAGAME-26MAR12PHXIND-IND,NBA,winner,Indiana,Phoenix,1773356400,2026-03-12T23:00:00+00:00,kalshi_milestone_start_date,2026-03-26T07:29:13.412103Z,bb3a96bc-31eb-48fb-9289-7a7013ba1fdb,0,1773366235,,True,915,2026-03-12,train,24h,1773270000,included,1773270000,0,0.215,0.21,0.22,0.010000000000000009,,417.0,9
KXNBAGAME-26MAR12PHXIND,KXNBAGAME-26MAR12PHXIND-IND,NBA,winner,Indiana,Phoenix,1773356400,2026-03-12T23:00:00+00:00,kalshi_milestone_start_date,2026-03-26T07:29:13.412103Z,bb3a96bc-31eb-48fb-9289-7a7013ba1fdb,0,1773366235,,True,915,2026-03-12,train,6h,1773334800,included,1773334800,0,0.215,0.21,0.22,0.010000000000000009,,1418.0,29
KXNBAGAME-26MAR12PHXIND,KXNBAGAME-26MAR12PHXIND-IND,NBA,winner,Indiana,Phoenix,1773356400,2026-03-12T23:00:00+00:00,kalshi_milestone_start_date,2026-03-26T07:29:13.412103Z,bb3a96bc-31eb-48fb-9289-7a7013ba1fdb,0,1773366235,,True,915,2026-03-12,train,1h,1773352800,included,1773352800,0,0.215,0.21,0.22,0.010000000000000009,0.22,142638.0,46
KXNBAGAME-26MAR12PHXIND,KXNBAGAME-26MAR12PHXIND-IND,NBA,winner,Indiana,Phoenix,1773356400,2026-03-12T23:00:00+00:00,kalshi_milestone_start_date,2026-03-26T07:29:13.412103Z,bb3a96bc-31eb-48fb-9289-7a7013ba1fdb,0,1773366235,,True,915,2026-03-12,train,5m,1773356100,included,1773356100,0,0.20500000000000002,0.2,0.21,0.009999999999999981,0.21,26140.0,57
KXNBAGAME-26MAR12WASORL,KXNBAGAME-26MAR12WASORL-ORL,NBA,winner,Orlando,Washington,1773356400,2026-03-12T23:00:00+00:00,kalshi_milestone_start_date,2026-03-26T07:29:15.322466Z,cdf0b1e0-7dcd-4935-b395-7143972c0d4f,1,1773366825,,True,833,2026-03-12,train,24h,1773270000,included,1773269940,60,0.89,0.88,0.9,0.020000000000000018,0.9,255.0,14
KXNBAGAME-26MAR12WASORL,KXNBAGAME-26MAR12WASORL-ORL,NBA,winner,Orlando,Washington,1773356400,2026-03-12T23:00:00+00:00,kalshi_milestone_start_date,2026-03-26T07:29:15.322466Z,cdf0b1e0-7dcd-4935-b395-7143972c0d4f,1,1773366825,,True,833,2026-03-12,train,6h,1773334800,included,1773334800,0,0.895,0.89,0.9,0.010000000000000009,0.9,51253.0,31
KXNBAGAME-26MAR12WASORL,KXNBAGAME-26MAR12WASORL-ORL,NBA,winner,Orlando,Washington,1773356400,2026-03-12T23:00:00+00:00,kalshi_milestone_start_date,2026-03-26T07:29:15.322466Z,cdf0b1e0-7dcd-4935-b395-7143972c0d4f,1,1773366825,,True,833,2026-03-12,train,1h,1773352800,included,1773352800,0,0.895,0.89,0.9,0.010000000000000009,,4826.0,36
KXNBAGAME-26MAR12WASORL,KXNBAGAME-26MAR12WASORL-ORL,NBA,winner,Orlando,Washington,1773356400,2026-03-12T23:00:00+00:00,kalshi_milestone_start_date,2026-03-26T07:29:15.322466Z,cdf0b1e0-7dcd-4935-b395-7143972c0d4f,1,1773366825,,True,833,2026-03-12,train,5m,1773356100,included,1773356100,0,0.895,0.89,0.9,0.010000000000000009,0.9,27648.0,47
KXNBAGAME-26MAR12BKNATL,KXNBAGAME-26MAR12BKNATL-ATL,NBA,winner,Atlanta,Brooklyn,1773358200,2026-03-12T23:30:00+00:00,kalshi_milestone_start_date,2026-03-26T07:29:13.49404Z,466b4034-973a-4286-82a8-73318b64239f,1,1773367555,,True,625,2026-03-12,train,24h,1773271800,included,1773271800,0,0.88,0.87,0.89,0.020000000000000018,0.89,6002.0,9
KXNBAGAME-26MAR12BKNATL,KXNBAGAME-26MAR12BKNATL-ATL,NBA,winner,Atlanta,Brooklyn,1773358200,2026-03-12T23:30:00+00:00,kalshi_milestone_start_date,2026-03-26T07:29:13.49404Z,466b4034-973a-4286-82a8-73318b64239f,1,1773367555,,True,625,2026-03-12,train,6h,1773336600,included,1773336540,60,0.905,0.9,0.91,0.010000000000000009,0.91,1571.0,30
KXNBAGAME-26MAR12BKNATL,KXNBAGAME-26MAR12BKNATL-ATL,NBA,winner,Atlanta,Brooklyn,1773358200,2026-03-12T23:30:00+00:00,kalshi_milestone_start_date,2026-03-26T07:29:13.49404Z,466b4034-973a-4286-82a8-73318b64239f,1,1773367555,,True,625,2026-03-12,train,1h,1773354600,included,1773354600,0,0.905,0.9,0.91,0.010000000000000009,,6259.0,31
KXNBAGAME-26MAR12BKNATL,KXNBAGAME-26MAR12BKNATL-ATL,NBA,winner,Atlanta,Brooklyn,1773358200,2026-03-12T23:30:00+00:00,kalshi_milestone_start_date,2026-03-26T07:29:13.49404Z,466b4034-973a-4286-82a8-73318b64239f,1,1773367555,,True,625,2026-03-12,train,5m,1773357900,included,1773357900,0,0.915,0.91,0.92,0.010000000000000009,0.92,64707.0,45
KXNBAGAME-26MAR12MILMIA,KXNBAGAME-26MAR12MILMIA-MIA,NBA,winner,Miami,Milwaukee,1773358200,2026-03-12T23:30:00+00:00,kalshi_milestone_start_date,2026-03-27T23:59:20.832053Z,1ead92bc-6d4d-499e-8066-e24544218f7b,1,1773367948,,True,886,2026-03-12,train,24h,1773271800,included,1773271800,0,0.725,0.72,0.73,0.010000000000000009,0.73,585.0,11
KXNBAGAME-26MAR12MILMIA,KXNBAGAME-26MAR12MILMIA-MIA,NBA,winner,Miami,Milwaukee,1773358200,2026-03-12T23:30:00+00:00,kalshi_milestone_start_date,2026-03-27T23:59:20.832053Z,1ead92bc-6d4d-499e-8066-e24544218f7b,1,1773367948,,True,886,2026-03-12,train,6h,1773336600,included,1773336600,0,0.71,0.7,0.72,0.020000000000000018,0.7,10703.0,33
KXNBAGAME-26MAR12MILMIA,KXNBAGAME-26MAR12MILMIA-MIA,NBA,winner,Miami,Milwaukee,1773358200,2026-03-12T23:30:00+00:00,kalshi_milestone_start_date,2026-03-27T23:59:20.832053Z,1ead92bc-6d4d-499e-8066-e24544218f7b,1,1773367948,,True,886,2026-03-12,train,1h,1773354600,included,1773354600,0,0.705,0.7,0.71,0.010000000000000009,0.71,9552.0,53
KXNBAGAME-26MAR12MILMIA,KXNBAGAME-26MAR12MILMIA-MIA,NBA,winner,Miami,Milwaukee,1773358200,2026-03-12T23:30:00+00:00,kalshi_milestone_start_date,2026-03-27T23:59:20.832053Z,1ead92bc-6d4d-499e-8066-e24544218f7b,1,1773367948,,True,886,2026-03-12,train,5m,1773357900,included,1773357900,0,0.675,0.67,0.68,0.010000000000000009,0.68,35627.0,58
KXNBAGAME-26MAR12DALMEM,KXNBAGAME-26MAR12DALMEM-MEM,NBA,winner,Memphis,Dallas,1773360000,2026-03-13T00:00:00+00:00,kalshi_milestone_start_date,2026-03-26T07:29:51.898445Z,439afc20-defa-483d-ba9f-0ac64e9c679f,0,1773370058,,True,804,2026-03-13,train,6h,1773338400,included,1773338400,0,0.345,0.34,0.35,0.009999999999999953,0.35,4214.0,33
KXNBAGAME-26MAR12DALMEM,KXNBAGAME-26MAR12DALMEM-MEM,NBA,winner,Memphis,Dallas,1773360000,2026-03-13T00:00:00+00:00,kalshi_milestone_start_date,2026-03-26T07:29:51.898445Z,439afc20-defa-483d-ba9f-0ac64e9c679f,0,1773370058,,True,804,2026-03-13,train,1h,1773356400,included,1773356400,0,0.335,0.33,0.34,0.010000000000000009,0.34,12526.0,53
KXNBAGAME-26MAR12DALMEM,KXNBAGAME-26MAR12DALMEM-MEM,NBA,winner,Memphis,Dallas,1773360000,2026-03-13T00:00:00+00:00,kalshi_milestone_start_date,2026-03-26T07:29:51.898445Z,439afc20-defa-483d-ba9f-0ac64e9c679f,0,1773370058,,True,804,2026-03-13,train,5m,1773359700,included,1773359700,0,0.335,0.33,0.34,0.010000000000000009,0.34,32237.0,58
KXNBAGAME-26MAR12DENSAS,KXNBAGAME-26MAR12DENSAS-SAS,NBA,winner,San Antonio,Denver,1773363600,2026-03-13T01:00:00+00:00,kalshi_milestone_start_date,2026-03-26T07:29:14.244933Z,97634e5a-25a2-4e85-a604-e8070b917422,0,1773373779,,True,1181,2026-03-13,train,24h,1773277200,included,1773277200,0,0.655,0.65,0.66,0.010000000000000009,,1550.0,17
KXNBAGAME-26MAR12DENSAS,KXNBAGAME-26MAR12DENSAS-SAS,NBA,winner,San Antonio,Denver,1773363600,2026-03-13T01:00:00+00:00,kalshi_milestone_start_date,2026-03-26T07:29:14.244933Z,97634e5a-25a2-4e85-a604-e8070b917422,0,1773373779,,True,1181,2026-03-13,train,6h,1773342000,included,1773342000,0,0.645,0.64,0.65,0.010000000000000009,0.65,100132.0,52
KXNBAGAME-26MAR12DENSAS,KXNBAGAME-26MAR12DENSAS-SAS,NBA,winner,San Antonio,Denver,1773363600,2026-03-13T01:00:00+00:00,kalshi_milestone_start_date,2026-03-26T07:29:14.244933Z,97634e5a-25a2-4e85-a604-e8070b917422,0,1773373779,,True,1181,2026-03-13,train,1h,1773360000,included,1773360000,0,0.625,0.62,0.63,0.010000000000000009,0.63,47915.0,60
KXNBAGAME-26MAR12DENSAS,KXNBAGAME-26MAR12DENSAS-SAS,NBA,winner,San Antonio,Denver,1773363600,2026-03-13T01:00:00+00:00,kalshi_milestone_start_date,2026-03-26T07:29:14.244933Z,97634e5a-25a2-4e85-a604-e8070b917422,0,1773373779,,True,1181,2026-03-13,train,5m,1773363300,included,1773363300,0,0.575,0.57,0.58,0.010000000000000009,0.58,368585.0,60
KXNBAGAME-26MAR12BOSOKC,KXNBAGAME-26MAR12BOSOKC-OKC,NBA,winner,Oklahoma City,Boston,1773365400,2026-03-13T01:30:00+00:00,kalshi_milestone_start_date,2026-03-26T07:29:40.291933Z,5d6b76a6-659f-49a3-a895-8557eb05213f,1,1773375449,,True,1065,2026-03-13,train,24h,1773279000,included,1773279000,0,0.705,0.7,0.71,0.010000000000000009,0.71,166.0,11
KXNBAGAME-26MAR12BOSOKC,KXNBAGAME-26MAR12BOSOKC-OKC,NBA,winner,Oklahoma City,Boston,1773365400,2026-03-13T01:30:00+00:00,kalshi_milestone_start_date,2026-03-26T07:29:40.291933Z,5d6b76a6-659f-49a3-a895-8557eb05213f,1,1773375449,,True,1065,2026-03-13,train,6h,1773343800,included,1773343740,60,0.71,0.7,0.72,0.020000000000000018,0.72,8968.0,44
KXNBAGAME-26MAR12BOSOKC,KXNBAGAME-26MAR12BOSOKC-OKC,NBA,winner,Oklahoma City,Boston,1773365400,2026-03-13T01:30:00+00:00,kalshi_milestone_start_date,2026-03-26T07:29:40.291933Z,5d6b76a6-659f-49a3-a895-8557eb05213f,1,1773375449,,True,1065,2026-03-13,train,1h,1773361800,included,1773361800,0,0.74,0.73,0.75,0.020000000000000018,0.75,190440.0,57
KXNBAGAME-26MAR12BOSOKC,KXNBAGAME-26MAR12BOSOKC-OKC,NBA,winner,Oklahoma City,Boston,1773365400,2026-03-13T01:30:00+00:00,kalshi_milestone_start_date,2026-03-26T07:29:40.291933Z,5d6b76a6-659f-49a3-a895-8557eb05213f,1,1773375449,,True,1065,2026-03-13,train,5m,1773365100,included,1773365100,0,0.755,0.75,0.76,0.010000000000000009,0.76,152146.0,60
KXNBAGAME-26MAR12CHILAL,KXNBAGAME-26MAR12CHILAL-LAL,NBA,winner,Los Angeles L,Chicago,1773369000,2026-03-13T02:30:00+00:00,kalshi_milestone_start_date,2026-03-26T07:29:52.952414Z,304035a1-469d-4b33-9ea0-a519e30f651e,1,1773378808,,True,900,2026-03-13,train,24h,1773282600,included,1773282600,0,0.8200000000000001,0.81,0.83,0.019999999999999907,,178.0,6
KXNBAGAME-26MAR12CHILAL,KXNBAGAME-26MAR12CHILAL-LAL,NBA,winner,Los Angeles L,Chicago,1773369000,2026-03-13T02:30:00+00:00,kalshi_milestone_start_date,2026-03-26T07:29:52.952414Z,304035a1-469d-4b33-9ea0-a519e30f651e,1,1773378808,,True,900,2026-03-13,train,6h,1773347400,included,1773347400,0,0.825,0.82,0.83,0.010000000000000009,0.83,5372.0,28
KXNBAGAME-26MAR12CHILAL,KXNBAGAME-26MAR12CHILAL-LAL,NBA,winner,Los Angeles L,Chicago,1773369000,2026-03-13T02:30:00+00:00,kalshi_milestone_start_date,2026-03-26T07:29:52.952414Z,304035a1-469d-4b33-9ea0-a519e30f651e,1,1773378808,,True,900,2026-03-13,train,1h,1773365400,included,1773365400,0,0.835,0.83,0.84,0.010000000000000009,0.83,16084.0,54
KXNBAGAME-26MAR12CHILAL,KXNBAGAME-26MAR12CHILAL-LAL,NBA,winner,Los Angeles L,Chicago,1773369000,2026-03-13T02:30:00+00:00,kalshi_milestone_start_date,2026-03-26T07:29:52.952414Z,304035a1-469d-4b33-9ea0-a519e30f651e,1,1773378808,,True,900,2026-03-13,train,5m,1773368700,included,1773368700,0,0.835,0.83,0.84,0.010000000000000009,0.84,360805.0,59
KXNBAGAME-26MAR13CLEDAL,KXNBAGAME-26MAR13CLEDAL-DAL,NBA,winner,Dallas,Cleveland,1773444600,2026-03-13T23:30:00+00:00,kalshi_milestone_start_date,2026-03-26T07:29:53.549414Z,b180c786-7f31-46da-bc33-4ae10eea8b8f,0,1773453858,,True,875,2026-03-13,train,24h,1773358200,included,1773358080,120,0.165,0.16,0.17,0.010000000000000009,,10.0,2
KXNBAGAME-26MAR13CLEDAL,KXNBAGAME-26MAR13CLEDAL-DAL,NBA,winner,Dallas,Cleveland,1773444600,2026-03-13T23:30:00+00:00,kalshi_milestone_start_date,2026-03-26T07:29:53.549414Z,b180c786-7f31-46da-bc33-4ae10eea8b8f,0,1773453858,,True,875,2026-03-13,train,6h,1773423000,included,1773423000,0,0.135,0.13,0.14,0.010000000000000009,,2724.0,29
KXNBAGAME-26MAR13CLEDAL,KXNBAGAME-26MAR13CLEDAL-DAL,NBA,winner,Dallas,Cleveland,1773444600,2026-03-13T23:30:00+00:00,kalshi_milestone_start_date,2026-03-26T07:29:53.549414Z,b180c786-7f31-46da-bc33-4ae10eea8b8f,0,1773453858,,True,875,2026-03-13,train,1h,1773441000,included,1773441000,0,0.135,0.13,0.14,0.010000000000000009,0.14,10641.0,48
KXNBAGAME-26MAR13CLEDAL,KXNBAGAME-26MAR13CLEDAL-DAL,NBA,winner,Dallas,Cleveland,1773444600,2026-03-13T23:30:00+00:00,kalshi_milestone_start_date,2026-03-26T07:29:53.549414Z,b180c786-7f31-46da-bc33-4ae10eea8b8f,0,1773453858,,True,875,2026-03-13,train,5m,1773444300,included,1773444300,0,0.14500000000000002,0.14,0.15,0.009999999999999981,0.15,70761.0,57
KXNBAGAME-26MAR13MEMDET,KXNBAGAME-26MAR13MEMDET-DET,NBA,winner,Detroit,Memphis,1773444600,2026-03-13T23:30:00+00:00,kalshi_milestone_start_date,2026-03-26T07:29:09.499974Z,53dde224-110b-4e6b-99f5-9add6ad881e1,1,1773454149,,True,901,2026-03-13,train,6h,1773423000,included,1773423000,0,0.915,0.91,0.92,0.010000000000000009,0.92,5279.0,34
KXNBAGAME-26MAR13MEMDET,KXNBAGAME-26MAR13MEMDET-DET,NBA,winner,Detroit,Memphis,1773444600,2026-03-13T23:30:00+00:00,kalshi_milestone_start_date,2026-03-26T07:29:09.499974Z,53dde224-110b-4e6b-99f5-9add6ad881e1,1,1773454149,,True,901,2026-03-13,train,1h,1773441000,included,1773440940,60,0.915,0.91,0.92,0.010000000000000009,0.92,14022.0,34
KXNBAGAME-26MAR13MEMDET,KXNBAGAME-26MAR13MEMDET-DET,NBA,winner,Detroit,Memphis,1773444600,2026-03-13T23:30:00+00:00,kalshi_milestone_start_date,2026-03-26T07:29:09.499974Z,53dde224-110b-4e6b-99f5-9add6ad881e1,1,1773454149,,True,901,2026-03-13,train,5m,1773444300,included,1773444300,0,0.915,0.91,0.92,0.010000000000000009,0.92,161842.0,51
KXNBAGAME-26MAR13NYKIND,KXNBAGAME-26MAR13NYKIND-IND,NBA,winner,Indiana,New York,1773444600,2026-03-13T23:30:00+00:00,kalshi_milestone_start_date,2026-03-26T07:29:24.154552Z,a8c1fe10-779b-4a30-9dba-ceb0b982129d,0,1773454110,,True,1028,2026-03-13,train,24h,1773358200,included,1773358200,0,0.13,0.12,0.14,0.020000000000000018,,799.0,9
KXNBAGAME-26MAR13NYKIND,KXNBAGAME-26MAR13NYKIND-IND,NBA,winner,Indiana,New York,1773444600,2026-03-13T23:30:00+00:00,kalshi_milestone_start_date,2026-03-26T07:29:24.154552Z,a8c1fe10-779b-4a30-9dba-ceb0b982129d,0,1773454110,,True,1028,2026-03-13,train,6h,1773423000,included,1773423000,0,0.135,0.13,0.14,0.010000000000000009,0.13,118587.0,34
KXNBAGAME-26MAR13NYKIND,KXNBAGAME-26MAR13NYKIND-IND,NBA,winner,Indiana,New York,1773444600,2026-03-13T23:30:00+00:00,kalshi_milestone_start_date,2026-03-26T07:29:24.154552Z,a8c1fe10-779b-4a30-9dba-ceb0b982129d,0,1773454110,,True,1028,2026-03-13,train,1h,1773441000,included,1773441000,0,0.135,0.13,0.14,0.010000000000000009,0.14,51492.0,53
KXNBAGAME-26MAR13NYKIND,KXNBAGAME-26MAR13NYKIND-IND,NBA,winner,Indiana,New York,1773444600,2026-03-13T23:30:00+00:00,kalshi_milestone_start_date,2026-03-26T07:29:24.154552Z,a8c1fe10-779b-4a30-9dba-ceb0b982129d,0,1773454110,,True,1028,2026-03-13,train,5m,1773444300,included,1773444300,0,0.14500000000000002,0.14,0.15,0.009999999999999981,0.15,203887.0,60
KXNBAGAME-26MAR13PHXTOR,KXNBAGAME-26MAR13PHXTOR-TOR,NBA,winner,Toronto,Phoenix,1773444600,2026-03-13T23:30:00+00:00,kalshi_milestone_start_date,2026-03-26T07:29:15.083625Z,7fa6b871-2e11-4600-ae1b-9eb4215c3987,1,1773455158,,True,1040,2026-03-13,train,6h,1773423000,included,1773423000,0,0.635,0.63,0.64,0.010000000000000009,0.64,3531.0,28
KXNBAGAME-26MAR13PHXTOR,KXNBAGAME-26MAR13PHXTOR-TOR,NBA,winner,Toronto,Phoenix,1773444600,2026-03-13T23:30:00+00:00,kalshi_milestone_start_date,2026-03-26T07:29:15.083625Z,7fa6b871-2e11-4600-ae1b-9eb4215c3987,1,1773455158,,True,1040,2026-03-13,train,1h,1773441000,included,1773441000,0,0.645,0.64,0.65,0.010000000000000009,0.64,41760.0,57
KXNBAGAME-26MAR13PHXTOR,KXNBAGAME-26MAR13PHXTOR-TOR,NBA,winner,Toronto,Phoenix,1773444600,2026-03-13T23:30:00+00:00,kalshi_milestone_start_date,2026-03-26T07:29:15.083625Z,7fa6b871-2e11-4600-ae1b-9eb4215c3987,1,1773455158,,True,1040,2026-03-13,train,5m,1773444300,included,1773444300,0,0.645,0.64,0.65,0.010000000000000009,0.64,63767.0,60
KXNBAGAME-26MAR13NOPHOU,KXNBAGAME-26MAR13NOPHOU-HOU,NBA,winner,Houston,New Orleans,1773446400,2026-03-14T00:00:00+00:00,kalshi_milestone_start_date,2026-03-26T07:29:19.371834Z,6f4f3ee9-dbe0-453c-a131-6571b74c8a9c,1,1773456218,,True,1079,2026-03-14,train,24h,1773360000,included,1773359880,120,0.725,0.71,0.74,0.030000000000000027,0.74,457.0,6
KXNBAGAME-26MAR13NOPHOU,KXNBAGAME-26MAR13NOPHOU-HOU,NBA,winner,Houston,New Orleans,1773446400,2026-03-14T00:00:00+00:00,kalshi_milestone_start_date,2026-03-26T07:29:19.371834Z,6f4f3ee9-dbe0-453c-a131-6571b74c8a9c,1,1773456218,,True,1079,2026-03-14,train,6h,1773424800,included,1773424800,0,0.715,0.71,0.72,0.010000000000000009,0.72,16548.0,42
KXNBAGAME-26MAR13NOPHOU,KXNBAGAME-26MAR13NOPHOU-HOU,NBA,winner,Houston,New Orleans,1773446400,2026-03-14T00:00:00+00:00,kalshi_milestone_start_date,2026-03-26T07:29:19.371834Z,6f4f3ee9-dbe0-453c-a131-6571b74c8a9c,1,1773456218,,True,1079,2026-03-14,train,1h,1773442800,included,1773442800,0,0.685,0.68,0.69,0.009999999999999898,0.69,32406.0,57
KXNBAGAME-26MAR13NOPHOU,KXNBAGAME-26MAR13NOPHOU-HOU,NBA,winner,Houston,New Orleans,1773446400,2026-03-14T00:00:00+00:00,kalshi_milestone_start_date,2026-03-26T07:29:19.371834Z,6f4f3ee9-dbe0-453c-a131-6571b74c8a9c,1,1773456218,,True,1079,2026-03-14,train,5m,1773446100,included,1773446100,0,0.685,0.68,0.69,0.009999999999999898,0.69,107428.0,60
KXNBAGAME-26MAR13MINGSW,KXNBAGAME-26MAR13MINGSW-GSW,NBA,winner,Golden State,Minnesota,1773453600,2026-03-14T02:00:00+00:00,kalshi_milestone_start_date,2026-03-26T07:29:11.265759Z,9c4b4a6f-78a6-4dc1-b6ea-9a37ee4f2abb,0,1773464158,,True,1074,2026-03-14,train,24h,1773367200,included,1773367200,0,0.32,0.31,0.33,0.020000000000000018,0.33,927.0,23
KXNBAGAME-26MAR13MINGSW,KXNBAGAME-26MAR13MINGSW-GSW,NBA,winner,Golden State,Minnesota,1773453600,2026-03-14T02:00:00+00:00,kalshi_milestone_start_date,2026-03-26T07:29:11.265759Z,9c4b4a6f-78a6-4dc1-b6ea-9a37ee4f2abb,0,1773464158,,True,1074,2026-03-14,train,6h,1773432000,included,1773432000,0,0.35,0.34,0.36,0.019999999999999962,0.35,61038.0,40
KXNBAGAME-26MAR13MINGSW,KXNBAGAME-26MAR13MINGSW-GSW,NBA,winner,Golden State,Minnesota,1773453600,2026-03-14T02:00:00+00:00,kalshi_milestone_start_date,2026-03-26T07:29:11.265759Z,9c4b4a6f-78a6-4dc1-b6ea-9a37ee4f2abb,0,1773464158,,True,1074,2026-03-14,train,1h,1773450000,included,1773450000,0,0.325,0.32,0.33,0.010000000000000009,0.33,14085.0,60
KXNBAGAME-26MAR13MINGSW,KXNBAGAME-26MAR13MINGSW-GSW,NBA,winner,Golden State,Minnesota,1773453600,2026-03-14T02:00:00+00:00,kalshi_milestone_start_date,2026-03-26T07:29:11.265759Z,9c4b4a6f-78a6-4dc1-b6ea-9a37ee4f2abb,0,1773464158,,True,1074,2026-03-14,train,5m,1773453300,included,1773453300,0,0.355,0.35,0.36,0.010000000000000009,0.36,112675.0,58
KXNBAGAME-26MAR13UTAPOR,KXNBAGAME-26MAR13UTAPOR-POR,NBA,winner,Portland,Utah,1773453600,2026-03-14T02:00:00+00:00,kalshi_milestone_start_date,2026-03-26T07:29:24.418514Z,43e1ce6d-fc24-49b0-9e03-3686ace2340c,1,1773463429,,True,806,2026-03-14,train,24h,1773367200,included,1773367140,60,0.865,0.86,0.87,0.010000000000000009,,8.0,1
KXNBAGAME-26MAR13UTAPOR,KXNBAGAME-26MAR13UTAPOR-POR,NBA,winner,Portland,Utah,1773453600,2026-03-14T02:00:00+00:00,kalshi_milestone_start_date,2026-03-26T07:29:24.418514Z,43e1ce6d-fc24-49b0-9e03-3686ace2340c,1,1773463429,,True,806,2026-03-14,train,6h,1773432000,included,1773431880,120,0.905,0.9,0.91,0.010000000000000009,,3972.0,14
KXNBAGAME-26MAR13UTAPOR,KXNBAGAME-26MAR13UTAPOR-POR,NBA,winner,Portland,Utah,1773453600,2026-03-14T02:00:00+00:00,kalshi_milestone_start_date,2026-03-26T07:29:24.418514Z,43e1ce6d-fc24-49b0-9e03-3686ace2340c,1,1773463429,,True,806,2026-03-14,train,1h,1773450000,included,1773450000,0,0.905,0.9,0.91,0.010000000000000009,0.91,1230.0,29
KXNBAGAME-26MAR13UTAPOR,KXNBAGAME-26MAR13UTAPOR-POR,NBA,winner,Portland,Utah,1773453600,2026-03-14T02:00:00+00:00,kalshi_milestone_start_date,2026-03-26T07:29:24.418514Z,43e1ce6d-fc24-49b0-9e03-3686ace2340c,1,1773463429,,True,806,2026-03-14,train,5m,1773453300,included,1773453300,0,0.895,0.89,0.9,0.010000000000000009,0.9,56040.0,40
KXNBAGAME-26MAR13CHILAC,KXNBAGAME-26MAR13CHILAC-LAC,NBA,winner,Los Angeles C,Chicago,1773455400,2026-03-14T02:30:00+00:00,kalshi_milestone_start_date,2026-03-26T07:29:24.362257Z,d50a169b-6063-41e7-bd95-b2440f2e6c40,1,1773464798,,True,804,2026-03-14,train,24h,1773369000,included,1773369000,0,0.83,0.82,0.84,0.020000000000000018,,19.0,3
KXNBAGAME-26MAR13CHILAC,KXNBAGAME-26MAR13CHILAC-LAC,NBA,winner,Los Angeles C,Chicago,1773455400,2026-03-14T02:30:00+00:00,kalshi_milestone_start_date,2026-03-26T07:29:24.362257Z,d50a169b-6063-41e7-bd95-b2440f2e6c40,1,1773464798,,True,804,2026-03-14,train,6h,1773433800,included,1773433740,60,0.865,0.86,0.87,0.010000000000000009,0.87,804.0,19
KXNBAGAME-26MAR13CHILAC,KXNBAGAME-26MAR13CHILAC-LAC,NBA,winner,Los Angeles C,Chicago,1773455400,2026-03-14T02:30:00+00:00,kalshi_milestone_start_date,2026-03-26T07:29:24.362257Z,d50a169b-6063-41e7-bd95-b2440f2e6c40,1,1773464798,,True,804,2026-03-14,train,1h,1773451800,included,1773451800,0,0.865,0.86,0.87,0.010000000000000009,0.87,18759.0,40
KXNBAGAME-26MAR13CHILAC,KXNBAGAME-26MAR13CHILAC-LAC,NBA,winner,Los Angeles C,Chicago,1773455400,2026-03-14T02:30:00+00:00,kalshi_milestone_start_date,2026-03-26T07:29:24.362257Z,d50a169b-6063-41e7-bd95-b2440f2e6c40,1,1773464798,,True,804,2026-03-14,train,5m,1773455100,included,1773455100,0,0.865,0.86,0.87,0.010000000000000009,0.87,92294.0,51
KXNBAGAME-26MAR14BKNPHI,KXNBAGAME-26MAR14BKNPHI-PHI,NBA,winner,Philadelphia,Brooklyn,1773507600,2026-03-14T17:00:00+00:00,kalshi_milestone_start_date,2026-03-26T07:29:33.186794Z,f2a606a0-8109-4e45-b5d3-25df0edf52d9,1,1773517379,,True,948,2026-03-14,train,24h,1773421200,included,1773421140,60,0.755,0.75,0.76,0.010000000000000009,,689.0,4
KXNBAGAME-26MAR14BKNPHI,KXNBAGAME-26MAR14BKNPHI-PHI,NBA,winner,Philadelphia,Brooklyn,1773507600,2026-03-14T17:00:00+00:00,kalshi_milestone_start_date,2026-03-26T07:29:33.186794Z,f2a606a0-8109-4e45-b5d3-25df0edf52d9,1,1773517379,,True,948,2026-03-14,train,6h,1773486000,included,1773486000,0,0.775,0.77,0.78,0.010000000000000009,,1971.0,23
KXNBAGAME-26MAR14BKNPHI,KXNBAGAME-26MAR14BKNPHI-PHI,NBA,winner,Philadelphia,Brooklyn,1773507600,2026-03-14T17:00:00+00:00,kalshi_milestone_start_date,2026-03-26T07:29:33.186794Z,f2a606a0-8109-4e45-b5d3-25df0edf52d9,1,1773517379,,True,948,2026-03-14,train,1h,1773504000,included,1773504000,0,0.765,0.76,0.77,0.010000000000000009,0.77,16699.0,57
KXNBAGAME-26MAR14BKNPHI,KXNBAGAME-26MAR14BKNPHI-PHI,NBA,winner,Philadelphia,Brooklyn,1773507600,2026-03-14T17:00:00+00:00,kalshi_milestone_start_date,2026-03-26T07:29:33.186794Z,f2a606a0-8109-4e45-b5d3-25df0edf52d9,1,1773517379,,True,948,2026-03-14,train,5m,1773507300,included,1773507300,0,0.775,0.77,0.78,0.010000000000000009,0.78,80209.0,60
KXNBAGAME-26MAR14MILATL,KXNBAGAME-26MAR14MILATL-ATL,NBA,winner,Atlanta,Milwaukee,1773514800,2026-03-14T19:00:00+00:00,kalshi_milestone_start_date,2026-03-26T07:29:32.510908Z,6c4c257a-e9e1-4ff5-a515-2914ef85759e,1,1773523988,,True,844,2026-03-14,train,6h,1773493200,included,1773493200,0,0.755,0.75,0.76,0.010000000000000009,,2825.0,28
KXNBAGAME-26MAR14MILATL,KXNBAGAME-26MAR14MILATL-ATL,NBA,winner,Atlanta,Milwaukee,1773514800,2026-03-14T19:00:00+00:00,kalshi_milestone_start_date,2026-03-26T07:29:32.510908Z,6c4c257a-e9e1-4ff5-a515-2914ef85759e,1,1773523988,,True,844,2026-03-14,train,1h,1773511200,included,1773511200,0,0.805,0.8,0.81,0.010000000000000009,0.81,150148.0,49
KXNBAGAME-26MAR14MILATL,KXNBAGAME-26MAR14MILATL-ATL,NBA,winner,Atlanta,Milwaukee,1773514800,2026-03-14T19:00:00+00:00,kalshi_milestone_start_date,2026-03-26T07:29:32.510908Z,6c4c257a-e9e1-4ff5-a515-2914ef85759e,1,1773523988,,True,844,2026-03-14,train,5m,1773514500,included,1773514500,0,0.815,0.81,0.82,0.009999999999999898,0.82,120529.0,59
KXNBAGAME-26MAR14CHASAS,KXNBAGAME-26MAR14CHASAS-SAS,NBA,winner,San Antonio,Charlotte,1773516600,2026-03-14T19:30:00+00:00,kalshi_milestone_start_date,2026-03-26T07:29:56.886Z,daa4589c-7a6b-4961-836d-b83f9b5d9480,1,1773526779,,True,1140,2026-03-14,train,24h,1773430200,included,1773430140,60,0.69,0.68,0.7,0.019999999999999907,0.7,456.0,11
KXNBAGAME-26MAR14CHASAS,KXNBAGAME-26MAR14CHASAS-SAS,NBA,winner,San Antonio,Charlotte,1773516600,2026-03-14T19:30:00+00:00,kalshi_milestone_start_date,2026-03-26T07:29:56.886Z,daa4589c-7a6b-4961-836d-b83f9b5d9480,1,1773526779,,True,1140,2026-03-14,train,6h,1773495000,included,1773495000,0,0.665,0.66,0.67,0.010000000000000009,0.67,20297.0,56
KXNBAGAME-26MAR14CHASAS,KXNBAGAME-26MAR14CHASAS-SAS,NBA,winner,San Antonio,Charlotte,1773516600,2026-03-14T19:30:00+00:00,kalshi_milestone_start_date,2026-03-26T07:29:56.886Z,daa4589c-7a6b-4961-836d-b83f9b5d9480,1,1773526779,,True,1140,2026-03-14,train,1h,1773513000,included,1773513000,0,0.675,0.67,0.68,0.010000000000000009,0.69,168925.0,59
KXNBAGAME-26MAR14CHASAS,KXNBAGAME-26MAR14CHASAS-SAS,NBA,winner,San Antonio,Charlotte,1773516600,2026-03-14T19:30:00+00:00,kalshi_milestone_start_date,2026-03-26T07:29:56.886Z,daa4589c-7a6b-4961-836d-b83f9b5d9480,1,1773526779,,True,1140,2026-03-14,train,5m,1773516300,included,1773516300,0,0.695,0.69,0.7,0.010000000000000009,0.7,317686.0,60
KXNBAGAME-26MAR14WASBOS,KXNBAGAME-26MAR14WASBOS-BOS,NBA,winner,Boston,Washington,1773525600,2026-03-14T22:00:00+00:00,kalshi_milestone_start_date,2026-03-26T07:30:11.380097Z,9e11199a-b68d-474e-9508-9d37ecfa0cd0,1,1773534219,,True,897,2026-03-14,train,6h,1773504000,included,1773504000,0,0.95,0.94,0.96,0.020000000000000018,0.96,15923.0,31
KXNBAGAME-26MAR14WASBOS,KXNBAGAME-26MAR14WASBOS-BOS,NBA,winner,Boston,Washington,1773525600,2026-03-14T22:00:00+00:00,kalshi_milestone_start_date,2026-03-26T07:30:11.380097Z,9e11199a-b68d-474e-9508-9d37ecfa0cd0,1,1773534219,,True,897,2026-03-14,train,1h,1773522000,included,1773522000,0,0.955,0.95,0.96,0.010000000000000009,0.96,7984.0,44
KXNBAGAME-26MAR14WASBOS,KXNBAGAME-26MAR14WASBOS-BOS,NBA,winner,Boston,Washington,1773525600,2026-03-14T22:00:00+00:00,kalshi_milestone_start_date,2026-03-26T07:30:11.380097Z,9e11199a-b68d-474e-9508-9d37ecfa0cd0,1,1773534219,,True,897,2026-03-14,train,5m,1773525300,included,1773525300,0,0.955,0.95,0.96,0.010000000000000009,0.96,74554.0,50
KXNBAGAME-26MAR14ORLMIA,KXNBAGAME-26MAR14ORLMIA-MIA,NBA,winner,Miami,Orlando,1773532800,2026-03-15T00:00:00+00:00,kalshi_milestone_start_date,2026-03-26T07:30:13.62192Z,40e1c1f4-24ae-4762-a09b-479c4b80efd1,0,1773542979,,True,1015,2026-03-15,train,24h,1773446400,included,1773446280,120,0.575,0.56,0.59,0.029999999999999916,,159.0,9
KXNBAGAME-26MAR14ORLMIA,KXNBAGAME-26MAR14ORLMIA-MIA,NBA,winner,Miami,Orlando,1773532800,2026-03-15T00:00:00+00:00,kalshi_milestone_start_date,2026-03-26T07:30:13.62192Z,40e1c1f4-24ae-4762-a09b-479c4b80efd1,0,1773542979,,True,1015,2026-03-15,train,6h,1773511200,included,1773511200,0,0.625,0.62,0.63,0.010000000000000009,0.63,9401.0,45
KXNBAGAME-26MAR14ORLMIA,KXNBAGAME-26MAR14ORLMIA-MIA,NBA,winner,Miami,Orlando,1773532800,2026-03-15T00:00:00+00:00,kalshi_milestone_start_date,2026-03-26T07:30:13.62192Z,40e1c1f4-24ae-4762-a09b-479c4b80efd1,0,1773542979,,True,1015,2026-03-15,train,1h,1773529200,included,1773529200,0,0.625,0.62,0.63,0.010000000000000009,0.63,82242.0,59
KXNBAGAME-26MAR14ORLMIA,KXNBAGAME-26MAR14ORLMIA-MIA,NBA,winner,Miami,Orlando,1773532800,2026-03-15T00:00:00+00:00,kalshi_milestone_start_date,2026-03-26T07:30:13.62192Z,40e1c1f4-24ae-4762-a09b-479c4b80efd1,0,1773542979,,True,1015,2026-03-15,train,5m,1773532500,included,1773532500,0,0.625,0.62,0.63,0.010000000000000009,0.63,78860.0,60
KXNBAGAME-26MAR14DENLAL,KXNBAGAME-26MAR14DENLAL-LAL,NBA,winner,Los Angeles L,Denver,1773534600,2026-03-15T00:30:00+00:00,kalshi_milestone_start_date,2026-03-26T07:30:13.600619Z,0da168d6-9026-46bb-b2e4-14d7511b958f,1,1773545660,,True,1274,2026-03-15,train,24h,1773448200,included,1773448200,0,0.44,0.43,0.45,0.020000000000000018,0.45,4313.0,34
KXNBAGAME-26MAR14DENLAL,KXNBAGAME-26MAR14DENLAL-LAL,NBA,winner,Los Angeles L,Denver,1773534600,2026-03-15T00:30:00+00:00,kalshi_milestone_start_date,2026-03-26T07:30:13.600619Z,0da168d6-9026-46bb-b2e4-14d7511b958f,1,1773545660,,True,1274,2026-03-15,train,6h,1773513000,included,1773513000,0,0.425,0.42,0.43,0.010000000000000009,0.43,39741.0,53
KXNBAGAME-26MAR14DENLAL,KXNBAGAME-26MAR14DENLAL-LAL,NBA,winner,Los Angeles L,Denver,1773534600,2026-03-15T00:30:00+00:00,kalshi_milestone_start_date,2026-03-26T07:30:13.600619Z,0da168d6-9026-46bb-b2e4-14d7511b958f,1,1773545660,,True,1274,2026-03-15,train,1h,1773531000,included,1773531000,0,0.455,0.45,0.46,0.010000000000000009,0.46,111774.0,60
KXNBAGAME-26MAR14DENLAL,KXNBAGAME-26MAR14DENLAL-LAL,NBA,winner,Los Angeles L,Denver,1773534600,2026-03-15T00:30:00+00:00,kalshi_milestone_start_date,2026-03-26T07:30:13.600619Z,0da168d6-9026-46bb-b2e4-14d7511b958f,1,1773545660,,True,1274,2026-03-15,train,5m,1773534300,included,1773534300,0,0.46499999999999997,0.46,0.47,0.009999999999999953,0.47,239426.0,60
KXNBAGAME-26MAR14SACLAC,KXNBAGAME-26MAR14SACLAC-LAC,NBA,winner,Los Angeles C,Sacramento,1773541800,2026-03-15T02:30:00+00:00,kalshi_milestone_start_date,2026-03-26T07:30:13.572164Z,513a7260-90cf-4762-8308-db1cc1665264,0,1773551730,,True,943,2026-03-15,train,24h,1773455400,included,1773455400,0,0.865,0.86,0.87,0.010000000000000009,,1178.0,14
KXNBAGAME-26MAR14SACLAC,KXNBAGAME-26MAR14SACLAC-LAC,NBA,winner,Los Angeles C,Sacramento,1773541800,2026-03-15T02:30:00+00:00,kalshi_milestone_start_date,2026-03-26T07:30:13.572164Z,513a7260-90cf-4762-8308-db1cc1665264,0,1773551730,,True,943,2026-03-15,train,6h,1773520200,included,1773520200,0,0.875,0.87,0.88,0.010000000000000009,,11495.0,33
KXNBAGAME-26MAR14SACLAC,KXNBAGAME-26MAR14SACLAC-LAC,NBA,winner,Los Angeles C,Sacramento,1773541800,2026-03-15T02:30:00+00:00,kalshi_milestone_start_date,2026-03-26T07:30:13.572164Z,513a7260-90cf-4762-8308-db1cc1665264,0,1773551730,,True,943,2026-03-15,train,1h,1773538200,included,1773538200,0,0.885,0.88,0.89,0.010000000000000009,0.89,52545.0,55
KXNBAGAME-26MAR14SACLAC,KXNBAGAME-26MAR14SACLAC-LAC,NBA,winner,Los Angeles C,Sacramento,1773541800,2026-03-15T02:30:00+00:00,kalshi_milestone_start_date,2026-03-26T07:30:13.572164Z,513a7260-90cf-4762-8308-db1cc1665264,0,1773551730,,True,943,2026-03-15,train,5m,1773541500,included,1773541500,0,0.885,0.88,0.89,0.010000000000000009,0.89,175830.0,58
KXNBAGAME-26MAR15MINOKC,KXNBAGAME-26MAR15MINOKC-OKC,NBA,winner,Oklahoma City,Minnesota,1773594000,2026-03-15T17:00:00+00:00,kalshi_milestone_start_date,2026-03-26T07:29:23.636816Z,0744ca06-9bec-45ff-8a34-1292632e51b3,1,1773604429,,True,1141,2026-03-15,train,6h,1773572400,included,1773572400,0,0.775,0.77,0.78,0.010000000000000009,0.78,2781.0,29
KXNBAGAME-26MAR15MINOKC,KXNBAGAME-26MAR15MINOKC-OKC,NBA,winner,Oklahoma City,Minnesota,1773594000,2026-03-15T17:00:00+00:00,kalshi_milestone_start_date,2026-03-26T07:29:23.636816Z,0744ca06-9bec-45ff-8a34-1292632e51b3,1,1773604429,,True,1141,2026-03-15,train,1h,1773590400,included,1773590400,0,0.735,0.73,0.74,0.010000000000000009,0.74,69365.0,60
KXNBAGAME-26MAR15MINOKC,KXNBAGAME-26MAR15MINOKC-OKC,NBA,winner,Oklahoma City,Minnesota,1773594000,2026-03-15T17:00:00+00:00,kalshi_milestone_start_date,2026-03-26T07:29:23.636816Z,0744ca06-9bec-45ff-8a34-1292632e51b3,1,1773604429,,True,1141,2026-03-15,train,5m,1773593700,included,1773593700,0,0.775,0.77,0.78,0.010000000000000009,0.78,245622.0,60
KXNBAGAME-26MAR15DALCLE,KXNBAGAME-26MAR15DALCLE-CLE,NBA,winner,Cleveland,Dallas,1773603000,2026-03-15T19:30:00+00:00,kalshi_milestone_start_date,2026-03-26T07:29:28.94114Z,22230e87-4f31-4ebf-9577-9b72c73fda05,0,1773611989,,True,1072,2026-03-15,train,6h,1773581400,included,1773581400,0,0.905,0.9,0.91,0.010000000000000009,,7676.0,33
KXNBAGAME-26MAR15DALCLE,KXNBAGAME-26MAR15DALCLE-CLE,NBA,winner,Cleveland,Dallas,1773603000,2026-03-15T19:30:00+00:00,kalshi_milestone_start_date,2026-03-26T07:29:28.94114Z,22230e87-4f31-4ebf-9577-9b72c73fda05,0,1773611989,,True,1072,2026-03-15,train,1h,1773599400,included,1773599400,0,0.895,0.89,0.9,0.010000000000000009,0.9,35114.0,50
KXNBAGAME-26MAR15DALCLE,KXNBAGAME-26MAR15DALCLE-CLE,NBA,winner,Cleveland,Dallas,1773603000,2026-03-15T19:30:00+00:00,kalshi_milestone_start_date,2026-03-26T07:29:28.94114Z,22230e87-4f31-4ebf-9577-9b72c73fda05,0,1773611989,,True,1072,2026-03-15,train,5m,1773602700,included,1773602700,0,0.895,0.89,0.9,0.010000000000000009,0.9,328624.0,57
KXNBAGAME-26MAR15DETTOR,KXNBAGAME-26MAR15DETTOR-TOR,NBA,winner,Toronto,Detroit,1773603000,2026-03-15T19:30:00+00:00,kalshi_milestone_start_date,2026-03-26T07:29:28.195463Z,ad09d2c5-224f-454f-9092-46aaf3b72bfe,1,1773612729,,True,841,2026-03-15,train,6h,1773581400,included,1773581400,0,0.39,0.38,0.4,0.020000000000000018,0.4,2284.0,22
KXNBAGAME-26MAR15DETTOR,KXNBAGAME-26MAR15DETTOR-TOR,NBA,winner,Toronto,Detroit,1773603000,2026-03-15T19:30:00+00:00,kalshi_milestone_start_date,2026-03-26T07:29:28.195463Z,ad09d2c5-224f-454f-9092-46aaf3b72bfe,1,1773612729,,True,841,2026-03-15,train,1h,1773599400,included,1773599400,0,0.395,0.39,0.4,0.010000000000000009,0.4,6364.0,42
KXNBAGAME-26MAR15DETTOR,KXNBAGAME-26MAR15DETTOR-TOR,NBA,winner,Toronto,Detroit,1773603000,2026-03-15T19:30:00+00:00,kalshi_milestone_start_date,2026-03-26T07:29:28.195463Z,ad09d2c5-224f-454f-9092-46aaf3b72bfe,1,1773612729,,True,841,2026-03-15,train,5m,1773602700,included,1773602700,0,0.415,0.41,0.42,0.010000000000000009,0.42,112831.0,57
KXNBAGAME-26MAR15INDMIL,KXNBAGAME-26MAR15INDMIL-MIL,NBA,winner,Milwaukee,Indiana,1773603000,2026-03-15T19:30:00+00:00,kalshi_milestone_start_date,2026-03-26T07:29:27.204607Z,b15d8468-0640-4859-a096-5c32ed0a3562,1,1773612349,,True,830,2026-03-15,train,24h,1773516600,included,1773516600,0,0.705,0.7,0.71,0.010000000000000009,,157.0,6
KXNBAGAME-26MAR15INDMIL,KXNBAGAME-26MAR15INDMIL-MIL,NBA,winner,Milwaukee,Indiana,1773603000,2026-03-15T19:30:00+00:00,kalshi_milestone_start_date,2026-03-26T07:29:27.204607Z,b15d8468-0640-4859-a096-5c32ed0a3562,1,1773612349,,True,830,2026-03-15,train,6h,1773581400,included,1773581400,0,0.735,0.73,0.74,0.010000000000000009,,1140.0,25
KXNBAGAME-26MAR15INDMIL,KXNBAGAME-26MAR15INDMIL-MIL,NBA,winner,Milwaukee,Indiana,1773603000,2026-03-15T19:30:00+00:00,kalshi_milestone_start_date,2026-03-26T07:29:27.204607Z,b15d8468-0640-4859-a096-5c32ed0a3562,1,1773612349,,True,830,2026-03-15,train,1h,1773599400,included,1773599400,0,0.755,0.75,0.76,0.010000000000000009,0.76,104006.0,51
KXNBAGAME-26MAR15INDMIL,KXNBAGAME-26MAR15INDMIL-MIL,NBA,winner,Milwaukee,Indiana,1773603000,2026-03-15T19:30:00+00:00,kalshi_milestone_start_date,2026-03-26T07:29:27.204607Z,b15d8468-0640-4859-a096-5c32ed0a3562,1,1773612349,,True,830,2026-03-15,train,5m,1773602700,included,1773602700,0,0.735,0.73,0.74,0.010000000000000009,0.74,53022.0,55
KXNBAGAME-26MAR15PORPHI,KXNBAGAME-26MAR15PORPHI-PHI,NBA,winner,Philadelphia,Portland,1773612000,2026-03-15T22:00:00+00:00,kalshi_milestone_start_date,2026-03-26T07:29:18.572718Z,89ba2f30-48b3-47f7-bac4-429f708e84ec,1,1773620860,,True,1176,2026-03-15,train,6h,1773590400,included,1773590400,0,0.255,0.25,0.26,0.010000000000000009,0.26,24264.0,45
KXNBAGAME-26MAR15PORPHI,KXNBAGAME-26MAR15PORPHI-PHI,NBA,winner,Philadelphia,Portland,1773612000,2026-03-15T22:00:00+00:00,kalshi_milestone_start_date,2026-03-26T07:29:18.572718Z,89ba2f30-48b3-47f7-bac4-429f708e84ec,1,1773620860,,True,1176,2026-03-15,train,1h,1773608400,included,1773608400,0,0.25,0.24,0.26,0.020000000000000018,0.26,16798.0,59
KXNBAGAME-26MAR15PORPHI,KXNBAGAME-26MAR15PORPHI-PHI,NBA,winner,Philadelphia,Portland,1773612000,2026-03-15T22:00:00+00:00,kalshi_milestone_start_date,2026-03-26T07:29:18.572718Z,89ba2f30-48b3-47f7-bac4-429f708e84ec,1,1773620860,,True,1176,2026-03-15,train,5m,1773611700,included,1773611700,0,0.255,0.25,0.26,0.010000000000000009,0.25,232340.0,60
KXNBAGAME-26MAR15GSWNYK,KXNBAGAME-26MAR15GSWNYK-NYK,NBA,winner,New York,Golden State,1773619200,2026-03-16T00:00:00+00:00,kalshi_milestone_start_date,2026-03-26T07:29:20.321899Z,06eac432-46a8-421e-bb11-9b490b1d9ee3,1,1773629623,,True,1220,2026-03-16,train,24h,1773532800,included,1773532740,60,0.86,0.85,0.87,0.020000000000000018,,2293.0,17
KXNBAGAME-26MAR15GSWNYK,KXNBAGAME-26MAR15GSWNYK-NYK,NBA,winner,New York,Golden State,1773619200,2026-03-16T00:00:00+00:00,kalshi_milestone_start_date,2026-03-26T07:29:20.321899Z,06eac432-46a8-421e-bb11-9b490b1d9ee3,1,1773629623,,True,1220,2026-03-16,train,6h,1773597600,included,1773597600,0,0.885,0.88,0.89,0.010000000000000009,,6040.0,51
KXNBAGAME-26MAR15GSWNYK,KXNBAGAME-26MAR15GSWNYK-NYK,NBA,winner,New York,Golden State,1773619200,2026-03-16T00:00:00+00:00,kalshi_milestone_start_date,2026-03-26T07:29:20.321899Z,06eac432-46a8-421e-bb11-9b490b1d9ee3,1,1773629623,,True,1220,2026-03-16,train,1h,1773615600,included,1773615600,0,0.885,0.88,0.89,0.010000000000000009,0.89,262855.0,60
KXNBAGAME-26MAR15GSWNYK,KXNBAGAME-26MAR15GSWNYK-NYK,NBA,winner,New York,Golden State,1773619200,2026-03-16T00:00:00+00:00,kalshi_milestone_start_date,2026-03-26T07:29:20.321899Z,06eac432-46a8-421e-bb11-9b490b1d9ee3,1,1773629623,,True,1220,2026-03-16,train,5m,1773618900,included,1773618900,0,0.875,0.87,0.88,0.010000000000000009,0.88,180475.0,60
KXNBAGAME-26MAR15UTASAC,KXNBAGAME-26MAR15UTASAC-SAC,NBA,winner,Sacramento,Utah,1773626400,2026-03-16T02:00:00+00:00,kalshi_milestone_start_date,2026-03-26T07:29:22.060579Z,6a180d74-2efd-416a-be39-37347224b5ba,1,1773635740,,True,1100,2026-03-16,train,24h,1773540000,included,1773540000,0,0.535,0.53,0.54,0.010000000000000009,0.53,449.0,12
KXNBAGAME-26MAR15UTASAC,KXNBAGAME-26MAR15UTASAC-SAC,NBA,winner,Sacramento,Utah,1773626400,2026-03-16T02:00:00+00:00,kalshi_milestone_start_date,2026-03-26T07:29:22.060579Z,6a180d74-2efd-416a-be39-37347224b5ba,1,1773635740,,True,1100,2026-03-16,train,6h,1773604800,included,1773604800,0,0.595,0.59,0.6,0.010000000000000009,0.6,8157.0,55
KXNBAGAME-26MAR15UTASAC,KXNBAGAME-26MAR15UTASAC-SAC,NBA,winner,Sacramento,Utah,1773626400,2026-03-16T02:00:00+00:00,kalshi_milestone_start_date,2026-03-26T07:29:22.060579Z,6a180d74-2efd-416a-be39-37347224b5ba,1,1773635740,,True,1100,2026-03-16,train,1h,1773622800,included,1773622800,0,0.59,0.58,0.6,0.020000000000000018,0.6,123428.0,60
KXNBAGAME-26MAR15UTASAC,KXNBAGAME-26MAR15UTASAC-SAC,NBA,winner,Sacramento,Utah,1773626400,2026-03-16T02:00:00+00:00,kalshi_milestone_start_date,2026-03-26T07:29:22.060579Z,6a180d74-2efd-416a-be39-37347224b5ba,1,1773635740,,True,1100,2026-03-16,train,5m,1773626100,included,1773626100,0,0.595,0.59,0.6,0.010000000000000009,0.6,101678.0,60
KXNBAGAME-26MAR16GSWWAS,KXNBAGAME-26MAR16GSWWAS-WAS,NBA,winner,Washington,Golden State,1773702000,2026-03-16T23:00:00+00:00,kalshi_milestone_start_date,2026-03-26T07:29:27.259273Z,c6b92a2c-1e54-49c6-84b7-c1946625402d,0,1773711949,,True,1232,2026-03-16,train,24h,1773615600,included,1773615600,0,0.295,0.29,0.3,0.010000000000000009,0.3,324.0,12
KXNBAGAME-26MAR16GSWWAS,KXNBAGAME-26MAR16GSWWAS-WAS,NBA,winner,Washington,Golden State,1773702000,2026-03-16T23:00:00+00:00,kalshi_milestone_start_date,2026-03-26T07:29:27.259273Z,c6b92a2c-1e54-49c6-84b7-c1946625402d,0,1773711949,,True,1232,2026-03-16,train,6h,1773680400,included,1773680400,0,0.275,0.27,0.28,0.010000000000000009,0.28,4680.0,44
KXNBAGAME-26MAR16GSWWAS,KXNBAGAME-26MAR16GSWWAS-WAS,NBA,winner,Washington,Golden State,1773702000,2026-03-16T23:00:00+00:00,kalshi_milestone_start_date,2026-03-26T07:29:27.259273Z,c6b92a2c-1e54-49c6-84b7-c1946625402d,0,1773711949,,True,1232,2026-03-16,train,1h,1773698400,included,1773698400,0,0.255,0.25,0.26,0.010000000000000009,0.26,38046.0,60
KXNBAGAME-26MAR16GSWWAS,KXNBAGAME-26MAR16GSWWAS-WAS,NBA,winner,Washington,Golden State,1773702000,2026-03-16T23:00:00+00:00,kalshi_milestone_start_date,2026-03-26T07:29:27.259273Z,c6b92a2c-1e54-49c6-84b7-c1946625402d,0,1773711949,,True,1232,2026-03-16,train,5m,1773701700,included,1773701700,0,0.265,0.26,0.27,0.010000000000000009,0.27,62524.0,60
KXNBAGAME-26MAR16ORLATL,KXNBAGAME-26MAR16ORLATL-ATL,NBA,winner,Atlanta,Orlando,1773702000,2026-03-16T23:00:00+00:00,kalshi_milestone_start_date,2026-03-26T07:29:22.594226Z,8cc25119-6407-4531-944e-4023d2f49d9e,1,1773712799,,True,1259,2026-03-16,train,24h,1773615600,included,1773615600,0,0.55,0.54,0.56,0.020000000000000018,0.56,21895.0,33
KXNBAGAME-26MAR16ORLATL,KXNBAGAME-26MAR16ORLATL-ATL,NBA,winner,Atlanta,Orlando,1773702000,2026-03-16T23:00:00+00:00,kalshi_milestone_start_date,2026-03-26T07:29:22.594226Z,8cc25119-6407-4531-944e-4023d2f49d9e,1,1773712799,,True,1259,2026-03-16,train,6h,1773680400,included,1773680400,0,0.585,0.58,0.59,0.010000000000000009,0.58,127557.0,54
KXNBAGAME-26MAR16ORLATL,KXNBAGAME-26MAR16ORLATL-ATL,NBA,winner,Atlanta,Orlando,1773702000,2026-03-16T23:00:00+00:00,kalshi_milestone_start_date,2026-03-26T07:29:22.594226Z,8cc25119-6407-4531-944e-4023d2f49d9e,1,1773712799,,True,1259,2026-03-16,train,1h,1773698400,included,1773698400,0,0.595,0.59,0.6,0.010000000000000009,0.6,108682.0,60
KXNBAGAME-26MAR16ORLATL,KXNBAGAME-26MAR16ORLATL-ATL,NBA,winner,Atlanta,Orlando,1773702000,2026-03-16T23:00:00+00:00,kalshi_milestone_start_date,2026-03-26T07:29:22.594226Z,8cc25119-6407-4531-944e-4023d2f49d9e,1,1773712799,,True,1259,2026-03-16,train,5m,1773701700,included,1773701700,0,0.595,0.59,0.6,0.010000000000000009,0.6,202857.0,60
KXNBAGAME-26MAR16PHXBOS,KXNBAGAME-26MAR16PHXBOS-BOS,NBA,winner,Boston,Phoenix,1773703800,2026-03-16T23:30:00+00:00,kalshi_milestone_start_date,2026-03-26T07:29:18.728464Z,9a7ac580-077f-4efc-b638-55d30b068870,1,1773713989,,True,1103,2026-03-16,train,6h,1773682200,included,1773682200,0,0.775,0.77,0.78,0.010000000000000009,0.78,6957.0,48
KXNBAGAME-26MAR16PHXBOS,KXNBAGAME-26MAR16PHXBOS-BOS,NBA,winner,Boston,Phoenix,1773703800,2026-03-16T23:30:00+00:00,kalshi_milestone_start_date,2026-03-26T07:29:18.728464Z,9a7ac580-077f-4efc-b638-55d30b068870,1,1773713989,,True,1103,2026-03-16,train,1h,1773700200,included,1773700200,0,0.775,0.77,0.78,0.010000000000000009,0.78,56598.0,58
KXNBAGAME-26MAR16PHXBOS,KXNBAGAME-26MAR16PHXBOS-BOS,NBA,winner,Boston,Phoenix,1773703800,2026-03-16T23:30:00+00:00,kalshi_milestone_start_date,2026-03-26T07:29:18.728464Z,9a7ac580-077f-4efc-b638-55d30b068870,1,1773713989,,True,1103,2026-03-16,train,5m,1773703500,included,1773703500,0,0.775,0.77,0.78,0.010000000000000009,0.78,48052.0,60
KXNBAGAME-26MAR16PORBKN,KXNBAGAME-26MAR16PORBKN-BKN,NBA,winner,Brooklyn,Portland,1773703800,2026-03-16T23:30:00+00:00,kalshi_milestone_start_date,2026-03-26T07:29:09.563687Z,469b3315-73a3-4a52-b437-af6ffbc987d3,0,1773713749,,True,1298,2026-03-16,train,24h,1773617400,included,1773617400,0,0.235,0.23,0.24,0.009999999999999981,,3507.0,26
KXNBAGAME-26MAR16PORBKN,KXNBAGAME-26MAR16PORBKN-BKN,NBA,winner,Brooklyn,Portland,1773703800,2026-03-16T23:30:00+00:00,kalshi_milestone_start_date,2026-03-26T07:29:09.563687Z,469b3315-73a3-4a52-b437-af6ffbc987d3,0,1773713749,,True,1298,2026-03-16,train,6h,1773682200,included,1773682200,0,0.195,0.19,0.2,0.010000000000000009,0.2,5002.0,44
KXNBAGAME-26MAR16PORBKN,KXNBAGAME-26MAR16PORBKN-BKN,NBA,winner,Brooklyn,Portland,1773703800,2026-03-16T23:30:00+00:00,kalshi_milestone_start_date,2026-03-26T07:29:09.563687Z,469b3315-73a3-4a52-b437-af6ffbc987d3,0,1773713749,,True,1298,2026-03-16,train,1h,1773700200,included,1773700200,0,0.185,0.18,0.19,0.010000000000000009,0.19,26511.0,58
KXNBAGAME-26MAR16PORBKN,KXNBAGAME-26MAR16PORBKN-BKN,NBA,winner,Brooklyn,Portland,1773703800,2026-03-16T23:30:00+00:00,kalshi_milestone_start_date,2026-03-26T07:29:09.563687Z,469b3315-73a3-4a52-b437-af6ffbc987d3,0,1773713749,,True,1298,2026-03-16,train,5m,1773703500,included,1773703500,0,0.185,0.18,0.19,0.010000000000000009,0.19,107099.0,60
KXNBAGAME-26MAR16DALNOP,KXNBAGAME-26MAR16DALNOP-NOP,NBA,winner,New Orleans,Dallas,1773705600,2026-03-17T00:00:00+00:00,kalshi_milestone_start_date,2026-03-26T07:29:44.626764Z,34225dc2-976c-43e5-adcd-c7f02d7f3b37,1,1773714739,,True,938,2026-03-17,train,24h,1773619200,included,1773619200,0,0.735,0.73,0.74,0.010000000000000009,,1199.0,9
KXNBAGAME-26MAR16DALNOP,KXNBAGAME-26MAR16DALNOP-NOP,NBA,winner,New Orleans,Dallas,1773705600,2026-03-17T00:00:00+00:00,kalshi_milestone_start_date,2026-03-26T07:29:44.626764Z,34225dc2-976c-43e5-adcd-c7f02d7f3b37,1,1773714739,,True,938,2026-03-17,train,6h,1773684000,included,1773684000,0,0.755,0.75,0.76,0.010000000000000009,0.76,1765.0,30
KXNBAGAME-26MAR16DALNOP,KXNBAGAME-26MAR16DALNOP-NOP,NBA,winner,New Orleans,Dallas,1773705600,2026-03-17T00:00:00+00:00,kalshi_milestone_start_date,2026-03-26T07:29:44.626764Z,34225dc2-976c-43e5-adcd-c7f02d7f3b37,1,1773714739,,True,938,2026-03-17,train,1h,1773702000,included,1773702000,0,0.755,0.75,0.76,0.010000000000000009,0.76,4741.0,39
KXNBAGAME-26MAR16DALNOP,KXNBAGAME-26MAR16DALNOP-NOP,NBA,winner,New Orleans,Dallas,1773705600,2026-03-17T00:00:00+00:00,kalshi_milestone_start_date,2026-03-26T07:29:44.626764Z,34225dc2-976c-43e5-adcd-c7f02d7f3b37,1,1773714739,,True,938,2026-03-17,train,5m,1773705300,included,1773705300,0,0.745,0.74,0.75,0.010000000000000009,0.75,6393.0,48
KXNBAGAME-26MAR16MEMCHI,KXNBAGAME-26MAR16MEMCHI-CHI,NBA,winner,Chicago,Memphis,1773705600,2026-03-17T00:00:00+00:00,kalshi_milestone_start_date,2026-03-26T07:30:13.772467Z,730bfbac-9179-4a92-aed2-8a97a6090d46,1,1773714579,,True,941,2026-03-17,train,24h,1773619200,included,1773619200,0,0.695,0.69,0.7,0.010000000000000009,,39.0,4
KXNBAGAME-26MAR16MEMCHI,KXNBAGAME-26MAR16MEMCHI-CHI,NBA,winner,Chicago,Memphis,1773705600,2026-03-17T00:00:00+00:00,kalshi_milestone_start_date,2026-03-26T07:30:13.772467Z,730bfbac-9179-4a92-aed2-8a97a6090d46,1,1773714579,,True,941,2026-03-17,train,6h,1773684000,included,1773684000,0,0.715,0.71,0.72,0.010000000000000009,0.72,2410.0,29
KXNBAGAME-26MAR16MEMCHI,KXNBAGAME-26MAR16MEMCHI-CHI,NBA,winner,Chicago,Memphis,1773705600,2026-03-17T00:00:00+00:00,kalshi_milestone_start_date,2026-03-26T07:30:13.772467Z,730bfbac-9179-4a92-aed2-8a97a6090d46,1,1773714579,,True,941,2026-03-17,train,1h,1773702000,included,1773702000,0,0.705,0.7,0.71,0.010000000000000009,0.71,5198.0,42
KXNBAGAME-26MAR16MEMCHI,KXNBAGAME-26MAR16MEMCHI-CHI,NBA,winner,Chicago,Memphis,1773705600,2026-03-17T00:00:00+00:00,kalshi_milestone_start_date,2026-03-26T07:30:13.772467Z,730bfbac-9179-4a92-aed2-8a97a6090d46,1,1773714579,,True,941,2026-03-17,train,5m,1773705300,included,1773705300,0,0.715,0.71,0.72,0.010000000000000009,0.72,9436.0,52
KXNBAGAME-26MAR16LALHOU,KXNBAGAME-26MAR16LALHOU-HOU,NBA,winner,Houston,Los Angeles L,1773711000,2026-03-17T01:30:00+00:00,kalshi_milestone_start_date,2026-03-26T07:29:28.429453Z,0e9721f2-2a24-4345-bb06-d034df46e1e7,0,1773720740,,True,1280,2026-03-17,train,24h,1773624600,included,1773624540,60,0.555,0.55,0.56,0.010000000000000009,,1297.0,11
KXNBAGAME-26MAR16LALHOU,KXNBAGAME-26MAR16LALHOU-HOU,NBA,winner,Houston,Los Angeles L,1773711000,2026-03-17T01:30:00+00:00,kalshi_milestone_start_date,2026-03-26T07:29:28.429453Z,0e9721f2-2a24-4345-bb06-d034df46e1e7,0,1773720740,,True,1280,2026-03-17,train,6h,1773689400,included,1773689400,0,0.545,0.54,0.55,0.010000000000000009,0.55,30415.0,52
KXNBAGAME-26MAR16LALHOU,KXNBAGAME-26MAR16LALHOU-HOU,NBA,winner,Houston,Los Angeles L,1773711000,2026-03-17T01:30:00+00:00,kalshi_milestone_start_date,2026-03-26T07:29:28.429453Z,0e9721f2-2a24-4345-bb06-d034df46e1e7,0,1773720740,,True,1280,2026-03-17,train,1h,1773707400,included,1773707400,0,0.485,0.48,0.49,0.010000000000000009,0.49,61882.0,60
KXNBAGAME-26MAR16LALHOU,KXNBAGAME-26MAR16LALHOU-HOU,NBA,winner,Houston,Los Angeles L,1773711000,2026-03-17T01:30:00+00:00,kalshi_milestone_start_date,2026-03-26T07:29:28.429453Z,0e9721f2-2a24-4345-bb06-d034df46e1e7,0,1773720740,,True,1280,2026-03-17,train,5m,1773710700,included,1773710700,0,0.485,0.48,0.49,0.010000000000000009,0.49,139031.0,60
KXNBAGAME-26MAR16SASLAC,KXNBAGAME-26MAR16SASLAC-LAC,NBA,winner,Los Angeles C,San Antonio,1773712800,2026-03-17T02:00:00+00:00,kalshi_milestone_start_date,2026-03-26T07:29:30.304881Z,33cc7126-b8fa-4f10-b5e6-a25d0a18fc8d,0,1773723340,,True,1401,2026-03-17,train,24h,1773626400,included,1773626400,0,0.235,0.23,0.24,0.009999999999999981,,1137.0,28
KXNBAGAME-26MAR16SASLAC,KXNBAGAME-26MAR16SASLAC-LAC,NBA,winner,Los Angeles C,San Antonio,1773712800,2026-03-17T02:00:00+00:00,kalshi_milestone_start_date,2026-03-26T07:29:30.304881Z,33cc7126-b8fa-4f10-b5e6-a25d0a18fc8d,0,1773723340,,True,1401,2026-03-17,train,6h,1773691200,included,1773691200,0,0.255,0.25,0.26,0.010000000000000009,0.26,4578.0,43
KXNBAGAME-26MAR16SASLAC,KXNBAGAME-26MAR16SASLAC-LAC,NBA,winner,Los Angeles C,San Antonio,1773712800,2026-03-17T02:00:00+00:00,kalshi_milestone_start_date,2026-03-26T07:29:30.304881Z,33cc7126-b8fa-4f10-b5e6-a25d0a18fc8d,0,1773723340,,True,1401,2026-03-17,train,1h,1773709200,included,1773709200,0,0.255,0.25,0.26,0.010000000000000009,0.26,29333.0,60
KXNBAGAME-26MAR16SASLAC,KXNBAGAME-26MAR16SASLAC-LAC,NBA,winner,Los Angeles C,San Antonio,1773712800,2026-03-17T02:00:00+00:00,kalshi_milestone_start_date,2026-03-26T07:29:30.304881Z,33cc7126-b8fa-4f10-b5e6-a25d0a18fc8d,0,1773723340,,True,1401,2026-03-17,train,5m,1773712500,included,1773712500,0,0.255,0.25,0.26,0.010000000000000009,0.26,52468.0,60
KXNBAGAME-26MAR17DETWAS,KXNBAGAME-26MAR17DETWAS-WAS,NBA,winner,Washington,Detroit,1773788400,2026-03-17T23:00:00+00:00,kalshi_milestone_start_date,2026-03-26T07:29:10.649794Z,489b86b9-b945-444c-834b-e45d2cc217d2,0,1773797879,,True,1283,2026-03-17,train,6h,1773766800,included,1773766800,0,0.065,0.06,0.07,0.010000000000000009,0.07,28173.0,53
KXNBAGAME-26MAR17DETWAS,KXNBAGAME-26MAR17DETWAS-WAS,NBA,winner,Washington,Detroit,1773788400,2026-03-17T23:00:00+00:00,kalshi_milestone_start_date,2026-03-26T07:29:10.649794Z,489b86b9-b945-444c-834b-e45d2cc217d2,0,1773797879,,True,1283,2026-03-17,train,1h,1773784800,included,1773784800,0,0.055,0.05,0.06,0.009999999999999995,0.06,153545.0,60
KXNBAGAME-26MAR17DETWAS,KXNBAGAME-26MAR17DETWAS-WAS,NBA,winner,Washington,Detroit,1773788400,2026-03-17T23:00:00+00:00,kalshi_milestone_start_date,2026-03-26T07:29:10.649794Z,489b86b9-b945-444c-834b-e45d2cc217d2,0,1773797879,,True,1283,2026-03-17,train,5m,1773788100,included,1773788100,0,0.055,0.05,0.06,0.009999999999999995,0.06,248469.0,60
KXNBAGAME-26MAR17MIACHA,KXNBAGAME-26MAR17MIACHA-CHA,NBA,winner,Charlotte,Miami,1773788400,2026-03-17T23:00:00+00:00,kalshi_milestone_start_date,2026-03-26T07:29:18.714457Z,df565dc9-46a2-4f8a-a8a2-3626c766f27d,1,1773798589,,True,1200,2026-03-17,train,6h,1773766800,included,1773766800,0,0.645,0.64,0.65,0.010000000000000009,0.65,32754.0,49
KXNBAGAME-26MAR17MIACHA,KXNBAGAME-26MAR17MIACHA-CHA,NBA,winner,Charlotte,Miami,1773788400,2026-03-17T23:00:00+00:00,kalshi_milestone_start_date,2026-03-26T07:29:18.714457Z,df565dc9-46a2-4f8a-a8a2-3626c766f27d,1,1773798589,,True,1200,2026-03-17,train,1h,1773784800,included,1773784800,0,0.645,0.64,0.65,0.010000000000000009,0.65,50054.0,60
KXNBAGAME-26MAR17MIACHA,KXNBAGAME-26MAR17MIACHA-CHA,NBA,winner,Charlotte,Miami,1773788400,2026-03-17T23:00:00+00:00,kalshi_milestone_start_date,2026-03-26T07:29:18.714457Z,df565dc9-46a2-4f8a-a8a2-3626c766f27d,1,1773798589,,True,1200,2026-03-17,train,5m,1773788100,included,1773788100,0,0.655,0.65,0.66,0.010000000000000009,0.66,155304.0,60
KXNBAGAME-26MAR17OKCORL,KXNBAGAME-26MAR17OKCORL-ORL,NBA,winner,Orlando,Oklahoma City,1773788400,2026-03-17T23:00:00+00:00,kalshi_milestone_start_date,2026-03-26T07:29:15.602151Z,c7a188dc-1e2a-4311-82ea-2a39670cd950,0,1773798159,,True,1163,2026-03-17,train,6h,1773766800,included,1773766800,0,0.20500000000000002,0.2,0.21,0.009999999999999981,0.21,5068.0,40
KXNBAGAME-26MAR17OKCORL,KXNBAGAME-26MAR17OKCORL-ORL,NBA,winner,Orlando,Oklahoma City,1773788400,2026-03-17T23:00:00+00:00,kalshi_milestone_start_date,2026-03-26T07:29:15.602151Z,c7a188dc-1e2a-4311-82ea-2a39670cd950,0,1773798159,,True,1163,2026-03-17,train,1h,1773784800,included,1773784800,0,0.20500000000000002,0.2,0.21,0.009999999999999981,0.21,35400.0,49
KXNBAGAME-26MAR17OKCORL,KXNBAGAME-26MAR17OKCORL-ORL,NBA,winner,Orlando,Oklahoma City,1773788400,2026-03-17T23:00:00+00:00,kalshi_milestone_start_date,2026-03-26T07:29:15.602151Z,c7a188dc-1e2a-4311-82ea-2a39670cd950,0,1773798159,,True,1163,2026-03-17,train,5m,1773788100,included,1773788100,0,0.20500000000000002,0.2,0.21,0.009999999999999981,0.21,66080.0,60
KXNBAGAME-26MAR17INDNYK,KXNBAGAME-26MAR17INDNYK-NYK,NBA,winner,New York,Indiana,1773790200,2026-03-17T23:30:00+00:00,kalshi_milestone_start_date,2026-03-26T07:29:25.914233Z,922ff958-d99c-4e43-936f-c545479f0c61,1,1773799189,,True,1078,2026-03-17,train,24h,1773703800,included,1773703740,60,0.87,0.86,0.88,0.020000000000000018,,33.0,3
KXNBAGAME-26MAR17INDNYK,KXNBAGAME-26MAR17INDNYK-NYK,NBA,winner,New York,Indiana,1773790200,2026-03-17T23:30:00+00:00,kalshi_milestone_start_date,2026-03-26T07:29:25.914233Z,922ff958-d99c-4e43-936f-c545479f0c61,1,1773799189,,True,1078,2026-03-17,train,6h,1773768600,included,1773768540,60,0.875,0.87,0.88,0.010000000000000009,,23493.0,28
KXNBAGAME-26MAR17INDNYK,KXNBAGAME-26MAR17INDNYK-NYK,NBA,winner,New York,Indiana,1773790200,2026-03-17T23:30:00+00:00,kalshi_milestone_start_date,2026-03-26T07:29:25.914233Z,922ff958-d99c-4e43-936f-c545479f0c61,1,1773799189,,True,1078,2026-03-17,train,1h,1773786600,included,1773786600,0,0.875,0.87,0.88,0.010000000000000009,0.88,5770.0,44
KXNBAGAME-26MAR17INDNYK,KXNBAGAME-26MAR17INDNYK-NYK,NBA,winner,New York,Indiana,1773790200,2026-03-17T23:30:00+00:00,kalshi_milestone_start_date,2026-03-26T07:29:25.914233Z,922ff958-d99c-4e43-936f-c545479f0c61,1,1773799189,,True,1078,2026-03-17,train,5m,1773789900,included,1773789900,0,0.875,0.87,0.88,0.010000000000000009,0.88,20377.0,58
KXNBAGAME-26MAR17CLEMIL,KXNBAGAME-26MAR17CLEMIL-MIL,NBA,winner,Milwaukee,Cleveland,1773792000,2026-03-18T00:00:00+00:00,kalshi_milestone_start_date,2026-03-26T07:29:08.964501Z,9ba4e044-545d-45e0-a326-c18e7b8a496b,0,1773802189,,True,959,2026-03-18,train,24h,1773705600,included,1773705540,60,0.21000000000000002,0.2,0.22,0.01999999999999999,0.22,123.0,10
KXNBAGAME-26MAR17CLEMIL,KXNBAGAME-26MAR17CLEMIL-MIL,NBA,winner,Milwaukee,Cleveland,1773792000,2026-03-18T00:00:00+00:00,kalshi_milestone_start_date,2026-03-26T07:29:08.964501Z,9ba4e044-545d-45e0-a326-c18e7b8a496b,0,1773802189,,True,959,2026-03-18,train,6h,1773770400,included,1773770280,120,0.195,0.19,0.2,0.010000000000000009,0.2,5080.0,32
KXNBAGAME-26MAR17CLEMIL,KXNBAGAME-26MAR17CLEMIL-MIL,NBA,winner,Milwaukee,Cleveland,1773792000,2026-03-18T00:00:00+00:00,kalshi_milestone_start_date,2026-03-26T07:29:08.964501Z,9ba4e044-545d-45e0-a326-c18e7b8a496b,0,1773802189,,True,959,2026-03-18,train,1h,1773788400,included,1773788400,0,0.155,0.15,0.16,0.010000000000000009,0.16,26506.0,56
KXNBAGAME-26MAR17CLEMIL,KXNBAGAME-26MAR17CLEMIL-MIL,NBA,winner,Milwaukee,Cleveland,1773792000,2026-03-18T00:00:00+00:00,kalshi_milestone_start_date,2026-03-26T07:29:08.964501Z,9ba4e044-545d-45e0-a326-c18e7b8a496b,0,1773802189,,True,959,2026-03-18,train,5m,1773791700,included,1773791700,0,0.165,0.16,0.17,0.010000000000000009,0.17,22256.0,60
KXNBAGAME-26MAR17PHXMIN,KXNBAGAME-26MAR17PHXMIN-MIN,NBA,winner,Minnesota,Phoenix,1773792000,2026-03-18T00:00:00+00:00,kalshi_milestone_start_date,2026-03-26T07:29:30.352811Z,24a4d408-2aa9-4bd6-9648-488615639590,1,1773801949,,True,1302,2026-03-18,train,6h,1773770400,included,1773770400,0,0.595,0.59,0.6,0.010000000000000009,0.6,5550.0,47
KXNBAGAME-26MAR17PHXMIN,KXNBAGAME-26MAR17PHXMIN-MIN,NBA,winner,Minnesota,Phoenix,1773792000,2026-03-18T00:00:00+00:00,kalshi_milestone_start_date,2026-03-26T07:29:30.352811Z,24a4d408-2aa9-4bd6-9648-488615639590,1,1773801949,,True,1302,2026-03-18,train,1h,1773788400,included,1773788400,0,0.595,0.59,0.6,0.010000000000000009,0.6,23470.0,59
KXNBAGAME-26MAR17PHXMIN,KXNBAGAME-26MAR17PHXMIN-MIN,NBA,winner,Minnesota,Phoenix,1773792000,2026-03-18T00:00:00+00:00,kalshi_milestone_start_date,2026-03-26T07:29:30.352811Z,24a4d408-2aa9-4bd6-9648-488615639590,1,1773801949,,True,1302,2026-03-18,train,5m,1773791700,included,1773791700,0,0.595,0.59,0.6,0.010000000000000009,0.6,59960.0,60
KXNBAGAME-26MAR17PHIDEN,KXNBAGAME-26MAR17PHIDEN-DEN,NBA,winner,Denver,Philadelphia,1773799200,2026-03-18T02:00:00+00:00,kalshi_milestone_start_date,2026-03-26T07:29:34.038748Z,3d5b0578-9b2a-4812-9f0a-4dc5f442a935,1,1773809529,,True,1088,2026-03-18,train,24h,1773712800,included,1773712800,0,0.895,0.89,0.9,0.010000000000000009,,1742.0,9
KXNBAGAME-26MAR17PHIDEN,KXNBAGAME-26MAR17PHIDEN-DEN,NBA,winner,Denver,Philadelphia,1773799200,2026-03-18T02:00:00+00:00,kalshi_milestone_start_date,2026-03-26T07:29:34.038748Z,3d5b0578-9b2a-4812-9f0a-4dc5f442a935,1,1773809529,,True,1088,2026-03-18,train,6h,1773777600,included,1773777600,0,0.905,0.9,0.91,0.010000000000000009,0.91,2727.0,22
KXNBAGAME-26MAR17PHIDEN,KXNBAGAME-26MAR17PHIDEN-DEN,NBA,winner,Denver,Philadelphia,1773799200,2026-03-18T02:00:00+00:00,kalshi_milestone_start_date,2026-03-26T07:29:34.038748Z,3d5b0578-9b2a-4812-9f0a-4dc5f442a935,1,1773809529,,True,1088,2026-03-18,train,1h,1773795600,included,1773795600,0,0.905,0.9,0.91,0.010000000000000009,,3751.0,38
KXNBAGAME-26MAR17PHIDEN,KXNBAGAME-26MAR17PHIDEN-DEN,NBA,winner,Denver,Philadelphia,1773799200,2026-03-18T02:00:00+00:00,kalshi_milestone_start_date,2026-03-26T07:29:34.038748Z,3d5b0578-9b2a-4812-9f0a-4dc5f442a935,1,1773809529,,True,1088,2026-03-18,train,5m,1773798900,included,1773798900,0,0.905,0.9,0.91,0.010000000000000009,0.91,132261.0,54
KXNBAGAME-26MAR17SASSAC,KXNBAGAME-26MAR17SASSAC-SAC,NBA,winner,Sacramento,San Antonio,1773799200,2026-03-18T02:00:00+00:00,kalshi_milestone_start_date,2026-03-26T07:29:14.646009Z,72e8498e-3a9c-4a9b-8175-02942b3822ef,0,1773808189,,True,1204,2026-03-18,train,24h,1773712800,included,1773712680,120,0.155,0.15,0.16,0.010000000000000009,0.16,174.0,5
KXNBAGAME-26MAR17SASSAC,KXNBAGAME-26MAR17SASSAC-SAC,NBA,winner,Sacramento,San Antonio,1773799200,2026-03-18T02:00:00+00:00,kalshi_milestone_start_date,2026-03-26T07:29:14.646009Z,72e8498e-3a9c-4a9b-8175-02942b3822ef,0,1773808189,,True,1204,2026-03-18,train,6h,1773777600,included,1773777600,0,0.125,0.12,0.13,0.010000000000000009,0.13,16654.0,39
KXNBAGAME-26MAR17SASSAC,KXNBAGAME-26MAR17SASSAC-SAC,NBA,winner,Sacramento,San Antonio,1773799200,2026-03-18T02:00:00+00:00,kalshi_milestone_start_date,2026-03-26T07:29:14.646009Z,72e8498e-3a9c-4a9b-8175-02942b3822ef,0,1773808189,,True,1204,2026-03-18,train,1h,1773795600,included,1773795600,0,0.135,0.13,0.14,0.010000000000000009,0.14,29384.0,53
KXNBAGAME-26MAR17SASSAC,KXNBAGAME-26MAR17SASSAC-SAC,NBA,winner,Sacramento,San Antonio,1773799200,2026-03-18T02:00:00+00:00,kalshi_milestone_start_date,2026-03-26T07:29:14.646009Z,72e8498e-3a9c-4a9b-8175-02942b3822ef,0,1773808189,,True,1204,2026-03-18,train,5m,1773798900,included,1773798900,0,0.135,0.13,0.14,0.010000000000000009,0.14,130542.0,59
KXNBAGAME-26MAR18GSWBOS,KXNBAGAME-26MAR18GSWBOS-BOS,NBA,winner,Boston,Golden State,1773874800,2026-03-18T23:00:00+00:00,kalshi_milestone_start_date,2026-03-26T07:29:35.477451Z,dd390364-4295-472b-8a20-044dbc155ea2,1,1773884550,,True,1175,2026-03-18,train,24h,1773788400,included,1773788400,0,0.845,0.84,0.85,0.010000000000000009,,194.0,3
KXNBAGAME-26MAR18GSWBOS,KXNBAGAME-26MAR18GSWBOS-BOS,NBA,winner,Boston,Golden State,1773874800,2026-03-18T23:00:00+00:00,kalshi_milestone_start_date,2026-03-26T07:29:35.477451Z,dd390364-4295-472b-8a20-044dbc155ea2,1,1773884550,,True,1175,2026-03-18,train,6h,1773853200,included,1773853200,0,0.855,0.85,0.86,0.010000000000000009,0.85,62764.0,48
KXNBAGAME-26MAR18GSWBOS,KXNBAGAME-26MAR18GSWBOS-BOS,NBA,winner,Boston,Golden State,1773874800,2026-03-18T23:00:00+00:00,kalshi_milestone_start_date,2026-03-26T07:29:35.477451Z,dd390364-4295-472b-8a20-044dbc155ea2,1,1773884550,,True,1175,2026-03-18,train,1h,1773871200,included,1773871200,0,0.845,0.84,0.85,0.010000000000000009,0.85,88901.0,59
KXNBAGAME-26MAR18GSWBOS,KXNBAGAME-26MAR18GSWBOS-BOS,NBA,winner,Boston,Golden State,1773874800,2026-03-18T23:00:00+00:00,kalshi_milestone_start_date,2026-03-26T07:29:35.477451Z,dd390364-4295-472b-8a20-044dbc155ea2,1,1773884550,,True,1175,2026-03-18,train,5m,1773874500,included,1773874500,0,0.845,0.84,0.85,0.010000000000000009,0.85,300613.0,60
KXNBAGAME-26MAR18OKCBKN,KXNBAGAME-26MAR18OKCBKN-BKN,NBA,winner,Brooklyn,Oklahoma City,1773876600,2026-03-18T23:30:00+00:00,kalshi_milestone_start_date,2026-03-26T07:29:53.563404Z,1ea64b1f-079b-4b33-9224-72304cbfdebd,0,1773885950,,True,1136,2026-03-18,train,6h,1773855000,included,1773854940,60,0.055,0.05,0.06,0.009999999999999995,0.06,16008.0,46
KXNBAGAME-26MAR18OKCBKN,KXNBAGAME-26MAR18OKCBKN-BKN,NBA,winner,Brooklyn,Oklahoma City,1773876600,2026-03-18T23:30:00+00:00,kalshi_milestone_start_date,2026-03-26T07:29:53.563404Z,1ea64b1f-079b-4b33-9224-72304cbfdebd,0,1773885950,,True,1136,2026-03-18,train,1h,1773873000,included,1773873000,0,0.055,0.05,0.06,0.009999999999999995,0.06,63404.0,59
KXNBAGAME-26MAR18OKCBKN,KXNBAGAME-26MAR18OKCBKN-BKN,NBA,winner,Brooklyn,Oklahoma City,1773876600,2026-03-18T23:30:00+00:00,kalshi_milestone_start_date,2026-03-26T07:29:53.563404Z,1ea64b1f-079b-4b33-9224-72304cbfdebd,0,1773885950,,True,1136,2026-03-18,train,5m,1773876300,included,1773876300,0,0.055,0.05,0.06,0.009999999999999995,0.06,170852.0,60
KXNBAGAME-26MAR18PORIND,KXNBAGAME-26MAR18PORIND-IND,NBA,winner,Indiana,Portland,1773876600,2026-03-18T23:30:00+00:00,kalshi_milestone_start_date,2026-03-26T07:29:44.842776Z,81165eec-8ec0-4f1c-b4f9-c2d6446e8777,0,1773886431,,True,963,2026-03-18,train,24h,1773790200,included,1773790140,60,0.175,0.17,0.18,0.009999999999999981,,6.0,2
KXNBAGAME-26MAR18PORIND,KXNBAGAME-26MAR18PORIND-IND,NBA,winner,Indiana,Portland,1773876600,2026-03-18T23:30:00+00:00,kalshi_milestone_start_date,2026-03-26T07:29:44.842776Z,81165eec-8ec0-4f1c-b4f9-c2d6446e8777,0,1773886431,,True,963,2026-03-18,train,6h,1773855000,included,1773855000,0,0.135,0.13,0.14,0.010000000000000009,0.14,13623.0,41
KXNBAGAME-26MAR18PORIND,KXNBAGAME-26MAR18PORIND-IND,NBA,winner,Indiana,Portland,1773876600,2026-03-18T23:30:00+00:00,kalshi_milestone_start_date,2026-03-26T07:29:44.842776Z,81165eec-8ec0-4f1c-b4f9-c2d6446e8777,0,1773886431,,True,963,2026-03-18,train,1h,1773873000,included,1773873000,0,0.135,0.13,0.14,0.010000000000000009,0.14,15028.0,55
KXNBAGAME-26MAR18PORIND,KXNBAGAME-26MAR18PORIND-IND,NBA,winner,Indiana,Portland,1773876600,2026-03-18T23:30:00+00:00,kalshi_milestone_start_date,2026-03-26T07:29:44.842776Z,81165eec-8ec0-4f1c-b4f9-c2d6446e8777,0,1773886431,,True,963,2026-03-18,train,5m,1773876300,included,1773876300,0,0.14500000000000002,0.14,0.15,0.009999999999999981,0.15,75337.0,59
KXNBAGAME-26MAR18LACNOP,KXNBAGAME-26MAR18LACNOP-NOP,NBA,winner,New Orleans,Los Angeles C,1773878400,2026-03-19T00:00:00+00:00,kalshi_milestone_start_date,2026-03-26T07:29:47.289431Z,ed3a0292-9611-4d93-b0ac-0b34851f34dc,1,1773887271,,True,1051,2026-03-19,train,24h,1773792000,included,1773791940,60,0.495,0.49,0.5,0.010000000000000009,0.5,67.0,6
KXNBAGAME-26MAR18LACNOP,KXNBAGAME-26MAR18LACNOP-NOP,NBA,winner,New Orleans,Los Angeles C,1773878400,2026-03-19T00:00:00+00:00,kalshi_milestone_start_date,2026-03-26T07:29:47.289431Z,ed3a0292-9611-4d93-b0ac-0b34851f34dc,1,1773887271,,True,1051,2026-03-19,train,6h,1773856800,included,1773856800,0,0.565,0.56,0.57,0.009999999999999898,0.57,4244.0,40
KXNBAGAME-26MAR18LACNOP,KXNBAGAME-26MAR18LACNOP-NOP,NBA,winner,New Orleans,Los Angeles C,1773878400,2026-03-19T00:00:00+00:00,kalshi_milestone_start_date,2026-03-26T07:29:47.289431Z,ed3a0292-9611-4d93-b0ac-0b34851f34dc,1,1773887271,,True,1051,2026-03-19,train,1h,1773874800,included,1773874800,0,0.46499999999999997,0.46,0.47,0.009999999999999953,0.47,62404.0,58
KXNBAGAME-26MAR18LACNOP,KXNBAGAME-26MAR18LACNOP-NOP,NBA,winner,New Orleans,Los Angeles C,1773878400,2026-03-19T00:00:00+00:00,kalshi_milestone_start_date,2026-03-26T07:29:47.289431Z,ed3a0292-9611-4d93-b0ac-0b34851f34dc,1,1773887271,,True,1051,2026-03-19,train,5m,1773878100,included,1773878100,0,0.455,0.45,0.46,0.010000000000000009,0.46,37329.0,60
KXNBAGAME-26MAR18TORCHI,KXNBAGAME-26MAR18TORCHI-CHI,NBA,winner,Chicago,Toronto,1773878400,2026-03-19T00:00:00+00:00,kalshi_milestone_start_date,2026-03-26T07:29:08.26358Z,a3cf9a9a-1d25-46e2-b14e-0b1b90e89b1c,0,1773887630,,True,955,2026-03-19,train,6h,1773856800,included,1773856800,0,0.27,0.26,0.28,0.020000000000000018,0.28,4367.0,24
KXNBAGAME-26MAR18TORCHI,KXNBAGAME-26MAR18TORCHI-CHI,NBA,winner,Chicago,Toronto,1773878400,2026-03-19T00:00:00+00:00,kalshi_milestone_start_date,2026-03-26T07:29:08.26358Z,a3cf9a9a-1d25-46e2-b14e-0b1b90e89b1c,0,1773887630,,True,955,2026-03-19,train,1h,1773874800,included,1773874800,0,0.275,0.27,0.28,0.010000000000000009,0.28,10924.0,53
KXNBAGAME-26MAR18TORCHI,KXNBAGAME-26MAR18TORCHI-CHI,NBA,winner,Chicago,Toronto,1773878400,2026-03-19T00:00:00+00:00,kalshi_milestone_start_date,2026-03-26T07:29:08.26358Z,a3cf9a9a-1d25-46e2-b14e-0b1b90e89b1c,0,1773887630,,True,955,2026-03-19,train,5m,1773878100,included,1773878100,0,0.265,0.26,0.27,0.010000000000000009,0.27,17257.0,57
KXNBAGAME-26MAR18UTAMIN,KXNBAGAME-26MAR18UTAMIN-MIN,NBA,winner,Minnesota,Utah,1773878400,2026-03-19T00:00:00+00:00,kalshi_milestone_start_date,2026-03-26T07:29:11.740317Z,25338408-91c3-4aaf-964b-d29568f6ddde,1,1773887740,,True,757,2026-03-19,train,24h,1773792000,included,1773791880,120,0.875,0.87,0.88,0.010000000000000009,,0.0,0
KXNBAGAME-26MAR18UTAMIN,KXNBAGAME-26MAR18UTAMIN-MIN,NBA,winner,Minnesota,Utah,1773878400,2026-03-19T00:00:00+00:00,kalshi_milestone_start_date,2026-03-26T07:29:11.740317Z,25338408-91c3-4aaf-964b-d29568f6ddde,1,1773887740,,True,757,2026-03-19,train,6h,1773856800,included,1773856740,60,0.875,0.87,0.88,0.010000000000000009,0.88,3534.0,22
KXNBAGAME-26MAR18UTAMIN,KXNBAGAME-26MAR18UTAMIN-MIN,NBA,winner,Minnesota,Utah,1773878400,2026-03-19T00:00:00+00:00,kalshi_milestone_start_date,2026-03-26T07:29:11.740317Z,25338408-91c3-4aaf-964b-d29568f6ddde,1,1773887740,,True,757,2026-03-19,train,1h,1773874800,included,1773874800,0,0.875,0.87,0.88,0.010000000000000009,0.88,14925.0,43
KXNBAGAME-26MAR18UTAMIN,KXNBAGAME-26MAR18UTAMIN-MIN,NBA,winner,Minnesota,Utah,1773878400,2026-03-19T00:00:00+00:00,kalshi_milestone_start_date,2026-03-26T07:29:11.740317Z,25338408-91c3-4aaf-964b-d29568f6ddde,1,1773887740,,True,757,2026-03-19,train,5m,1773878100,included,1773878100,0,0.875,0.87,0.88,0.010000000000000009,0.88,74903.0,49
KXNBAGAME-26MAR18ATLDAL,KXNBAGAME-26MAR18ATLDAL-DAL,NBA,winner,Dallas,Atlanta,1773880200,2026-03-19T00:30:00+00:00,kalshi_milestone_start_date,2026-03-26T07:29:18.837023Z,120fa59e-3487-4612-aae3-818c1b466647,0,1773890260,,True,939,2026-03-19,train,6h,1773858600,included,1773858600,0,0.245,0.24,0.25,0.010000000000000009,0.25,5893.0,34
KXNBAGAME-26MAR18ATLDAL,KXNBAGAME-26MAR18ATLDAL-DAL,NBA,winner,Dallas,Atlanta,1773880200,2026-03-19T00:30:00+00:00,kalshi_milestone_start_date,2026-03-26T07:29:18.837023Z,120fa59e-3487-4612-aae3-818c1b466647,0,1773890260,,True,939,2026-03-19,train,1h,1773876600,included,1773876600,0,0.255,0.25,0.26,0.010000000000000009,0.26,21370.0,59
KXNBAGAME-26MAR18ATLDAL,KXNBAGAME-26MAR18ATLDAL-DAL,NBA,winner,Dallas,Atlanta,1773880200,2026-03-19T00:30:00+00:00,kalshi_milestone_start_date,2026-03-26T07:29:18.837023Z,120fa59e-3487-4612-aae3-818c1b466647,0,1773890260,,True,939,2026-03-19,train,5m,1773879900,included,1773879900,0,0.255,0.25,0.26,0.010000000000000009,0.26,30232.0,57
KXNBAGAME-26MAR18DENMEM,KXNBAGAME-26MAR18DENMEM-MEM,NBA,winner,Memphis,Denver,1773880200,2026-03-19T00:30:00+00:00,kalshi_milestone_start_date,2026-03-26T07:29:16.695062Z,2ed8d582-7e53-4409-bb3b-d1d6fc0a8d91,1,1773890392,,True,1063,2026-03-19,train,24h,1773793800,included,1773793680,120,0.125,0.12,0.13,0.010000000000000009,,2187.0,3
KXNBAGAME-26MAR18DENMEM,KXNBAGAME-26MAR18DENMEM-MEM,NBA,winner,Memphis,Denver,1773880200,2026-03-19T00:30:00+00:00,kalshi_milestone_start_date,2026-03-26T07:29:16.695062Z,2ed8d582-7e53-4409-bb3b-d1d6fc0a8d91,1,1773890392,,True,1063,2026-03-19,train,6h,1773858600,included,1773858600,0,0.125,0.12,0.13,0.010000000000000009,0.13,579.0,15
KXNBAGAME-26MAR18DENMEM,KXNBAGAME-26MAR18DENMEM-MEM,NBA,winner,Memphis,Denver,1773880200,2026-03-19T00:30:00+00:00,kalshi_milestone_start_date,2026-03-26T07:29:16.695062Z,2ed8d582-7e53-4409-bb3b-d1d6fc0a8d91,1,1773890392,,True,1063,2026-03-19,train,1h,1773876600,included,1773876600,0,0.125,0.12,0.13,0.010000000000000009,,5454.0,44
KXNBAGAME-26MAR18DENMEM,KXNBAGAME-26MAR18DENMEM-MEM,NBA,winner,Memphis,Denver,1773880200,2026-03-19T00:30:00+00:00,kalshi_milestone_start_date,2026-03-26T07:29:16.695062Z,2ed8d582-7e53-4409-bb3b-d1d6fc0a8d91,1,1773890392,,True,1063,2026-03-19,train,5m,1773879900,included,1773879900,0,0.125,0.12,0.13,0.010000000000000009,0.13,8762.0,47
KXNBAGAME-26MAR18LALHOU,KXNBAGAME-26MAR18LALHOU-HOU,NBA,winner,Houston,Los Angeles L,1773883800,2026-03-19T01:30:00+00:00,kalshi_milestone_start_date,2026-03-26T07:29:09.661336Z,d6f6c641-4f41-4522-9d84-33d46417f397,0,1773894451,,True,1202,2026-03-19,train,24h,1773797400,included,1773797400,0,0.555,0.55,0.56,0.010000000000000009,,1021.0,13
KXNBAGAME-26MAR18LALHOU,KXNBAGAME-26MAR18LALHOU-HOU,NBA,winner,Houston,Los Angeles L,1773883800,2026-03-19T01:30:00+00:00,kalshi_milestone_start_date,2026-03-26T07:29:09.661336Z,d6f6c641-4f41-4522-9d84-33d46417f397,0,1773894451,,True,1202,2026-03-19,train,6h,1773862200,included,1773862200,0,0.535,0.53,0.54,0.010000000000000009,0.54,22533.0,54
KXNBAGAME-26MAR18LALHOU,KXNBAGAME-26MAR18LALHOU-HOU,NBA,winner,Houston,Los Angeles L,1773883800,2026-03-19T01:30:00+00:00,kalshi_milestone_start_date,2026-03-26T07:29:09.661336Z,d6f6c641-4f41-4522-9d84-33d46417f397,0,1773894451,,True,1202,2026-03-19,train,1h,1773880200,included,1773880200,0,0.545,0.54,0.55,0.010000000000000009,0.55,46340.0,60
KXNBAGAME-26MAR18LALHOU,KXNBAGAME-26MAR18LALHOU-HOU,NBA,winner,Houston,Los Angeles L,1773883800,2026-03-19T01:30:00+00:00,kalshi_milestone_start_date,2026-03-26T07:29:09.661336Z,d6f6c641-4f41-4522-9d84-33d46417f397,0,1773894451,,True,1202,2026-03-19,train,5m,1773883500,included,1773883500,0,0.545,0.54,0.55,0.010000000000000009,0.55,299704.0,60
KXNBAGAME-26MAR19DETWAS,KXNBAGAME-26MAR19DETWAS-WAS,NBA,winner,Washington,Detroit,1773961200,2026-03-19T23:00:00+00:00,kalshi_milestone_start_date,2026-03-26T07:29:59.973876Z,d4cde548-7fcf-4046-8a5f-9fc44767065b,0,1773971160,,True,1121,2026-03-19,train,24h,1773874800,included,1773874740,60,0.10500000000000001,0.1,0.11,0.009999999999999995,,1186.0,7
KXNBAGAME-26MAR19DETWAS,KXNBAGAME-26MAR19DETWAS-WAS,NBA,winner,Washington,Detroit,1773961200,2026-03-19T23:00:00+00:00,kalshi_milestone_start_date,2026-03-26T07:29:59.973876Z,d4cde548-7fcf-4046-8a5f-9fc44767065b,0,1773971160,,True,1121,2026-03-19,train,6h,1773939600,included,1773939600,0,0.10500000000000001,0.1,0.11,0.009999999999999995,0.11,16272.0,53
KXNBAGAME-26MAR19DETWAS,KXNBAGAME-26MAR19DETWAS-WAS,NBA,winner,Washington,Detroit,1773961200,2026-03-19T23:00:00+00:00,kalshi_milestone_start_date,2026-03-26T07:29:59.973876Z,d4cde548-7fcf-4046-8a5f-9fc44767065b,0,1773971160,,True,1121,2026-03-19,train,1h,1773957600,included,1773957600,0,0.10500000000000001,0.1,0.11,0.009999999999999995,0.11,46553.0,60
KXNBAGAME-26MAR19DETWAS,KXNBAGAME-26MAR19DETWAS-WAS,NBA,winner,Washington,Detroit,1773961200,2026-03-19T23:00:00+00:00,kalshi_milestone_start_date,2026-03-26T07:29:59.973876Z,d4cde548-7fcf-4046-8a5f-9fc44767065b,0,1773971160,,True,1121,2026-03-19,train,5m,1773960900,included,1773960900,0,0.10500000000000001,0.1,0.11,0.009999999999999995,0.11,88558.0,59
KXNBAGAME-26MAR19ORLCHA,KXNBAGAME-26MAR19ORLCHA-CHA,NBA,winner,Charlotte,Orlando,1773961200,2026-03-19T23:00:00+00:00,kalshi_milestone_start_date,2026-03-26T07:29:43.32653Z,9f0d5139-6de6-4d16-9e95-2f29725cc9b7,1,1773971760,,True,1155,2026-03-19,train,24h,1773874800,included,1773874800,0,0.61,0.6,0.62,0.020000000000000018,,670.0,13
KXNBAGAME-26MAR19ORLCHA,KXNBAGAME-26MAR19ORLCHA-CHA,NBA,winner,Charlotte,Orlando,1773961200,2026-03-19T23:00:00+00:00,kalshi_milestone_start_date,2026-03-26T07:29:43.32653Z,9f0d5139-6de6-4d16-9e95-2f29725cc9b7,1,1773971760,,True,1155,2026-03-19,train,6h,1773939600,included,1773939600,0,0.66,0.65,0.67,0.020000000000000018,0.65,26914.0,43
KXNBAGAME-26MAR19ORLCHA,KXNBAGAME-26MAR19ORLCHA-CHA,NBA,winner,Charlotte,Orlando,1773961200,2026-03-19T23:00:00+00:00,kalshi_milestone_start_date,2026-03-26T07:29:43.32653Z,9f0d5139-6de6-4d16-9e95-2f29725cc9b7,1,1773971760,,True,1155,2026-03-19,train,1h,1773957600,included,1773957540,60,0.67,0.66,0.68,0.020000000000000018,0.68,27963.0,57
KXNBAGAME-26MAR19ORLCHA,KXNBAGAME-26MAR19ORLCHA-CHA,NBA,winner,Charlotte,Orlando,1773961200,2026-03-19T23:00:00+00:00,kalshi_milestone_start_date,2026-03-26T07:29:43.32653Z,9f0d5139-6de6-4d16-9e95-2f29725cc9b7,1,1773971760,,True,1155,2026-03-19,train,5m,1773960900,included,1773960900,0,0.665,0.66,0.67,0.010000000000000009,0.67,72170.0,59
KXNBAGAME-26MAR19CLECHI,KXNBAGAME-26MAR19CLECHI-CHI,NBA,winner,Chicago,Cleveland,1773964800,2026-03-20T00:00:00+00:00,kalshi_milestone_start_date,2026-03-26T07:29:44.89086Z,08ce2cb0-5443-4469-93d0-b8c77c23aa4d,0,1773975820,,True,1103,2026-03-20,train,6h,1773943200,included,1773943200,0,0.175,0.17,0.18,0.009999999999999981,,1967.0,29
KXNBAGAME-26MAR19CLECHI,KXNBAGAME-26MAR19CLECHI-CHI,NBA,winner,Chicago,Cleveland,1773964800,2026-03-20T00:00:00+00:00,kalshi_milestone_start_date,2026-03-26T07:29:44.89086Z,08ce2cb0-5443-4469-93d0-b8c77c23aa4d,0,1773975820,,True,1103,2026-03-20,train,1h,1773961200,included,1773961200,0,0.195,0.19,0.2,0.010000000000000009,0.2,288273.0,52
KXNBAGAME-26MAR19CLECHI,KXNBAGAME-26MAR19CLECHI-CHI,NBA,winner,Chicago,Cleveland,1773964800,2026-03-20T00:00:00+00:00,kalshi_milestone_start_date,2026-03-26T07:29:44.89086Z,08ce2cb0-5443-4469-93d0-b8c77c23aa4d,0,1773975820,,True,1103,2026-03-20,train,5m,1773964500,included,1773964500,0,0.195,0.19,0.2,0.010000000000000009,0.2,92574.0,54
KXNBAGAME-26MAR19LACNOP,KXNBAGAME-26MAR19LACNOP-NOP,NBA,winner,New Orleans,Los Angeles C,1773964800,2026-03-20T00:00:00+00:00,kalshi_milestone_start_date,2026-03-26T07:29:39.051835Z,dda74894-9a21-4ce8-b706-073974a5956d,1,1773974394,,True,1094,2026-03-20,train,24h,1773878400,included,1773878400,0,0.475,0.46,0.49,0.02999999999999997,0.49,2908.0,21
KXNBAGAME-26MAR19LACNOP,KXNBAGAME-26MAR19LACNOP-NOP,NBA,winner,New Orleans,Los Angeles C,1773964800,2026-03-20T00:00:00+00:00,kalshi_milestone_start_date,2026-03-26T07:29:39.051835Z,dda74894-9a21-4ce8-b706-073974a5956d,1,1773974394,,True,1094,2026-03-20,train,6h,1773943200,included,1773943200,0,0.525,0.52,0.53,0.010000000000000009,,2912.0,20
KXNBAGAME-26MAR19LACNOP,KXNBAGAME-26MAR19LACNOP-NOP,NBA,winner,New Orleans,Los Angeles C,1773964800,2026-03-20T00:00:00+00:00,kalshi_milestone_start_date,2026-03-26T07:29:39.051835Z,dda74894-9a21-4ce8-b706-073974a5956d,1,1773974394,,True,1094,2026-03-20,train,1h,1773961200,included,1773961200,0,0.595,0.59,0.6,0.010000000000000009,0.6,99375.0,54
KXNBAGAME-26MAR19LACNOP,KXNBAGAME-26MAR19LACNOP-NOP,NBA,winner,New Orleans,Los Angeles C,1773964800,2026-03-20T00:00:00+00:00,kalshi_milestone_start_date,2026-03-26T07:29:39.051835Z,dda74894-9a21-4ce8-b706-073974a5956d,1,1773974394,,True,1094,2026-03-20,train,5m,1773964500,included,1773964500,0,0.605,0.6,0.61,0.010000000000000009,0.61,86089.0,58
KXNBAGAME-26MAR19LALMIA,KXNBAGAME-26MAR19LALMIA-MIA,NBA,winner,Miami,Los Angeles L,1773964800,2026-03-20T00:00:00+00:00,kalshi_milestone_start_date,2026-03-26T07:29:40.498466Z,d9c0b0c2-9fe9-431b-b3d9-639716dcf271,0,1773975231,,True,1132,2026-03-20,train,24h,1773878400,included,1773878400,0,0.54,0.53,0.55,0.020000000000000018,,90.0,5
KXNBAGAME-26MAR19LALMIA,KXNBAGAME-26MAR19LALMIA-MIA,NBA,winner,Miami,Los Angeles L,1773964800,2026-03-20T00:00:00+00:00,kalshi_milestone_start_date,2026-03-26T07:29:40.498466Z,d9c0b0c2-9fe9-431b-b3d9-639716dcf271,0,1773975231,,True,1132,2026-03-20,train,6h,1773943200,included,1773943200,0,0.655,0.65,0.66,0.010000000000000009,0.66,150946.0,38
KXNBAGAME-26MAR19LALMIA,KXNBAGAME-26MAR19LALMIA-MIA,NBA,winner,Miami,Los Angeles L,1773964800,2026-03-20T00:00:00+00:00,kalshi_milestone_start_date,2026-03-26T07:29:40.498466Z,d9c0b0c2-9fe9-431b-b3d9-639716dcf271,0,1773975231,,True,1132,2026-03-20,train,1h,1773961200,included,1773961200,0,0.615,0.61,0.62,0.010000000000000009,0.62,140468.0,59
KXNBAGAME-26MAR19LALMIA,KXNBAGAME-26MAR19LALMIA-MIA,NBA,winner,Miami,Los Angeles L,1773964800,2026-03-20T00:00:00+00:00,kalshi_milestone_start_date,2026-03-26T07:29:40.498466Z,d9c0b0c2-9fe9-431b-b3d9-639716dcf271,0,1773975231,,True,1132,2026-03-20,train,5m,1773964500,included,1773964500,0,0.585,0.58,0.59,0.010000000000000009,0.59,133908.0,59
KXNBAGAME-26MAR19PHXSAS,KXNBAGAME-26MAR19PHXSAS-SAS,NBA,winner,San Antonio,Phoenix,1773964800,2026-03-20T00:00:00+00:00,kalshi_milestone_start_date,2026-03-26T07:29:57.598975Z,0bdf52b0-c57c-429e-9f22-a9dd41c677ec,1,1773974993,,True,1121,2026-03-20,train,6h,1773943200,included,1773943200,0,0.795,0.79,0.8,0.010000000000000009,0.8,16597.0,40
KXNBAGAME-26MAR19PHXSAS,KXNBAGAME-26MAR19PHXSAS-SAS,NBA,winner,San Antonio,Phoenix,1773964800,2026-03-20T00:00:00+00:00,kalshi_milestone_start_date,2026-03-26T07:29:57.598975Z,0bdf52b0-c57c-429e-9f22-a9dd41c677ec,1,1773974993,,True,1121,2026-03-20,train,1h,1773961200,included,1773961200,0,0.805,0.8,0.81,0.010000000000000009,0.81,45402.0,56
KXNBAGAME-26MAR19PHXSAS,KXNBAGAME-26MAR19PHXSAS-SAS,NBA,winner,San Antonio,Phoenix,1773964800,2026-03-20T00:00:00+00:00,kalshi_milestone_start_date,2026-03-26T07:29:57.598975Z,0bdf52b0-c57c-429e-9f22-a9dd41c677ec,1,1773974993,,True,1121,2026-03-20,train,5m,1773964500,included,1773964500,0,0.805,0.8,0.81,0.010000000000000009,0.81,159269.0,58
KXNBAGAME-26MAR19MILUTA,KXNBAGAME-26MAR19MILUTA-UTA,NBA,winner,Utah,Milwaukee,1773968400,2026-03-20T01:00:00+00:00,kalshi_milestone_start_date,2026-03-26T07:29:42.736339Z,f1cd773f-415a-45ad-abbf-9a78a66bbb24,1,1773978221,,True,826,2026-03-20,train,6h,1773946800,included,1773946800,0,0.325,0.32,0.33,0.010000000000000009,0.33,1882.0,20
KXNBAGAME-26MAR19MILUTA,KXNBAGAME-26MAR19MILUTA-UTA,NBA,winner,Utah,Milwaukee,1773968400,2026-03-20T01:00:00+00:00,kalshi_milestone_start_date,2026-03-26T07:29:42.736339Z,f1cd773f-415a-45ad-abbf-9a78a66bbb24,1,1773978221,,True,826,2026-03-20,train,1h,1773964800,included,1773964800,0,0.315,0.31,0.32,0.010000000000000009,0.32,14788.0,42
KXNBAGAME-26MAR19MILUTA,KXNBAGAME-26MAR19MILUTA-UTA,NBA,winner,Utah,Milwaukee,1773968400,2026-03-20T01:00:00+00:00,kalshi_milestone_start_date,2026-03-26T07:29:42.736339Z,f1cd773f-415a-45ad-abbf-9a78a66bbb24,1,1773978221,,True,826,2026-03-20,train,5m,1773968100,included,1773968100,0,0.315,0.31,0.32,0.010000000000000009,0.32,15325.0,52
KXNBAGAME-26MAR19PHISAC,KXNBAGAME-26MAR19PHISAC-SAC,NBA,winner,Sacramento,Philadelphia,1773972000,2026-03-20T02:00:00+00:00,kalshi_milestone_start_date,2026-03-26T07:29:37.718977Z,b1d0a156-b416-4179-85fe-525a3ea86934,0,1773981940,,True,910,2026-03-20,train,24h,1773885600,included,1773885600,0,0.385,0.38,0.39,0.010000000000000009,,2138.0,6
KXNBAGAME-26MAR19PHISAC,KXNBAGAME-26MAR19PHISAC-SAC,NBA,winner,Sacramento,Philadelphia,1773972000,2026-03-20T02:00:00+00:00,kalshi_milestone_start_date,2026-03-26T07:29:37.718977Z,b1d0a156-b416-4179-85fe-525a3ea86934,0,1773981940,,True,910,2026-03-20,train,6h,1773950400,included,1773950400,0,0.425,0.42,0.43,0.010000000000000009,,1554.0,20
KXNBAGAME-26MAR19PHISAC,KXNBAGAME-26MAR19PHISAC-SAC,NBA,winner,Sacramento,Philadelphia,1773972000,2026-03-20T02:00:00+00:00,kalshi_milestone_start_date,2026-03-26T07:29:37.718977Z,b1d0a156-b416-4179-85fe-525a3ea86934,0,1773981940,,True,910,2026-03-20,train,1h,1773968400,included,1773968400,0,0.435,0.43,0.44,0.010000000000000009,0.44,10611.0,53
KXNBAGAME-26MAR19PHISAC,KXNBAGAME-26MAR19PHISAC-SAC,NBA,winner,Sacramento,Philadelphia,1773972000,2026-03-20T02:00:00+00:00,kalshi_milestone_start_date,2026-03-26T07:29:37.718977Z,b1d0a156-b416-4179-85fe-525a3ea86934,0,1773981940,,True,910,2026-03-20,train,5m,1773971700,included,1773971700,0,0.435,0.43,0.44,0.010000000000000009,0.44,29672.0,59
KXNBAGAME-26MAR20GSWDET,KXNBAGAME-26MAR20GSWDET-DET,NBA,winner,Detroit,Golden State,1774049400,2026-03-20T23:30:00+00:00,kalshi_milestone_start_date,2026-03-26T07:29:10.261236Z,108914c5-e691-4187-8d7b-42cdc9739d90,1,1774059590,,True,1271,2026-03-20,train,6h,1774027800,included,1774027800,0,0.655,0.65,0.66,0.010000000000000009,0.66,33727.0,49
KXNBAGAME-26MAR20GSWDET,KXNBAGAME-26MAR20GSWDET-DET,NBA,winner,Detroit,Golden State,1774049400,2026-03-20T23:30:00+00:00,kalshi_milestone_start_date,2026-03-26T07:29:10.261236Z,108914c5-e691-4187-8d7b-42cdc9739d90,1,1774059590,,True,1271,2026-03-20,train,1h,1774045800,included,1774045800,0,0.665,0.66,0.67,0.010000000000000009,0.67,133109.0,58
KXNBAGAME-26MAR20GSWDET,KXNBAGAME-26MAR20GSWDET-DET,NBA,winner,Detroit,Golden State,1774049400,2026-03-20T23:30:00+00:00,kalshi_milestone_start_date,2026-03-26T07:29:10.261236Z,108914c5-e691-4187-8d7b-42cdc9739d90,1,1774059590,,True,1271,2026-03-20,train,5m,1774049100,included,1774049100,0,0.675,0.67,0.68,0.010000000000000009,0.68,295491.0,60
KXNBAGAME-26MAR20NYKBKN,KXNBAGAME-26MAR20NYKBKN-BKN,NBA,winner,Brooklyn,New York,1774049400,2026-03-20T23:30:00+00:00,kalshi_milestone_start_date,2026-03-26T07:29:18.154189Z,b8c8bddf-e05b-4dd3-9ea8-f11ad479060e,0,1774059761,,True,1416,2026-03-20,train,24h,1773963000,included,1773963000,0,0.07500000000000001,0.07,0.08,0.009999999999999995,0.08,600.0,12
KXNBAGAME-26MAR20NYKBKN,KXNBAGAME-26MAR20NYKBKN-BKN,NBA,winner,Brooklyn,New York,1774049400,2026-03-20T23:30:00+00:00,kalshi_milestone_start_date,2026-03-26T07:29:18.154189Z,b8c8bddf-e05b-4dd3-9ea8-f11ad479060e,0,1774059761,,True,1416,2026-03-20,train,6h,1774027800,included,1774027800,0,0.065,0.06,0.07,0.010000000000000009,0.06,161999.0,50
KXNBAGAME-26MAR20NYKBKN,KXNBAGAME-26MAR20NYKBKN-BKN,NBA,winner,Brooklyn,New York,1774049400,2026-03-20T23:30:00+00:00,kalshi_milestone_start_date,2026-03-26T07:29:18.154189Z,b8c8bddf-e05b-4dd3-9ea8-f11ad479060e,0,1774059761,,True,1416,2026-03-20,train,1h,1774045800,included,1774045800,0,0.065,0.06,0.07,0.010000000000000009,0.07,16393.0,54
KXNBAGAME-26MAR20NYKBKN,KXNBAGAME-26MAR20NYKBKN-BKN,NBA,winner,Brooklyn,New York,1774049400,2026-03-20T23:30:00+00:00,kalshi_milestone_start_date,2026-03-26T07:29:18.154189Z,b8c8bddf-e05b-4dd3-9ea8-f11ad479060e,0,1774059761,,True,1416,2026-03-20,train,5m,1774049100,included,1774049100,0,0.065,0.06,0.07,0.010000000000000009,0.07,79572.0,60
KXNBAGAME-26MAR20ATLHOU,KXNBAGAME-26MAR20ATLHOU-HOU,NBA,winner,Houston,Atlanta,1774051200,2026-03-21T00:00:00+00:00,kalshi_milestone_start_date,2026-03-26T07:29:11.974917Z,f329caa6-5b69-40b6-abed-379314e494f1,1,1774061151,,True,1217,2026-03-21,train,24h,1773964800,included,1773964740,60,0.615,0.61,0.62,0.010000000000000009,0.62,220.0,8
KXNBAGAME-26MAR20ATLHOU,KXNBAGAME-26MAR20ATLHOU-HOU,NBA,winner,Houston,Atlanta,1774051200,2026-03-21T00:00:00+00:00,kalshi_milestone_start_date,2026-03-26T07:29:11.974917Z,f329caa6-5b69-40b6-abed-379314e494f1,1,1774061151,,True,1217,2026-03-21,train,6h,1774029600,included,1774029600,0,0.585,0.58,0.59,0.010000000000000009,0.59,111332.0,49
KXNBAGAME-26MAR20ATLHOU,KXNBAGAME-26MAR20ATLHOU-HOU,NBA,winner,Houston,Atlanta,1774051200,2026-03-21T00:00:00+00:00,kalshi_milestone_start_date,2026-03-26T07:29:11.974917Z,f329caa6-5b69-40b6-abed-379314e494f1,1,1774061151,,True,1217,2026-03-21,train,1h,1774047600,included,1774047600,0,0.585,0.58,0.59,0.010000000000000009,0.59,109414.0,59
KXNBAGAME-26MAR20ATLHOU,KXNBAGAME-26MAR20ATLHOU-HOU,NBA,winner,Houston,Atlanta,1774051200,2026-03-21T00:00:00+00:00,kalshi_milestone_start_date,2026-03-26T07:29:11.974917Z,f329caa6-5b69-40b6-abed-379314e494f1,1,1774061151,,True,1217,2026-03-21,train,5m,1774050900,included,1774050900,0,0.595,0.59,0.6,0.010000000000000009,0.6,117610.0,60
KXNBAGAME-26MAR20BOSMEM,KXNBAGAME-26MAR20BOSMEM-MEM,NBA,winner,Memphis,Boston,1774051200,2026-03-21T00:00:00+00:00,kalshi_milestone_start_date,2026-03-26T07:29:26.470937Z,29249c4a-f609-43ba-b962-ec088dfd8495,0,1774061150,,True,1279,2026-03-21,train,24h,1773964800,included,1773964680,120,0.095,0.09,0.1,0.010000000000000009,,996.0,17
KXNBAGAME-26MAR20BOSMEM,KXNBAGAME-26MAR20BOSMEM-MEM,NBA,winner,Memphis,Boston,1774051200,2026-03-21T00:00:00+00:00,kalshi_milestone_start_date,2026-03-26T07:29:26.470937Z,29249c4a-f609-43ba-b962-ec088dfd8495,0,1774061150,,True,1279,2026-03-21,train,6h,1774029600,included,1774029480,120,0.095,0.09,0.1,0.010000000000000009,0.1,2362.0,27
KXNBAGAME-26MAR20BOSMEM,KXNBAGAME-26MAR20BOSMEM-MEM,NBA,winner,Memphis,Boston,1774051200,2026-03-21T00:00:00+00:00,kalshi_milestone_start_date,2026-03-26T07:29:26.470937Z,29249c4a-f609-43ba-b962-ec088dfd8495,0,1774061150,,True,1279,2026-03-21,train,1h,1774047600,included,1774047600,0,0.08499999999999999,0.08,0.09,0.009999999999999995,0.09,31051.0,54
KXNBAGAME-26MAR20BOSMEM,KXNBAGAME-26MAR20BOSMEM-MEM,NBA,winner,Memphis,Boston,1774051200,2026-03-21T00:00:00+00:00,kalshi_milestone_start_date,2026-03-26T07:29:26.470937Z,29249c4a-f609-43ba-b962-ec088dfd8495,0,1774061150,,True,1279,2026-03-21,train,5m,1774050900,included,1774050900,0,0.095,0.09,0.1,0.010000000000000009,0.1,237033.0,56
KXNBAGAME-26MAR20PORMIN,KXNBAGAME-26MAR20PORMIN-MIN,NBA,winner,Minnesota,Portland,1774051200,2026-03-21T00:00:00+00:00,kalshi_milestone_start_date,2026-03-26T07:29:11.919722Z,ea4f776b-6f01-4c42-8e6a-7b5e6f29be6a,0,1774061395,,True,1274,2026-03-21,train,24h,1773964800,included,1773964740,60,0.565,0.56,0.57,0.009999999999999898,,134.0,7
KXNBAGAME-26MAR20PORMIN,KXNBAGAME-26MAR20PORMIN-MIN,NBA,winner,Minnesota,Portland,1774051200,2026-03-21T00:00:00+00:00,kalshi_milestone_start_date,2026-03-26T07:29:11.919722Z,ea4f776b-6f01-4c42-8e6a-7b5e6f29be6a,0,1774061395,,True,1274,2026-03-21,train,6h,1774029600,included,1774029600,0,0.555,0.55,0.56,0.010000000000000009,0.56,5438.0,46
KXNBAGAME-26MAR20PORMIN,KXNBAGAME-26MAR20PORMIN-MIN,NBA,winner,Minnesota,Portland,1774051200,2026-03-21T00:00:00+00:00,kalshi_milestone_start_date,2026-03-26T07:29:11.919722Z,ea4f776b-6f01-4c42-8e6a-7b5e6f29be6a,0,1774061395,,True,1274,2026-03-21,train,1h,1774047600,included,1774047600,0,0.515,0.51,0.52,0.010000000000000009,0.52,92592.0,59
KXNBAGAME-26MAR20PORMIN,KXNBAGAME-26MAR20PORMIN-MIN,NBA,winner,Minnesota,Portland,1774051200,2026-03-21T00:00:00+00:00,kalshi_milestone_start_date,2026-03-26T07:29:11.919722Z,ea4f776b-6f01-4c42-8e6a-7b5e6f29be6a,0,1774061395,,True,1274,2026-03-21,train,5m,1774050900,included,1774050900,0,0.495,0.49,0.5,0.010000000000000009,0.5,123733.0,60
KXNBAGAME-26MAR20TORDEN,KXNBAGAME-26MAR20TORDEN-DEN,NBA,winner,Denver,Toronto,1774054800,2026-03-21T01:00:00+00:00,kalshi_milestone_start_date,2026-03-26T07:29:17.700318Z,f5018684-db69-4570-af09-7b38376a9394,1,1774064771,,True,985,2026-03-21,train,6h,1774033200,included,1774033200,0,0.725,0.72,0.73,0.010000000000000009,0.73,2974.0,39
KXNBAGAME-26MAR20TORDEN,KXNBAGAME-26MAR20TORDEN-DEN,NBA,winner,Denver,Toronto,1774054800,2026-03-21T01:00:00+00:00,kalshi_milestone_start_date,2026-03-26T07:29:17.700318Z,f5018684-db69-4570-af09-7b38376a9394,1,1774064771,,True,985,2026-03-21,train,1h,1774051200,included,1774051200,0,0.715,0.71,0.72,0.010000000000000009,0.72,30124.0,57
KXNBAGAME-26MAR20TORDEN,KXNBAGAME-26MAR20TORDEN-DEN,NBA,winner,Denver,Toronto,1774054800,2026-03-21T01:00:00+00:00,kalshi_milestone_start_date,2026-03-26T07:29:17.700318Z,f5018684-db69-4570-af09-7b38376a9394,1,1774064771,,True,985,2026-03-21,train,5m,1774054500,included,1774054500,0,0.705,0.7,0.71,0.010000000000000009,0.71,29256.0,58
KXNBAGAME-26MAR21OKCWAS,KXNBAGAME-26MAR21OKCWAS-WAS,NBA,winner,Washington,Oklahoma City,1774126800,2026-03-21T21:00:00+00:00,kalshi_milestone_start_date,2026-03-26T07:29:55.205906Z,4843fcc9-ccd2-4fb7-94bc-90303673aa59,0,1774136640,,True,1006,2026-03-21,train,24h,1774040400,included,1774040340,60,0.055,0.05,0.06,0.009999999999999995,0.06,2226.0,12
KXNBAGAME-26MAR21OKCWAS,KXNBAGAME-26MAR21OKCWAS-WAS,NBA,winner,Washington,Oklahoma City,1774126800,2026-03-21T21:00:00+00:00,kalshi_milestone_start_date,2026-03-26T07:29:55.205906Z,4843fcc9-ccd2-4fb7-94bc-90303673aa59,0,1774136640,,True,1006,2026-03-21,train,6h,1774105200,included,1774105200,0,0.045,0.04,0.05,0.010000000000000002,0.05,16725.0,43
KXNBAGAME-26MAR21OKCWAS,KXNBAGAME-26MAR21OKCWAS-WAS,NBA,winner,Washington,Oklahoma City,1774126800,2026-03-21T21:00:00+00:00,kalshi_milestone_start_date,2026-03-26T07:29:55.205906Z,4843fcc9-ccd2-4fb7-94bc-90303673aa59,0,1774136640,,True,1006,2026-03-21,train,1h,1774123200,included,1774123200,0,0.035,0.03,0.04,0.010000000000000002,0.04,32943.0,53
KXNBAGAME-26MAR21OKCWAS,KXNBAGAME-26MAR21OKCWAS-WAS,NBA,winner,Washington,Oklahoma City,1774126800,2026-03-21T21:00:00+00:00,kalshi_milestone_start_date,2026-03-26T07:29:55.205906Z,4843fcc9-ccd2-4fb7-94bc-90303673aa59,0,1774136640,,True,1006,2026-03-21,train,5m,1774126500,included,1774126500,0,0.035,0.03,0.04,0.010000000000000002,0.04,84522.0,59
KXNBAGAME-26MAR21CLENOP,KXNBAGAME-26MAR21CLENOP-NOP,NBA,winner,New Orleans,Cleveland,1774134000,2026-03-21T23:00:00+00:00,kalshi_milestone_start_date,2026-03-26T07:29:47.267811Z,859e1dd0-2ebf-4283-b179-70dde590c56d,0,1774143161,,True,991,2026-03-21,train,6h,1774112400,included,1774112400,0,0.355,0.35,0.36,0.010000000000000009,,3716.0,28
KXNBAGAME-26MAR21CLENOP,KXNBAGAME-26MAR21CLENOP-NOP,NBA,winner,New Orleans,Cleveland,1774134000,2026-03-21T23:00:00+00:00,kalshi_milestone_start_date,2026-03-26T07:29:47.267811Z,859e1dd0-2ebf-4283-b179-70dde590c56d,0,1774143161,,True,991,2026-03-21,train,1h,1774130400,included,1774130400,0,0.345,0.34,0.35,0.009999999999999953,,19819.0,44
KXNBAGAME-26MAR21CLENOP,KXNBAGAME-26MAR21CLENOP-NOP,NBA,winner,New Orleans,Cleveland,1774134000,2026-03-21T23:00:00+00:00,kalshi_milestone_start_date,2026-03-26T07:29:47.267811Z,859e1dd0-2ebf-4283-b179-70dde590c56d,0,1774143161,,True,991,2026-03-21,train,5m,1774133700,included,1774133700,0,0.355,0.35,0.36,0.010000000000000009,0.36,20695.0,46
KXNBAGAME-26MAR21LALORL,KXNBAGAME-26MAR21LALORL-ORL,NBA,winner,Orlando,Los Angeles L,1774134000,2026-03-21T23:00:00+00:00,kalshi_milestone_start_date,2026-03-26T07:30:05.988182Z,e5df99d8-5fc4-4eca-91f6-71b86e332201,0,1774144351,,True,1079,2026-03-21,train,24h,1774047600,included,1774047600,0,0.405,0.4,0.41,0.009999999999999953,,630.0,16
KXNBAGAME-26MAR21LALORL,KXNBAGAME-26MAR21LALORL-ORL,NBA,winner,Orlando,Los Angeles L,1774134000,2026-03-21T23:00:00+00:00,kalshi_milestone_start_date,2026-03-26T07:30:05.988182Z,e5df99d8-5fc4-4eca-91f6-71b86e332201,0,1774144351,,True,1079,2026-03-21,train,6h,1774112400,included,1774112280,120,0.415,0.41,0.42,0.010000000000000009,0.42,6510.0,33
KXNBAGAME-26MAR21LALORL,KXNBAGAME-26MAR21LALORL-ORL,NBA,winner,Orlando,Los Angeles L,1774134000,2026-03-21T23:00:00+00:00,kalshi_milestone_start_date,2026-03-26T07:30:05.988182Z,e5df99d8-5fc4-4eca-91f6-71b86e332201,0,1774144351,,True,1079,2026-03-21,train,1h,1774130400,included,1774130400,0,0.385,0.38,0.39,0.010000000000000009,0.39,29694.0,50
KXNBAGAME-26MAR21LALORL,KXNBAGAME-26MAR21LALORL-ORL,NBA,winner,Orlando,Los Angeles L,1774134000,2026-03-21T23:00:00+00:00,kalshi_milestone_start_date,2026-03-26T07:30:05.988182Z,e5df99d8-5fc4-4eca-91f6-71b86e332201,0,1774144351,,True,1079,2026-03-21,train,5m,1774133700,included,1774133700,0,0.415,0.41,0.42,0.010000000000000009,0.41,39533.0,58
KXNBAGAME-26MAR21MEMCHA,KXNBAGAME-26MAR21MEMCHA-CHA,NBA,winner,Charlotte,Memphis,1774134000,2026-03-21T23:00:00+00:00,kalshi_milestone_start_date,2026-03-26T07:30:11.703725Z,09bca5a8-48c4-45e6-9ccf-e2068c0c0c70,1,1774143591,,True,727,2026-03-21,train,24h,1774047600,included,1774047480,120,0.885,0.88,0.89,0.010000000000000009,,603.0,2
KXNBAGAME-26MAR21MEMCHA,KXNBAGAME-26MAR21MEMCHA-CHA,NBA,winner,Charlotte,Memphis,1774134000,2026-03-21T23:00:00+00:00,kalshi_milestone_start_date,2026-03-26T07:30:11.703725Z,09bca5a8-48c4-45e6-9ccf-e2068c0c0c70,1,1774143591,,True,727,2026-03-21,train,6h,1774112400,included,1774112400,0,0.925,0.92,0.93,0.010000000000000009,,1296.0,20
KXNBAGAME-26MAR21MEMCHA,KXNBAGAME-26MAR21MEMCHA-CHA,NBA,winner,Charlotte,Memphis,1774134000,2026-03-21T23:00:00+00:00,kalshi_milestone_start_date,2026-03-26T07:30:11.703725Z,09bca5a8-48c4-45e6-9ccf-e2068c0c0c70,1,1774143591,,True,727,2026-03-21,train,1h,1774130400,included,1774130340,60,0.935,0.93,0.94,0.009999999999999898,,1392.0,21
KXNBAGAME-26MAR21MEMCHA,KXNBAGAME-26MAR21MEMCHA-CHA,NBA,winner,Charlotte,Memphis,1774134000,2026-03-21T23:00:00+00:00,kalshi_milestone_start_date,2026-03-26T07:30:11.703725Z,09bca5a8-48c4-45e6-9ccf-e2068c0c0c70,1,1774143591,,True,727,2026-03-21,train,5m,1774133700,included,1774133700,0,0.935,0.93,0.94,0.009999999999999898,0.94,16743.0,29
KXNBAGAME-26MAR21GSWATL,KXNBAGAME-26MAR21GSWATL-ATL,NBA,winner,Atlanta,Golden State,1774137600,2026-03-22T00:00:00+00:00,kalshi_milestone_start_date,2026-03-26T07:29:56.041964Z,2760f708-46fb-4620-86f7-05ed7c3f2ba5,1,1774147430,,True,940,2026-03-22,train,24h,1774051200,included,1774051140,60,0.74,0.73,0.75,0.020000000000000018,0.75,259.0,4
KXNBAGAME-26MAR21GSWATL,KXNBAGAME-26MAR21GSWATL-ATL,NBA,winner,Atlanta,Golden State,1774137600,2026-03-22T00:00:00+00:00,kalshi_milestone_start_date,2026-03-26T07:29:56.041964Z,2760f708-46fb-4620-86f7-05ed7c3f2ba5,1,1774147430,,True,940,2026-03-22,train,6h,1774116000,included,1774116000,0,0.795,0.79,0.8,0.010000000000000009,0.8,20501.0,22
KXNBAGAME-26MAR21GSWATL,KXNBAGAME-26MAR21GSWATL-ATL,NBA,winner,Atlanta,Golden State,1774137600,2026-03-22T00:00:00+00:00,kalshi_milestone_start_date,2026-03-26T07:29:56.041964Z,2760f708-46fb-4620-86f7-05ed7c3f2ba5,1,1774147430,,True,940,2026-03-22,train,1h,1774134000,included,1774134000,0,0.775,0.77,0.78,0.010000000000000009,,21251.0,45
KXNBAGAME-26MAR21GSWATL,KXNBAGAME-26MAR21GSWATL-ATL,NBA,winner,Atlanta,Golden State,1774137600,2026-03-22T00:00:00+00:00,kalshi_milestone_start_date,2026-03-26T07:29:56.041964Z,2760f708-46fb-4620-86f7-05ed7c3f2ba5,1,1774147430,,True,940,2026-03-22,train,5m,1774137300,included,1774137300,0,0.745,0.74,0.75,0.010000000000000009,0.75,51868.0,56
KXNBAGAME-26MAR21INDSAS,KXNBAGAME-26MAR21INDSAS-SAS,NBA,winner,San Antonio,Indiana,1774137600,2026-03-22T00:00:00+00:00,kalshi_milestone_start_date,2026-03-26T07:30:05.739446Z,153b073c-f603-4124-9608-86dcb1f9d565,1,1774146751,,True,771,2026-03-22,train,24h,1774051200,included,1774051200,0,0.945,0.94,0.95,0.010000000000000009,,5684.0,12
KXNBAGAME-26MAR21INDSAS,KXNBAGAME-26MAR21INDSAS-SAS,NBA,winner,San Antonio,Indiana,1774137600,2026-03-22T00:00:00+00:00,kalshi_milestone_start_date,2026-03-26T07:30:05.739446Z,153b073c-f603-4124-9608-86dcb1f9d565,1,1774146751,,True,771,2026-03-22,train,6h,1774116000,included,1774116000,0,0.935,0.93,0.94,0.009999999999999898,,19575.0,20
KXNBAGAME-26MAR21INDSAS,KXNBAGAME-26MAR21INDSAS-SAS,NBA,winner,San Antonio,Indiana,1774137600,2026-03-22T00:00:00+00:00,kalshi_milestone_start_date,2026-03-26T07:30:05.739446Z,153b073c-f603-4124-9608-86dcb1f9d565,1,1774146751,,True,771,2026-03-22,train,1h,1774134000,included,1774134000,0,0.935,0.93,0.94,0.009999999999999898,,14761.0,29
KXNBAGAME-26MAR21INDSAS,KXNBAGAME-26MAR21INDSAS-SAS,NBA,winner,San Antonio,Indiana,1774137600,2026-03-22T00:00:00+00:00,kalshi_milestone_start_date,2026-03-26T07:30:05.739446Z,153b073c-f603-4124-9608-86dcb1f9d565,1,1774146751,,True,771,2026-03-22,train,5m,1774137300,included,1774137300,0,0.915,0.91,0.92,0.010000000000000009,0.92,239972.0,46
KXNBAGAME-26MAR21MIAHOU,KXNBAGAME-26MAR21MIAHOU-HOU,NBA,winner,Houston,Miami,1774137600,2026-03-22T00:00:00+00:00,kalshi_milestone_start_date,2026-03-26T07:29:45.902021Z,4a6f1242-82d5-4e38-bbcb-49ba49ab0fd3,1,1774147541,,True,1130,2026-03-22,train,24h,1774051200,included,1774051080,120,0.52,0.51,0.53,0.020000000000000018,0.53,1154.0,13
KXNBAGAME-26MAR21MIAHOU,KXNBAGAME-26MAR21MIAHOU-HOU,NBA,winner,Houston,Miami,1774137600,2026-03-22T00:00:00+00:00,kalshi_milestone_start_date,2026-03-26T07:29:45.902021Z,4a6f1242-82d5-4e38-bbcb-49ba49ab0fd3,1,1774147541,,True,1130,2026-03-22,train,6h,1774116000,included,1774116000,0,0.575,0.57,0.58,0.010000000000000009,0.58,10568.0,46
KXNBAGAME-26MAR21MIAHOU,KXNBAGAME-26MAR21MIAHOU-HOU,NBA,winner,Houston,Miami,1774137600,2026-03-22T00:00:00+00:00,kalshi_milestone_start_date,2026-03-26T07:29:45.902021Z,4a6f1242-82d5-4e38-bbcb-49ba49ab0fd3,1,1774147541,,True,1130,2026-03-22,train,1h,1774134000,included,1774134000,0,0.585,0.58,0.59,0.010000000000000009,0.59,75692.0,57
KXNBAGAME-26MAR21MIAHOU,KXNBAGAME-26MAR21MIAHOU-HOU,NBA,winner,Houston,Miami,1774137600,2026-03-22T00:00:00+00:00,kalshi_milestone_start_date,2026-03-26T07:29:45.902021Z,4a6f1242-82d5-4e38-bbcb-49ba49ab0fd3,1,1774147541,,True,1130,2026-03-22,train,5m,1774137300,included,1774137300,0,0.565,0.56,0.57,0.009999999999999898,0.56,1311751.0,60
KXNBAGAME-26MAR21LACDAL,KXNBAGAME-26MAR21LACDAL-DAL,NBA,winner,Dallas,Los Angeles C,1774139400,2026-03-22T00:30:00+00:00,kalshi_milestone_start_date,2026-03-26T07:29:57.701044Z,c9036fba-0954-4405-9e78-1900a3699444,0,1774149841,,True,944,2026-03-22,train,24h,1774053000,included,1774052880,120,0.28,0.27,0.29,0.019999999999999962,,174.0,3
KXNBAGAME-26MAR21LACDAL,KXNBAGAME-26MAR21LACDAL-DAL,NBA,winner,Dallas,Los Angeles C,1774139400,2026-03-22T00:30:00+00:00,kalshi_milestone_start_date,2026-03-26T07:29:57.701044Z,c9036fba-0954-4405-9e78-1900a3699444,0,1774149841,,True,944,2026-03-22,train,6h,1774117800,included,1774117800,0,0.28500000000000003,0.28,0.29,0.009999999999999953,,3588.0,26
KXNBAGAME-26MAR21LACDAL,KXNBAGAME-26MAR21LACDAL-DAL,NBA,winner,Dallas,Los Angeles C,1774139400,2026-03-22T00:30:00+00:00,kalshi_milestone_start_date,2026-03-26T07:29:57.701044Z,c9036fba-0954-4405-9e78-1900a3699444,0,1774149841,,True,944,2026-03-22,train,1h,1774135800,included,1774135800,0,0.28500000000000003,0.28,0.29,0.009999999999999953,0.29,6136.0,48
KXNBAGAME-26MAR21LACDAL,KXNBAGAME-26MAR21LACDAL-DAL,NBA,winner,Dallas,Los Angeles C,1774139400,2026-03-22T00:30:00+00:00,kalshi_milestone_start_date,2026-03-26T07:29:57.701044Z,c9036fba-0954-4405-9e78-1900a3699444,0,1774149841,,True,944,2026-03-22,train,5m,1774139100,included,1774139100,0,0.295,0.29,0.3,0.010000000000000009,0.3,10820.0,48
KXNBAGAME-26MAR21PHIUTA,KXNBAGAME-26MAR21PHIUTA-UTA,NBA,winner,Utah,Philadelphia,1774143000,2026-03-22T01:30:00+00:00,kalshi_milestone_start_date,2026-03-26T07:29:44.898259Z,eb6af111-f588-4fd7-9f7c-8c542d466d57,0,1774152461,,True,705,2026-03-22,train,24h,1774056600,included,1774056600,0,0.28500000000000003,0.28,0.29,0.009999999999999953,,1531.0,4
KXNBAGAME-26MAR21PHIUTA,KXNBAGAME-26MAR21PHIUTA-UTA,NBA,winner,Utah,Philadelphia,1774143000,2026-03-22T01:30:00+00:00,kalshi_milestone_start_date,2026-03-26T07:29:44.898259Z,eb6af111-f588-4fd7-9f7c-8c542d466d57,0,1774152461,,True,705,2026-03-22,train,6h,1774121400,included,1774121400,0,0.325,0.32,0.33,0.010000000000000009,0.32,915.0,16
KXNBAGAME-26MAR21PHIUTA,KXNBAGAME-26MAR21PHIUTA-UTA,NBA,winner,Utah,Philadelphia,1774143000,2026-03-22T01:30:00+00:00,kalshi_milestone_start_date,2026-03-26T07:29:44.898259Z,eb6af111-f588-4fd7-9f7c-8c542d466d57,0,1774152461,,True,705,2026-03-22,train,1h,1774139400,included,1774139400,0,0.335,0.33,0.34,0.010000000000000009,0.34,3234.0,33
KXNBAGAME-26MAR21PHIUTA,KXNBAGAME-26MAR21PHIUTA-UTA,NBA,winner,Utah,Philadelphia,1774143000,2026-03-22T01:30:00+00:00,kalshi_milestone_start_date,2026-03-26T07:29:44.898259Z,eb6af111-f588-4fd7-9f7c-8c542d466d57,0,1774152461,,True,705,2026-03-22,train,5m,1774142700,included,1774142700,0,0.315,0.31,0.32,0.010000000000000009,0.32,103949.0,45
KXNBAGAME-26MAR21MILPHX,KXNBAGAME-26MAR21MILPHX-PHX,NBA,winner,Phoenix,Milwaukee,1774144800,2026-03-22T02:00:00+00:00,kalshi_milestone_start_date,2026-03-26T07:29:56.380001Z,96b04eb5-04b8-4819-9889-90dbd2601a65,0,1774154621,,True,794,2026-03-22,train,6h,1774123200,included,1774123080,120,0.835,0.83,0.84,0.010000000000000009,0.84,595.0,13
KXNBAGAME-26MAR21MILPHX,KXNBAGAME-26MAR21MILPHX-PHX,NBA,winner,Phoenix,Milwaukee,1774144800,2026-03-22T02:00:00+00:00,kalshi_milestone_start_date,2026-03-26T07:29:56.380001Z,96b04eb5-04b8-4819-9889-90dbd2601a65,0,1774154621,,True,794,2026-03-22,train,1h,1774141200,included,1774141140,60,0.835,0.83,0.84,0.010000000000000009,0.84,39096.0,34
KXNBAGAME-26MAR21MILPHX,KXNBAGAME-26MAR21MILPHX-PHX,NBA,winner,Phoenix,Milwaukee,1774144800,2026-03-22T02:00:00+00:00,kalshi_milestone_start_date,2026-03-26T07:29:56.380001Z,96b04eb5-04b8-4819-9889-90dbd2601a65,0,1774154621,,True,794,2026-03-22,train,5m,1774144500,included,1774144500,0,0.835,0.83,0.84,0.010000000000000009,0.84,105523.0,47
KXNBAGAME-26MAR22PORDEN,KXNBAGAME-26MAR22PORDEN-DEN,NBA,winner,Denver,Portland,1774213200,2026-03-22T21:00:00+00:00,kalshi_milestone_start_date,2026-03-26T07:30:11.112923Z,7364ad6d-3b7e-421e-9867-9a4a8ee4acfc,1,1774222180,,True,1120,2026-03-22,train,24h,1774126800,included,1774126740,60,0.74,0.73,0.75,0.020000000000000018,0.75,239.0,20
KXNBAGAME-26MAR22PORDEN,KXNBAGAME-26MAR22PORDEN-DEN,NBA,winner,Denver,Portland,1774213200,2026-03-22T21:00:00+00:00,kalshi_milestone_start_date,2026-03-26T07:30:11.112923Z,7364ad6d-3b7e-421e-9867-9a4a8ee4acfc,1,1774222180,,True,1120,2026-03-22,train,6h,1774191600,included,1774191600,0,0.775,0.77,0.78,0.010000000000000009,0.78,19866.0,48
KXNBAGAME-26MAR22PORDEN,KXNBAGAME-26MAR22PORDEN-DEN,NBA,winner,Denver,Portland,1774213200,2026-03-22T21:00:00+00:00,kalshi_milestone_start_date,2026-03-26T07:30:11.112923Z,7364ad6d-3b7e-421e-9867-9a4a8ee4acfc,1,1774222180,,True,1120,2026-03-22,train,1h,1774209600,included,1774209600,0,0.765,0.76,0.77,0.010000000000000009,0.77,165925.0,59
KXNBAGAME-26MAR22PORDEN,KXNBAGAME-26MAR22PORDEN-DEN,NBA,winner,Denver,Portland,1774213200,2026-03-22T21:00:00+00:00,kalshi_milestone_start_date,2026-03-26T07:30:11.112923Z,7364ad6d-3b7e-421e-9867-9a4a8ee4acfc,1,1774222180,,True,1120,2026-03-22,train,5m,1774212900,included,1774212900,0,0.755,0.75,0.76,0.010000000000000009,0.76,160920.0,60
KXNBAGAME-26MAR22BKNSAC,KXNBAGAME-26MAR22BKNSAC-SAC,NBA,winner,Sacramento,Brooklyn,1774216800,2026-03-22T22:00:00+00:00,kalshi_milestone_start_date,2026-03-26T07:30:11.174479Z,bd66b4d6-1415-4b7e-a449-a4e3a6af7223,1,1774226741,,True,868,2026-03-22,train,6h,1774195200,included,1774195200,0,0.685,0.68,0.69,0.009999999999999898,0.69,4826.0,38
KXNBAGAME-26MAR22BKNSAC,KXNBAGAME-26MAR22BKNSAC-SAC,NBA,winner,Sacramento,Brooklyn,1774216800,2026-03-22T22:00:00+00:00,kalshi_milestone_start_date,2026-03-26T07:30:11.174479Z,bd66b4d6-1415-4b7e-a449-a4e3a6af7223,1,1774226741,,True,868,2026-03-22,train,1h,1774213200,included,1774213200,0,0.685,0.68,0.69,0.009999999999999898,0.69,56711.0,47
KXNBAGAME-26MAR22BKNSAC,KXNBAGAME-26MAR22BKNSAC-SAC,NBA,winner,Sacramento,Brooklyn,1774216800,2026-03-22T22:00:00+00:00,kalshi_milestone_start_date,2026-03-26T07:30:11.174479Z,bd66b4d6-1415-4b7e-a449-a4e3a6af7223,1,1774226741,,True,868,2026-03-22,train,5m,1774216500,included,1774216500,0,0.685,0.68,0.69,0.009999999999999898,0.69,20565.0,56
KXNBAGAME-26MAR22WASNYK,KXNBAGAME-26MAR22WASNYK-NYK,NBA,winner,New York,Washington,1774222200,2026-03-22T23:30:00+00:00,kalshi_milestone_start_date,2026-03-26T07:30:06.253164Z,c8881f23-246e-4bed-b6d4-a78c87bf7ea4,1,1774231651,,True,891,2026-03-22,train,6h,1774200600,included,1774200600,0,0.955,0.95,0.96,0.010000000000000009,0.96,2188.0,35
KXNBAGAME-26MAR22WASNYK,KXNBAGAME-26MAR22WASNYK-NYK,NBA,winner,New York,Washington,1774222200,2026-03-22T23:30:00+00:00,kalshi_milestone_start_date,2026-03-26T07:30:06.253164Z,c8881f23-246e-4bed-b6d4-a78c87bf7ea4,1,1774231651,,True,891,2026-03-22,train,1h,1774218600,included,1774218600,0,0.955,0.95,0.96,0.010000000000000009,0.96,23886.0,35
KXNBAGAME-26MAR22WASNYK,KXNBAGAME-26MAR22WASNYK-NYK,NBA,winner,New York,Washington,1774222200,2026-03-22T23:30:00+00:00,kalshi_milestone_start_date,2026-03-26T07:30:06.253164Z,c8881f23-246e-4bed-b6d4-a78c87bf7ea4,1,1774231651,,True,891,2026-03-22,train,5m,1774221900,included,1774221900,0,0.955,0.95,0.96,0.010000000000000009,0.96,35804.0,46
KXNBAGAME-26MAR22MINBOS,KXNBAGAME-26MAR22MINBOS-BOS,NBA,winner,Boston,Minnesota,1774224000,2026-03-23T00:00:00+00:00,kalshi_milestone_start_date,2026-03-26T07:29:20.20649Z,92591bb8-dbb8-42fe-a024-01c7b74f8bc2,0,1774233751,,True,1099,2026-03-23,train,24h,1774137600,included,1774137600,0,0.775,0.77,0.78,0.010000000000000009,,184.0,6
KXNBAGAME-26MAR22MINBOS,KXNBAGAME-26MAR22MINBOS-BOS,NBA,winner,Boston,Minnesota,1774224000,2026-03-23T00:00:00+00:00,kalshi_milestone_start_date,2026-03-26T07:29:20.20649Z,92591bb8-dbb8-42fe-a024-01c7b74f8bc2,0,1774233751,,True,1099,2026-03-23,train,6h,1774202400,included,1774202400,0,0.785,0.78,0.79,0.010000000000000009,0.79,5029.0,45
KXNBAGAME-26MAR22MINBOS,KXNBAGAME-26MAR22MINBOS-BOS,NBA,winner,Boston,Minnesota,1774224000,2026-03-23T00:00:00+00:00,kalshi_milestone_start_date,2026-03-26T07:29:20.20649Z,92591bb8-dbb8-42fe-a024-01c7b74f8bc2,0,1774233751,,True,1099,2026-03-23,train,1h,1774220400,included,1774220400,0,0.785,0.78,0.79,0.010000000000000009,0.79,41476.0,59
KXNBAGAME-26MAR22MINBOS,KXNBAGAME-26MAR22MINBOS-BOS,NBA,winner,Boston,Minnesota,1774224000,2026-03-23T00:00:00+00:00,kalshi_milestone_start_date,2026-03-26T07:29:20.20649Z,92591bb8-dbb8-42fe-a024-01c7b74f8bc2,0,1774233751,,True,1099,2026-03-23,train,5m,1774223700,included,1774223700,0,0.795,0.79,0.8,0.010000000000000009,0.8,919759.0,60
KXNBAGAME-26MAR22TORPHX,KXNBAGAME-26MAR22TORPHX-PHX,NBA,winner,Phoenix,Toronto,1774227600,2026-03-23T01:00:00+00:00,kalshi_milestone_start_date,2026-03-26T07:30:07.273362Z,5107afb6-2150-47b7-abf4-626a8895ecaf,1,1774238251,,True,1110,2026-03-23,train,6h,1774206000,included,1774206000,0,0.4,0.39,0.41,0.019999999999999962,0.41,10141.0,49
KXNBAGAME-26MAR22TORPHX,KXNBAGAME-26MAR22TORPHX-PHX,NBA,winner,Phoenix,Toronto,1774227600,2026-03-23T01:00:00+00:00,kalshi_milestone_start_date,2026-03-26T07:30:07.273362Z,5107afb6-2150-47b7-abf4-626a8895ecaf,1,1774238251,,True,1110,2026-03-23,train,1h,1774224000,included,1774224000,0,0.395,0.39,0.4,0.010000000000000009,0.4,46270.0,60
KXNBAGAME-26MAR22TORPHX,KXNBAGAME-26MAR22TORPHX-PHX,NBA,winner,Phoenix,Toronto,1774227600,2026-03-23T01:00:00+00:00,kalshi_milestone_start_date,2026-03-26T07:30:07.273362Z,5107afb6-2150-47b7-abf4-626a8895ecaf,1,1774238251,,True,1110,2026-03-23,train,5m,1774227300,included,1774227300,0,0.375,0.37,0.38,0.010000000000000009,0.38,179418.0,60
KXNBAGAME-26MAR23INDORL,KXNBAGAME-26MAR23INDORL-ORL,NBA,winner,Orlando,Indiana,1774306800,2026-03-23T23:00:00+00:00,kalshi_milestone_start_date,2026-03-26T07:29:55.993285Z,1df2d54a-9335-4fce-82eb-62cd1c3bebb3,0,1774316761,,True,931,2026-03-23,train,24h,1774220400,included,1774220400,0,0.89,0.88,0.9,0.020000000000000018,,1696.0,7
KXNBAGAME-26MAR23INDORL,KXNBAGAME-26MAR23INDORL-ORL,NBA,winner,Orlando,Indiana,1774306800,2026-03-23T23:00:00+00:00,kalshi_milestone_start_date,2026-03-26T07:29:55.993285Z,1df2d54a-9335-4fce-82eb-62cd1c3bebb3,0,1774316761,,True,931,2026-03-23,train,6h,1774285200,included,1774285200,0,0.875,0.87,0.88,0.010000000000000009,,8922.0,36
KXNBAGAME-26MAR23INDORL,KXNBAGAME-26MAR23INDORL-ORL,NBA,winner,Orlando,Indiana,1774306800,2026-03-23T23:00:00+00:00,kalshi_milestone_start_date,2026-03-26T07:29:55.993285Z,1df2d54a-9335-4fce-82eb-62cd1c3bebb3,0,1774316761,,True,931,2026-03-23,train,1h,1774303200,included,1774303200,0,0.865,0.86,0.87,0.010000000000000009,0.86,19762.0,46
KXNBAGAME-26MAR23INDORL,KXNBAGAME-26MAR23INDORL-ORL,NBA,winner,Orlando,Indiana,1774306800,2026-03-23T23:00:00+00:00,kalshi_milestone_start_date,2026-03-26T07:29:55.993285Z,1df2d54a-9335-4fce-82eb-62cd1c3bebb3,0,1774316761,,True,931,2026-03-23,train,5m,1774306500,included,1774306500,0,0.825,0.82,0.83,0.010000000000000009,0.83,95348.0,55
KXNBAGAME-26MAR23LALDET,KXNBAGAME-26MAR23LALDET-DET,NBA,winner,Detroit,Los Angeles L,1774306800,2026-03-23T23:00:00+00:00,kalshi_milestone_start_date,2026-03-26T07:28:15.620783Z,6a2d3a08-0e0b-45ee-9d6d-17f933eeeb4e,1,1774316882,,True,1346,2026-03-23,train,24h,1774220400,included,1774220400,0,0.45,0.44,0.46,0.020000000000000018,,3743.0,34
KXNBAGAME-26MAR23LALDET,KXNBAGAME-26MAR23LALDET-DET,NBA,winner,Detroit,Los Angeles L,1774306800,2026-03-23T23:00:00+00:00,kalshi_milestone_start_date,2026-03-26T07:28:15.620783Z,6a2d3a08-0e0b-45ee-9d6d-17f933eeeb4e,1,1774316882,,True,1346,2026-03-23,train,6h,1774285200,included,1774285200,0,0.46499999999999997,0.46,0.47,0.009999999999999953,0.46,9920.0,59
KXNBAGAME-26MAR23LALDET,KXNBAGAME-26MAR23LALDET-DET,NBA,winner,Detroit,Los Angeles L,1774306800,2026-03-23T23:00:00+00:00,kalshi_milestone_start_date,2026-03-26T07:28:15.620783Z,6a2d3a08-0e0b-45ee-9d6d-17f933eeeb4e,1,1774316882,,True,1346,2026-03-23,train,1h,1774303200,included,1774303200,0,0.475,0.47,0.48,0.010000000000000009,0.48,87847.0,60
KXNBAGAME-26MAR23LALDET,KXNBAGAME-26MAR23LALDET-DET,NBA,winner,Detroit,Los Angeles L,1774306800,2026-03-23T23:00:00+00:00,kalshi_milestone_start_date,2026-03-26T07:28:15.620783Z,6a2d3a08-0e0b-45ee-9d6d-17f933eeeb4e,1,1774316882,,True,1346,2026-03-23,train,5m,1774306500,included,1774306500,0,0.475,0.47,0.48,0.010000000000000009,0.48,240777.0,60
KXNBAGAME-26MAR23OKCPHI,KXNBAGAME-26MAR23OKCPHI-PHI,NBA,winner,Philadelphia,Oklahoma City,1774306800,2026-03-23T23:00:00+00:00,kalshi_milestone_start_date,2026-03-26T07:26:17.852034Z,69116d6c-25cb-4ad7-82c2-2c641f6c1164,0,1774315691,,True,1216,2026-03-23,train,24h,1774220400,included,1774220280,120,0.095,0.09,0.1,0.010000000000000009,0.1,1288.0,18
KXNBAGAME-26MAR23OKCPHI,KXNBAGAME-26MAR23OKCPHI-PHI,NBA,winner,Philadelphia,Oklahoma City,1774306800,2026-03-23T23:00:00+00:00,kalshi_milestone_start_date,2026-03-26T07:26:17.852034Z,69116d6c-25cb-4ad7-82c2-2c641f6c1164,0,1774315691,,True,1216,2026-03-23,train,6h,1774285200,included,1774285200,0,0.095,0.09,0.1,0.010000000000000009,0.1,10967.0,52
KXNBAGAME-26MAR23OKCPHI,KXNBAGAME-26MAR23OKCPHI-PHI,NBA,winner,Philadelphia,Oklahoma City,1774306800,2026-03-23T23:00:00+00:00,kalshi_milestone_start_date,2026-03-26T07:26:17.852034Z,69116d6c-25cb-4ad7-82c2-2c641f6c1164,0,1774315691,,True,1216,2026-03-23,train,1h,1774303200,included,1774303200,0,0.08499999999999999,0.08,0.09,0.009999999999999995,0.09,40525.0,59
KXNBAGAME-26MAR23OKCPHI,KXNBAGAME-26MAR23OKCPHI-PHI,NBA,winner,Philadelphia,Oklahoma City,1774306800,2026-03-23T23:00:00+00:00,kalshi_milestone_start_date,2026-03-26T07:26:17.852034Z,69116d6c-25cb-4ad7-82c2-2c641f6c1164,0,1774315691,,True,1216,2026-03-23,train,5m,1774306500,included,1774306500,0,0.08499999999999999,0.08,0.09,0.009999999999999995,0.09,177529.0,60
KXNBAGAME-26MAR23SASMIA,KXNBAGAME-26MAR23SASMIA-MIA,NBA,winner,Miami,San Antonio,1774306800,2026-03-23T23:00:00+00:00,kalshi_milestone_start_date,2026-03-26T07:27:35.805812Z,9767fa62-6fad-42d3-8229-a639487c051c,0,1774317161,,True,1065,2026-03-23,train,6h,1774285200,included,1774285200,0,0.37,0.36,0.38,0.020000000000000018,,3032.0,29
KXNBAGAME-26MAR23SASMIA,KXNBAGAME-26MAR23SASMIA-MIA,NBA,winner,Miami,San Antonio,1774306800,2026-03-23T23:00:00+00:00,kalshi_milestone_start_date,2026-03-26T07:27:35.805812Z,9767fa62-6fad-42d3-8229-a639487c051c,0,1774317161,,True,1065,2026-03-23,train,1h,1774303200,included,1774303200,0,0.395,0.39,0.4,0.010000000000000009,0.4,21388.0,51
KXNBAGAME-26MAR23SASMIA,KXNBAGAME-26MAR23SASMIA-MIA,NBA,winner,Miami,San Antonio,1774306800,2026-03-23T23:00:00+00:00,kalshi_milestone_start_date,2026-03-26T07:27:35.805812Z,9767fa62-6fad-42d3-8229-a639487c051c,0,1774317161,,True,1065,2026-03-23,train,5m,1774306500,included,1774306500,0,0.395,0.39,0.4,0.010000000000000009,0.4,131092.0,60
KXNBAGAME-26MAR23MEMATL,KXNBAGAME-26MAR23MEMATL-ATL,NBA,winner,Atlanta,Memphis,1774308600,2026-03-23T23:30:00+00:00,kalshi_milestone_start_date,2026-03-26T07:27:01.640799Z,01ca3a46-62a1-456e-9d81-c594677d7b17,1,1774317830,,True,860,2026-03-23,train,24h,1774222200,included,1774222140,60,0.885,0.88,0.89,0.010000000000000009,,33.0,3
KXNBAGAME-26MAR23MEMATL,KXNBAGAME-26MAR23MEMATL-ATL,NBA,winner,Atlanta,Memphis,1774308600,2026-03-23T23:30:00+00:00,kalshi_milestone_start_date,2026-03-26T07:27:01.640799Z,01ca3a46-62a1-456e-9d81-c594677d7b17,1,1774317830,,True,860,2026-03-23,train,6h,1774287000,included,1774287000,0,0.885,0.88,0.89,0.010000000000000009,0.89,713.0,10
KXNBAGAME-26MAR23MEMATL,KXNBAGAME-26MAR23MEMATL-ATL,NBA,winner,Atlanta,Memphis,1774308600,2026-03-23T23:30:00+00:00,kalshi_milestone_start_date,2026-03-26T07:27:01.640799Z,01ca3a46-62a1-456e-9d81-c594677d7b17,1,1774317830,,True,860,2026-03-23,train,1h,1774305000,included,1774305000,0,0.875,0.87,0.88,0.010000000000000009,0.89,49359.0,43
KXNBAGAME-26MAR23MEMATL,KXNBAGAME-26MAR23MEMATL-ATL,NBA,winner,Atlanta,Memphis,1774308600,2026-03-23T23:30:00+00:00,kalshi_milestone_start_date,2026-03-26T07:27:01.640799Z,01ca3a46-62a1-456e-9d81-c594677d7b17,1,1774317830,,True,860,2026-03-23,train,5m,1774308300,included,1774308300,0,0.885,0.88,0.89,0.010000000000000009,0.89,6553.0,49
KXNBAGAME-26MAR23HOUCHI,KXNBAGAME-26MAR23HOUCHI-CHI,NBA,winner,Chicago,Houston,1774310400,2026-03-24T00:00:00+00:00,kalshi_milestone_start_date,2026-03-26T07:27:45.692014Z,5c76ad3c-a69d-4a37-9897-51088d69e328,1,1774319871,,True,1161,2026-03-24,train,24h,1774224000,included,1774224000,0,0.2,0.19,0.21,0.01999999999999999,0.2,824.0,3
KXNBAGAME-26MAR23HOUCHI,KXNBAGAME-26MAR23HOUCHI-CHI,NBA,winner,Chicago,Houston,1774310400,2026-03-24T00:00:00+00:00,kalshi_milestone_start_date,2026-03-26T07:27:45.692014Z,5c76ad3c-a69d-4a37-9897-51088d69e328,1,1774319871,,True,1161,2026-03-24,train,6h,1774288800,included,1774288800,0,0.245,0.24,0.25,0.010000000000000009,,797.0,24
KXNBAGAME-26MAR23HOUCHI,KXNBAGAME-26MAR23HOUCHI-CHI,NBA,winner,Chicago,Houston,1774310400,2026-03-24T00:00:00+00:00,kalshi_milestone_start_date,2026-03-26T07:27:45.692014Z,5c76ad3c-a69d-4a37-9897-51088d69e328,1,1774319871,,True,1161,2026-03-24,train,1h,1774306800,included,1774306800,0,0.225,0.22,0.23,0.010000000000000009,0.23,11978.0,39
KXNBAGAME-26MAR23HOUCHI,KXNBAGAME-26MAR23HOUCHI-CHI,NBA,winner,Chicago,Houston,1774310400,2026-03-24T00:00:00+00:00,kalshi_milestone_start_date,2026-03-26T07:27:45.692014Z,5c76ad3c-a69d-4a37-9897-51088d69e328,1,1774319871,,True,1161,2026-03-24,train,5m,1774310100,included,1774310100,0,0.225,0.22,0.23,0.010000000000000009,0.22,8924.0,57
KXNBAGAME-26MAR23TORUTA,KXNBAGAME-26MAR23TORUTA-UTA,NBA,winner,Utah,Toronto,1774314000,2026-03-24T01:00:00+00:00,kalshi_milestone_start_date,2026-03-26T07:29:47.282096Z,c20ed026-520a-4a10-b46d-77ecb5828185,0,1774324340,,True,1025,2026-03-24,train,24h,1774227600,included,1774227540,60,0.125,0.12,0.13,0.010000000000000009,,271.0,7
KXNBAGAME-26MAR23TORUTA,KXNBAGAME-26MAR23TORUTA-UTA,NBA,winner,Utah,Toronto,1774314000,2026-03-24T01:00:00+00:00,kalshi_milestone_start_date,2026-03-26T07:29:47.282096Z,c20ed026-520a-4a10-b46d-77ecb5828185,0,1774324340,,True,1025,2026-03-24,train,6h,1774292400,included,1774292400,0,0.175,0.17,0.18,0.009999999999999981,0.18,2067.0,26
KXNBAGAME-26MAR23TORUTA,KXNBAGAME-26MAR23TORUTA-UTA,NBA,winner,Utah,Toronto,1774314000,2026-03-24T01:00:00+00:00,kalshi_milestone_start_date,2026-03-26T07:29:47.282096Z,c20ed026-520a-4a10-b46d-77ecb5828185,0,1774324340,,True,1025,2026-03-24,train,1h,1774310400,included,1774310400,0,0.185,0.18,0.19,0.010000000000000009,0.19,11171.0,50
KXNBAGAME-26MAR23TORUTA,KXNBAGAME-26MAR23TORUTA-UTA,NBA,winner,Utah,Toronto,1774314000,2026-03-24T01:00:00+00:00,kalshi_milestone_start_date,2026-03-26T07:29:47.282096Z,c20ed026-520a-4a10-b46d-77ecb5828185,0,1774324340,,True,1025,2026-03-24,train,5m,1774313700,included,1774313700,0,0.185,0.18,0.19,0.010000000000000009,0.19,31149.0,57
KXNBAGAME-26MAR23GSWDAL,KXNBAGAME-26MAR23GSWDAL-DAL,NBA,winner,Dallas,Golden State,1774315800,2026-03-24T01:30:00+00:00,kalshi_milestone_start_date,2026-03-26T07:29:58.389336Z,27190a40-df92-4804-8ad9-cecc55edecb1,0,1774327331,,True,1215,2026-03-24,train,6h,1774294200,included,1774294200,0,0.46499999999999997,0.46,0.47,0.009999999999999953,0.47,9346.0,46
KXNBAGAME-26MAR23GSWDAL,KXNBAGAME-26MAR23GSWDAL-DAL,NBA,winner,Dallas,Golden State,1774315800,2026-03-24T01:30:00+00:00,kalshi_milestone_start_date,2026-03-26T07:29:58.389336Z,27190a40-df92-4804-8ad9-cecc55edecb1,0,1774327331,,True,1215,2026-03-24,train,1h,1774312200,included,1774312200,0,0.46499999999999997,0.46,0.47,0.009999999999999953,0.47,46200.0,59
KXNBAGAME-26MAR23GSWDAL,KXNBAGAME-26MAR23GSWDAL-DAL,NBA,winner,Dallas,Golden State,1774315800,2026-03-24T01:30:00+00:00,kalshi_milestone_start_date,2026-03-26T07:29:58.389336Z,27190a40-df92-4804-8ad9-cecc55edecb1,0,1774327331,,True,1215,2026-03-24,train,5m,1774315500,included,1774315500,0,0.435,0.43,0.44,0.010000000000000009,0.43,98939.0,60
KXNBAGAME-26MAR23BKNPOR,KXNBAGAME-26MAR23BKNPOR-POR,NBA,winner,Portland,Brooklyn,1774317600,2026-03-24T02:00:00+00:00,kalshi_milestone_start_date,2026-03-26T07:30:05.104245Z,df3c49d3-88ce-432f-aa7f-8dd643f0cecc,1,1774327941,,True,849,2026-03-24,train,6h,1774296000,included,1774295940,60,0.905,0.9,0.91,0.010000000000000009,,1408.0,18
KXNBAGAME-26MAR23BKNPOR,KXNBAGAME-26MAR23BKNPOR-POR,NBA,winner,Portland,Brooklyn,1774317600,2026-03-24T02:00:00+00:00,kalshi_milestone_start_date,2026-03-26T07:30:05.104245Z,df3c49d3-88ce-432f-aa7f-8dd643f0cecc,1,1774327941,,True,849,2026-03-24,train,1h,1774314000,included,1774313940,60,0.905,0.9,0.91,0.010000000000000009,0.91,16255.0,30
KXNBAGAME-26MAR23BKNPOR,KXNBAGAME-26MAR23BKNPOR-POR,NBA,winner,Portland,Brooklyn,1774317600,2026-03-24T02:00:00+00:00,kalshi_milestone_start_date,2026-03-26T07:30:05.104245Z,df3c49d3-88ce-432f-aa7f-8dd643f0cecc,1,1774327941,,True,849,2026-03-24,train,5m,1774317300,included,1774317300,0,0.905,0.9,0.91,0.010000000000000009,0.91,103822.0,46
KXNBAGAME-26MAR23MILLAC,KXNBAGAME-26MAR23MILLAC-LAC,NBA,winner,Los Angeles C,Milwaukee,1774319400,2026-03-24T02:30:00+00:00,kalshi_milestone_start_date,2026-03-26T07:29:58.459029Z,e11e774e-0ea5-4fc0-934d-d3af02fadbf6,1,1774328380,,True,816,2026-03-24,train,24h,1774233000,included,1774233000,0,0.865,0.86,0.87,0.010000000000000009,,552.0,6
KXNBAGAME-26MAR23MILLAC,KXNBAGAME-26MAR23MILLAC-LAC,NBA,winner,Los Angeles C,Milwaukee,1774319400,2026-03-24T02:30:00+00:00,kalshi_milestone_start_date,2026-03-26T07:29:58.459029Z,e11e774e-0ea5-4fc0-934d-d3af02fadbf6,1,1774328380,,True,816,2026-03-24,train,6h,1774297800,included,1774297800,0,0.865,0.86,0.87,0.010000000000000009,0.86,626.0,22
KXNBAGAME-26MAR23MILLAC,KXNBAGAME-26MAR23MILLAC-LAC,NBA,winner,Los Angeles C,Milwaukee,1774319400,2026-03-24T02:30:00+00:00,kalshi_milestone_start_date,2026-03-26T07:29:58.459029Z,e11e774e-0ea5-4fc0-934d-d3af02fadbf6,1,1774328380,,True,816,2026-03-24,train,1h,1774315800,included,1774315800,0,0.875,0.87,0.88,0.010000000000000009,0.88,8991.0,41
KXNBAGAME-26MAR23MILLAC,KXNBAGAME-26MAR23MILLAC-LAC,NBA,winner,Los Angeles C,Milwaukee,1774319400,2026-03-24T02:30:00+00:00,kalshi_milestone_start_date,2026-03-26T07:29:58.459029Z,e11e774e-0ea5-4fc0-934d-d3af02fadbf6,1,1774328380,,True,816,2026-03-24,train,5m,1774319100,included,1774319100,0,0.875,0.87,0.88,0.010000000000000009,0.88,47628.0,56
KXNBAGAME-26MAR24SACCHA,KXNBAGAME-26MAR24SACCHA-CHA,NBA,winner,Charlotte,Sacramento,1774393200,2026-03-24T23:00:00+00:00,kalshi_milestone_start_date,2026-03-26T07:30:05.248145Z,760ab0a6-b1e0-4740-8289-31779e0970e4,1,1774402180,,True,1195,2026-03-24,train,24h,1774306800,included,1774306680,120,0.895,0.89,0.9,0.010000000000000009,,981.0,11
KXNBAGAME-26MAR24SACCHA,KXNBAGAME-26MAR24SACCHA-CHA,NBA,winner,Charlotte,Sacramento,1774393200,2026-03-24T23:00:00+00:00,kalshi_milestone_start_date,2026-03-26T07:30:05.248145Z,760ab0a6-b1e0-4740-8289-31779e0970e4,1,1774402180,,True,1195,2026-03-24,train,6h,1774371600,included,1774371600,0,0.925,0.92,0.93,0.010000000000000009,0.93,12139.0,33
KXNBAGAME-26MAR24SACCHA,KXNBAGAME-26MAR24SACCHA-CHA,NBA,winner,Charlotte,Sacramento,1774393200,2026-03-24T23:00:00+00:00,kalshi_milestone_start_date,2026-03-26T07:30:05.248145Z,760ab0a6-b1e0-4740-8289-31779e0970e4,1,1774402180,,True,1195,2026-03-24,train,1h,1774389600,included,1774389600,0,0.925,0.92,0.93,0.010000000000000009,0.93,31533.0,51
KXNBAGAME-26MAR24SACCHA,KXNBAGAME-26MAR24SACCHA-CHA,NBA,winner,Charlotte,Sacramento,1774393200,2026-03-24T23:00:00+00:00,kalshi_milestone_start_date,2026-03-26T07:30:05.248145Z,760ab0a6-b1e0-4740-8289-31779e0970e4,1,1774402180,,True,1195,2026-03-24,train,5m,1774392900,included,1774392900,0,0.935,0.93,0.94,0.009999999999999898,0.93,181816.0,55
KXNBAGAME-26MAR24NOPNYK,KXNBAGAME-26MAR24NOPNYK-NYK,NBA,winner,New York,New Orleans,1774395000,2026-03-24T23:30:00+00:00,kalshi_milestone_start_date,2026-03-26T07:29:49.966934Z,9ae12f75-a8d7-4fce-9a04-098c7bcaaf2c,1,1774404631,,True,1313,2026-03-24,train,24h,1774308600,included,1774308540,60,0.775,0.77,0.78,0.010000000000000009,,356.0,16
KXNBAGAME-26MAR24NOPNYK,KXNBAGAME-26MAR24NOPNYK-NYK,NBA,winner,New York,New Orleans,1774395000,2026-03-24T23:30:00+00:00,kalshi_milestone_start_date,2026-03-26T07:29:49.966934Z,9ae12f75-a8d7-4fce-9a04-098c7bcaaf2c,1,1774404631,,True,1313,2026-03-24,train,6h,1774373400,included,1774373400,0,0.755,0.75,0.76,0.010000000000000009,0.75,19665.0,55
KXNBAGAME-26MAR24NOPNYK,KXNBAGAME-26MAR24NOPNYK-NYK,NBA,winner,New York,New Orleans,1774395000,2026-03-24T23:30:00+00:00,kalshi_milestone_start_date,2026-03-26T07:29:49.966934Z,9ae12f75-a8d7-4fce-9a04-098c7bcaaf2c,1,1774404631,,True,1313,2026-03-24,train,1h,1774391400,included,1774391400,0,0.765,0.76,0.77,0.010000000000000009,0.77,100248.0,60
KXNBAGAME-26MAR24NOPNYK,KXNBAGAME-26MAR24NOPNYK-NYK,NBA,winner,New York,New Orleans,1774395000,2026-03-24T23:30:00+00:00,kalshi_milestone_start_date,2026-03-26T07:29:49.966934Z,9ae12f75-a8d7-4fce-9a04-098c7bcaaf2c,1,1774404631,,True,1313,2026-03-24,train,5m,1774394700,included,1774394700,0,0.765,0.76,0.77,0.010000000000000009,0.77,270686.0,60
KXNBAGAME-26MAR24ORLCLE,KXNBAGAME-26MAR24ORLCLE-CLE,NBA,winner,Cleveland,Orlando,1774396800,2026-03-25T00:00:00+00:00,kalshi_milestone_start_date,2026-03-26T16:26:51.507638Z,70b0f6ca-dea9-45a0-8bf1-94fc5dbfaf55,1,1774406971,,True,1137,2026-03-25,train,24h,1774310400,included,1774310280,120,0.73,0.72,0.74,0.020000000000000018,0.74,33.0,2
KXNBAGAME-26MAR24ORLCLE,KXNBAGAME-26MAR24ORLCLE-CLE,NBA,winner,Cleveland,Orlando,1774396800,2026-03-25T00:00:00+00:00,kalshi_milestone_start_date,2026-03-26T16:26:51.507638Z,70b0f6ca-dea9-45a0-8bf1-94fc5dbfaf55,1,1774406971,,True,1137,2026-03-25,train,6h,1774375200,included,1774375200,0,0.805,0.8,0.81,0.010000000000000009,0.81,2940.0,33
KXNBAGAME-26MAR24ORLCLE,KXNBAGAME-26MAR24ORLCLE-CLE,NBA,winner,Cleveland,Orlando,1774396800,2026-03-25T00:00:00+00:00,kalshi_milestone_start_date,2026-03-26T16:26:51.507638Z,70b0f6ca-dea9-45a0-8bf1-94fc5dbfaf55,1,1774406971,,True,1137,2026-03-25,train,1h,1774393200,included,1774393200,0,0.805,0.8,0.81,0.010000000000000009,0.81,35726.0,55
KXNBAGAME-26MAR24ORLCLE,KXNBAGAME-26MAR24ORLCLE-CLE,NBA,winner,Cleveland,Orlando,1774396800,2026-03-25T00:00:00+00:00,kalshi_milestone_start_date,2026-03-26T16:26:51.507638Z,70b0f6ca-dea9-45a0-8bf1-94fc5dbfaf55,1,1774406971,,True,1137,2026-03-25,train,5m,1774396500,included,1774396500,0,0.805,0.8,0.81,0.010000000000000009,0.81,39518.0,60
KXNBAGAME-26MAR24DENPHX,KXNBAGAME-26MAR24DENPHX-PHX,NBA,winner,Phoenix,Denver,1774407600,2026-03-25T03:00:00+00:00,kalshi_milestone_start_date,2026-03-26T16:26:51.500239Z,32978de0-92a1-4b65-83c9-6660319d80e6,0,1774418131,,True,1369,2026-03-25,train,24h,1774321200,included,1774321200,0,0.33999999999999997,0.33,0.35,0.019999999999999962,0.35,660.0,20
KXNBAGAME-26MAR24DENPHX,KXNBAGAME-26MAR24DENPHX-PHX,NBA,winner,Phoenix,Denver,1774407600,2026-03-25T03:00:00+00:00,kalshi_milestone_start_date,2026-03-26T16:26:51.500239Z,32978de0-92a1-4b65-83c9-6660319d80e6,0,1774418131,,True,1369,2026-03-25,train,6h,1774386000,included,1774385880,120,0.315,0.31,0.32,0.010000000000000009,0.32,14822.0,55
KXNBAGAME-26MAR24DENPHX,KXNBAGAME-26MAR24DENPHX-PHX,NBA,winner,Phoenix,Denver,1774407600,2026-03-25T03:00:00+00:00,kalshi_milestone_start_date,2026-03-26T16:26:51.500239Z,32978de0-92a1-4b65-83c9-6660319d80e6,0,1774418131,,True,1369,2026-03-25,train,1h,1774404000,included,1774404000,0,0.315,0.31,0.32,0.010000000000000009,0.32,65294.0,60
KXNBAGAME-26MAR24DENPHX,KXNBAGAME-26MAR24DENPHX-PHX,NBA,winner,Phoenix,Denver,1774407600,2026-03-25T03:00:00+00:00,kalshi_milestone_start_date,2026-03-26T16:26:51.500239Z,32978de0-92a1-4b65-83c9-6660319d80e6,0,1774418131,,True,1369,2026-03-25,train,5m,1774407300,included,1774407300,0,0.325,0.32,0.33,0.010000000000000009,0.33,559861.0,60
KXNBAGAME-26MAR25ATLDET,KXNBAGAME-26MAR25ATLDET-DET,NBA,winner,Detroit,Atlanta,1774479600,2026-03-25T23:00:00+00:00,kalshi_milestone_start_date,2026-03-27T15:26:23.677133Z,a4176b63-69ea-474b-ad26-49a22de079f2,0,1774490987,,True,1385,2026-03-25,train,24h,1774393200,included,1774393200,0,0.59,0.58,0.6,0.020000000000000018,0.58,6810.0,43
KXNBAGAME-26MAR25ATLDET,KXNBAGAME-26MAR25ATLDET-DET,NBA,winner,Detroit,Atlanta,1774479600,2026-03-25T23:00:00+00:00,kalshi_milestone_start_date,2026-03-27T15:26:23.677133Z,a4176b63-69ea-474b-ad26-49a22de079f2,0,1774490987,,True,1385,2026-03-25,train,6h,1774458000,included,1774458000,0,0.585,0.58,0.59,0.010000000000000009,0.59,23459.0,59
KXNBAGAME-26MAR25ATLDET,KXNBAGAME-26MAR25ATLDET-DET,NBA,winner,Detroit,Atlanta,1774479600,2026-03-25T23:00:00+00:00,kalshi_milestone_start_date,2026-03-27T15:26:23.677133Z,a4176b63-69ea-474b-ad26-49a22de079f2,0,1774490987,,True,1385,2026-03-25,train,1h,1774476000,included,1774476000,0,0.565,0.56,0.57,0.009999999999999898,0.57,96201.0,60
KXNBAGAME-26MAR25ATLDET,KXNBAGAME-26MAR25ATLDET-DET,NBA,winner,Detroit,Atlanta,1774479600,2026-03-25T23:00:00+00:00,kalshi_milestone_start_date,2026-03-27T15:26:23.677133Z,a4176b63-69ea-474b-ad26-49a22de079f2,0,1774490987,,True,1385,2026-03-25,train,5m,1774479300,included,1774479300,0,0.565,0.56,0.57,0.009999999999999898,0.57,200253.0,60
KXNBAGAME-26MAR25CHIPHI,KXNBAGAME-26MAR25CHIPHI-PHI,NBA,winner,Philadelphia,Chicago,1774479600,2026-03-25T23:00:00+00:00,kalshi_milestone_start_date,2026-03-27T02:26:09.960375Z,f28e1b51-a4fb-4b48-887e-afe49d93f05a,1,1774489371,,True,1083,2026-03-25,train,24h,1774393200,included,1774393200,0,0.695,0.69,0.7,0.010000000000000009,0.71,149.0,8
KXNBAGAME-26MAR25CHIPHI,KXNBAGAME-26MAR25CHIPHI-PHI,NBA,winner,Philadelphia,Chicago,1774479600,2026-03-25T23:00:00+00:00,kalshi_milestone_start_date,2026-03-27T02:26:09.960375Z,f28e1b51-a4fb-4b48-887e-afe49d93f05a,1,1774489371,,True,1083,2026-03-25,train,6h,1774458000,included,1774458000,0,0.695,0.69,0.7,0.010000000000000009,0.7,15275.0,37
KXNBAGAME-26MAR25CHIPHI,KXNBAGAME-26MAR25CHIPHI-PHI,NBA,winner,Philadelphia,Chicago,1774479600,2026-03-25T23:00:00+00:00,kalshi_milestone_start_date,2026-03-27T02:26:09.960375Z,f28e1b51-a4fb-4b48-887e-afe49d93f05a,1,1774489371,,True,1083,2026-03-25,train,1h,1774476000,included,1774476000,0,0.695,0.69,0.7,0.010000000000000009,0.7,9786.0,49
KXNBAGAME-26MAR25CHIPHI,KXNBAGAME-26MAR25CHIPHI-PHI,NBA,winner,Philadelphia,Chicago,1774479600,2026-03-25T23:00:00+00:00,kalshi_milestone_start_date,2026-03-27T02:26:09.960375Z,f28e1b51-a4fb-4b48-887e-afe49d93f05a,1,1774489371,,True,1083,2026-03-25,train,5m,1774479300,included,1774479300,0,0.705,0.7,0.71,0.010000000000000009,0.71,59531.0,54
KXNBAGAME-26MAR25LALIND,KXNBAGAME-26MAR25LALIND-IND,NBA,winner,Indiana,Los Angeles L,1774479600,2026-03-25T23:00:00+00:00,kalshi_milestone_start_date,2026-03-27T13:25:09.823832Z,963d4bae-5c35-4b0f-900a-422a36c0a573,0,1774489371,,True,1155,2026-03-25,train,24h,1774393200,included,1774393200,0,0.14500000000000002,0.14,0.15,0.009999999999999981,,1576.0,16
KXNBAGAME-26MAR25LALIND,KXNBAGAME-26MAR25LALIND-IND,NBA,winner,Indiana,Los Angeles L,1774479600,2026-03-25T23:00:00+00:00,kalshi_milestone_start_date,2026-03-27T13:25:09.823832Z,963d4bae-5c35-4b0f-900a-422a36c0a573,0,1774489371,,True,1155,2026-03-25,train,6h,1774458000,included,1774458000,0,0.165,0.16,0.17,0.010000000000000009,0.17,7744.0,40
KXNBAGAME-26MAR25LALIND,KXNBAGAME-26MAR25LALIND-IND,NBA,winner,Indiana,Los Angeles L,1774479600,2026-03-25T23:00:00+00:00,kalshi_milestone_start_date,2026-03-27T13:25:09.823832Z,963d4bae-5c35-4b0f-900a-422a36c0a573,0,1774489371,,True,1155,2026-03-25,train,1h,1774476000,included,1774476000,0,0.215,0.21,0.22,0.010000000000000009,0.22,15368.0,48
KXNBAGAME-26MAR25LALIND,KXNBAGAME-26MAR25LALIND-IND,NBA,winner,Indiana,Los Angeles L,1774479600,2026-03-25T23:00:00+00:00,kalshi_milestone_start_date,2026-03-27T13:25:09.823832Z,963d4bae-5c35-4b0f-900a-422a36c0a573,0,1774489371,,True,1155,2026-03-25,train,5m,1774479300,included,1774479300,0,0.215,0.21,0.22,0.010000000000000009,0.22,118750.0,60
KXNBAGAME-26MAR25MIACLE,KXNBAGAME-26MAR25MIACLE-CLE,NBA,winner,Cleveland,Miami,1774481400,2026-03-25T23:30:00+00:00,kalshi_milestone_start_date,2026-03-27T03:25:09.916086Z,e206667b-d170-4b27-9982-5def61e99fe0,0,1774491151,,True,1092,2026-03-25,train,6h,1774459800,included,1774459800,0,0.575,0.57,0.58,0.010000000000000009,0.58,25998.0,52
KXNBAGAME-26MAR25MIACLE,KXNBAGAME-26MAR25MIACLE-CLE,NBA,winner,Cleveland,Miami,1774481400,2026-03-25T23:30:00+00:00,kalshi_milestone_start_date,2026-03-27T03:25:09.916086Z,e206667b-d170-4b27-9982-5def61e99fe0,0,1774491151,,True,1092,2026-03-25,train,1h,1774477800,included,1774477800,0,0.575,0.57,0.58,0.010000000000000009,0.58,39713.0,58
KXNBAGAME-26MAR25MIACLE,KXNBAGAME-26MAR25MIACLE-CLE,NBA,winner,Cleveland,Miami,1774481400,2026-03-25T23:30:00+00:00,kalshi_milestone_start_date,2026-03-27T03:25:09.916086Z,e206667b-d170-4b27-9982-5def61e99fe0,0,1774491151,,True,1092,2026-03-25,train,5m,1774481100,included,1774481100,0,0.565,0.56,0.57,0.009999999999999898,0.57,84630.0,60
KXNBAGAME-26MAR25OKCBOS,KXNBAGAME-26MAR25OKCBOS-BOS,NBA,winner,Boston,Oklahoma City,1774481400,2026-03-25T23:30:00+00:00,kalshi_milestone_start_date,2026-03-27T03:25:09.757728Z,c5b828f6-72fe-4739-869f-98482bd12adc,1,1774491341,,True,1168,2026-03-25,train,24h,1774395000,included,1774394940,60,0.405,0.4,0.41,0.009999999999999953,0.41,1788.0,35
KXNBAGAME-26MAR25OKCBOS,KXNBAGAME-26MAR25OKCBOS-BOS,NBA,winner,Boston,Oklahoma City,1774481400,2026-03-25T23:30:00+00:00,kalshi_milestone_start_date,2026-03-27T03:25:09.757728Z,c5b828f6-72fe-4739-869f-98482bd12adc,1,1774491341,,True,1168,2026-03-25,train,6h,1774459800,included,1774459800,0,0.445,0.44,0.45,0.010000000000000009,0.45,9444.0,43
KXNBAGAME-26MAR25OKCBOS,KXNBAGAME-26MAR25OKCBOS-BOS,NBA,winner,Boston,Oklahoma City,1774481400,2026-03-25T23:30:00+00:00,kalshi_milestone_start_date,2026-03-27T03:25:09.757728Z,c5b828f6-72fe-4739-869f-98482bd12adc,1,1774491341,,True,1168,2026-03-25,train,1h,1774477800,included,1774477800,0,0.435,0.43,0.44,0.010000000000000009,0.44,38635.0,60
KXNBAGAME-26MAR25OKCBOS,KXNBAGAME-26MAR25OKCBOS-BOS,NBA,winner,Boston,Oklahoma City,1774481400,2026-03-25T23:30:00+00:00,kalshi_milestone_start_date,2026-03-27T03:25:09.757728Z,c5b828f6-72fe-4739-869f-98482bd12adc,1,1774491341,,True,1168,2026-03-25,train,5m,1774481100,included,1774481100,0,0.445,0.44,0.45,0.010000000000000009,0.45,156603.0,60
KXNBAGAME-26MAR25SASMEM,KXNBAGAME-26MAR25SASMEM-MEM,NBA,winner,Memphis,San Antonio,1774483200,2026-03-26T00:00:00+00:00,kalshi_milestone_start_date,2026-03-27T03:25:09.820482Z,7bd0703d-a0fa-410e-89f3-67874833bfcf,0,1774492341,,True,1246,2026-03-26,train,24h,1774396800,included,1774396800,0,0.08,0.07,0.09,0.01999999999999999,0.09,752.0,17
KXNBAGAME-26MAR25SASMEM,KXNBAGAME-26MAR25SASMEM-MEM,NBA,winner,Memphis,San Antonio,1774483200,2026-03-26T00:00:00+00:00,kalshi_milestone_start_date,2026-03-27T03:25:09.820482Z,7bd0703d-a0fa-410e-89f3-67874833bfcf,0,1774492341,,True,1246,2026-03-26,train,6h,1774461600,included,1774461600,0,0.07500000000000001,0.07,0.08,0.009999999999999995,0.08,16132.0,39
KXNBAGAME-26MAR25SASMEM,KXNBAGAME-26MAR25SASMEM-MEM,NBA,winner,Memphis,San Antonio,1774483200,2026-03-26T00:00:00+00:00,kalshi_milestone_start_date,2026-03-27T03:25:09.820482Z,7bd0703d-a0fa-410e-89f3-67874833bfcf,0,1774492341,,True,1246,2026-03-26,train,1h,1774479600,included,1774479600,0,0.07500000000000001,0.07,0.08,0.009999999999999995,0.08,89333.0,54
KXNBAGAME-26MAR25SASMEM,KXNBAGAME-26MAR25SASMEM-MEM,NBA,winner,Memphis,San Antonio,1774483200,2026-03-26T00:00:00+00:00,kalshi_milestone_start_date,2026-03-27T03:25:09.820482Z,7bd0703d-a0fa-410e-89f3-67874833bfcf,0,1774492341,,True,1246,2026-03-26,train,5m,1774482900,included,1774482900,0,0.07500000000000001,0.07,0.08,0.009999999999999995,0.08,1090370.0,59
KXNBAGAME-26MAR25WASUTA,KXNBAGAME-26MAR25WASUTA-UTA,NBA,winner,Utah,Washington,1774486800,2026-03-26T01:00:00+00:00,kalshi_milestone_start_date,2026-03-27T04:38:12.980139Z,84fb47f4-bc7a-4f1b-8792-65bd0823a43f,0,1774495940,,True,890,2026-03-26,train,6h,1774465200,included,1774465200,0,0.62,0.61,0.63,0.020000000000000018,0.63,5911.0,27
KXNBAGAME-26MAR25WASUTA,KXNBAGAME-26MAR25WASUTA-UTA,NBA,winner,Utah,Washington,1774486800,2026-03-26T01:00:00+00:00,kalshi_milestone_start_date,2026-03-27T04:38:12.980139Z,84fb47f4-bc7a-4f1b-8792-65bd0823a43f,0,1774495940,,True,890,2026-03-26,train,1h,1774483200,included,1774483200,0,0.595,0.59,0.6,0.010000000000000009,0.6,14749.0,51
KXNBAGAME-26MAR25WASUTA,KXNBAGAME-26MAR25WASUTA-UTA,NBA,winner,Utah,Washington,1774486800,2026-03-26T01:00:00+00:00,kalshi_milestone_start_date,2026-03-27T04:38:12.980139Z,84fb47f4-bc7a-4f1b-8792-65bd0823a43f,0,1774495940,,True,890,2026-03-26,train,5m,1774486500,included,1774486500,0,0.595,0.59,0.6,0.010000000000000009,0.6,29086.0,56
KXNBAGAME-26MAR25HOUMIN,KXNBAGAME-26MAR25HOUMIN-MIN,NBA,winner,Minnesota,Houston,1774488600,2026-03-26T01:30:00+00:00,kalshi_milestone_start_date,2026-03-27T06:26:05.509148Z,4012442f-3114-4cab-aba8-c11042e79270,1,1774500141,,True,976,2026-03-26,train,6h,1774467000,included,1774467000,0,0.45999999999999996,0.45,0.47,0.019999999999999962,0.47,17548.0,43
KXNBAGAME-26MAR25HOUMIN,KXNBAGAME-26MAR25HOUMIN-MIN,NBA,winner,Minnesota,Houston,1774488600,2026-03-26T01:30:00+00:00,kalshi_milestone_start_date,2026-03-27T06:26:05.509148Z,4012442f-3114-4cab-aba8-c11042e79270,1,1774500141,,True,976,2026-03-26,train,1h,1774485000,included,1774485000,0,0.46499999999999997,0.46,0.47,0.009999999999999953,0.47,33359.0,58
KXNBAGAME-26MAR25HOUMIN,KXNBAGAME-26MAR25HOUMIN-MIN,NBA,winner,Minnesota,Houston,1774488600,2026-03-26T01:30:00+00:00,kalshi_milestone_start_date,2026-03-27T06:26:05.509148Z,4012442f-3114-4cab-aba8-c11042e79270,1,1774500141,,True,976,2026-03-26,train,5m,1774488300,included,1774488300,0,0.46499999999999997,0.46,0.47,0.009999999999999953,0.47,36997.0,60
KXNBAGAME-26MAR25BKNGSW,KXNBAGAME-26MAR25BKNGSW-GSW,NBA,winner,Golden State,Brooklyn,1774490400,2026-03-26T02:00:00+00:00,kalshi_milestone_start_date,2026-03-27T05:29:14.044641Z,a6af27ed-fb74-46bb-8492-8ef5da77464a,1,1774500731,,True,747,2026-03-26,train,24h,1774404000,included,1774404000,0,0.84,0.83,0.85,0.020000000000000018,,139.0,4
KXNBAGAME-26MAR25BKNGSW,KXNBAGAME-26MAR25BKNGSW-GSW,NBA,winner,Golden State,Brooklyn,1774490400,2026-03-26T02:00:00+00:00,kalshi_milestone_start_date,2026-03-27T05:29:14.044641Z,a6af27ed-fb74-46bb-8492-8ef5da77464a,1,1774500731,,True,747,2026-03-26,train,6h,1774468800,included,1774468800,0,0.845,0.84,0.85,0.010000000000000009,,5509.0,21
KXNBAGAME-26MAR25BKNGSW,KXNBAGAME-26MAR25BKNGSW-GSW,NBA,winner,Golden State,Brooklyn,1774490400,2026-03-26T02:00:00+00:00,kalshi_milestone_start_date,2026-03-27T05:29:14.044641Z,a6af27ed-fb74-46bb-8492-8ef5da77464a,1,1774500731,,True,747,2026-03-26,train,1h,1774486800,included,1774486800,0,0.845,0.84,0.85,0.010000000000000009,0.84,62894.0,47
KXNBAGAME-26MAR25BKNGSW,KXNBAGAME-26MAR25BKNGSW-GSW,NBA,winner,Golden State,Brooklyn,1774490400,2026-03-26T02:00:00+00:00,kalshi_milestone_start_date,2026-03-27T05:29:14.044641Z,a6af27ed-fb74-46bb-8492-8ef5da77464a,1,1774500731,,True,747,2026-03-26,train,5m,1774490100,included,1774490100,0,0.845,0.84,0.85,0.010000000000000009,0.85,86850.0,49
KXNBAGAME-26MAR25DALDEN,KXNBAGAME-26MAR25DALDEN-DEN,NBA,winner,Denver,Dallas,1774490400,2026-03-26T02:00:00+00:00,kalshi_milestone_start_date,2026-03-27T06:26:05.404341Z,eef7ea3f-89de-483b-83e6-0fc7f58bb66d,1,1774500570,,True,869,2026-03-26,train,24h,1774404000,included,1774404000,0,0.88,0.87,0.89,0.020000000000000018,,509.0,4
KXNBAGAME-26MAR25DALDEN,KXNBAGAME-26MAR25DALDEN-DEN,NBA,winner,Denver,Dallas,1774490400,2026-03-26T02:00:00+00:00,kalshi_milestone_start_date,2026-03-27T06:26:05.404341Z,eef7ea3f-89de-483b-83e6-0fc7f58bb66d,1,1774500570,,True,869,2026-03-26,train,6h,1774468800,included,1774468800,0,0.845,0.84,0.85,0.010000000000000009,0.85,5762.0,29
KXNBAGAME-26MAR25DALDEN,KXNBAGAME-26MAR25DALDEN-DEN,NBA,winner,Denver,Dallas,1774490400,2026-03-26T02:00:00+00:00,kalshi_milestone_start_date,2026-03-27T06:26:05.404341Z,eef7ea3f-89de-483b-83e6-0fc7f58bb66d,1,1774500570,,True,869,2026-03-26,train,1h,1774486800,included,1774486740,60,0.845,0.84,0.85,0.010000000000000009,0.85,23128.0,41
KXNBAGAME-26MAR25DALDEN,KXNBAGAME-26MAR25DALDEN-DEN,NBA,winner,Denver,Dallas,1774490400,2026-03-26T02:00:00+00:00,kalshi_milestone_start_date,2026-03-27T06:26:05.404341Z,eef7ea3f-89de-483b-83e6-0fc7f58bb66d,1,1774500570,,True,869,2026-03-26,train,5m,1774490100,included,1774490100,0,0.845,0.84,0.85,0.010000000000000009,0.85,65705.0,50
KXNBAGAME-26MAR25MILPOR,KXNBAGAME-26MAR25MILPOR-POR,NBA,winner,Portland,Milwaukee,1774490400,2026-03-26T02:00:00+00:00,kalshi_milestone_start_date,2026-03-27T07:26:26.853892Z,ab7bd725-d984-4685-b659-0fc821287b0a,1,1774500142,,True,747,2026-03-26,train,24h,1774404000,included,1774404000,0,0.84,0.83,0.85,0.020000000000000018,0.85,1907.0,7
KXNBAGAME-26MAR25MILPOR,KXNBAGAME-26MAR25MILPOR-POR,NBA,winner,Portland,Milwaukee,1774490400,2026-03-26T02:00:00+00:00,kalshi_milestone_start_date,2026-03-27T07:26:26.853892Z,ab7bd725-d984-4685-b659-0fc821287b0a,1,1774500142,,True,747,2026-03-26,train,6h,1774468800,included,1774468800,0,0.86,0.85,0.87,0.020000000000000018,0.86,2192.0,17
KXNBAGAME-26MAR25MILPOR,KXNBAGAME-26MAR25MILPOR-POR,NBA,winner,Portland,Milwaukee,1774490400,2026-03-26T02:00:00+00:00,kalshi_milestone_start_date,2026-03-27T07:26:26.853892Z,ab7bd725-d984-4685-b659-0fc821287b0a,1,1774500142,,True,747,2026-03-26,train,1h,1774486800,included,1774486800,0,0.885,0.88,0.89,0.010000000000000009,0.89,86992.0,30
KXNBAGAME-26MAR25MILPOR,KXNBAGAME-26MAR25MILPOR-POR,NBA,winner,Portland,Milwaukee,1774490400,2026-03-26T02:00:00+00:00,kalshi_milestone_start_date,2026-03-27T07:26:26.853892Z,ab7bd725-d984-4685-b659-0fc821287b0a,1,1774500142,,True,747,2026-03-26,train,5m,1774490100,included,1774490100,0,0.895,0.89,0.9,0.010000000000000009,,107291.0,43
KXNBAGAME-26MAR25TORLAC,KXNBAGAME-26MAR25TORLAC-LAC,NBA,winner,Los Angeles C,Toronto,1774492200,2026-03-26T02:30:00+00:00,kalshi_milestone_start_date,2026-03-27T06:26:05.424604Z,f7b166c0-379b-4672-aa49-b7703c8f75e5,1,1774501530,,True,918,2026-03-26,train,24h,1774405800,included,1774405800,0,0.615,0.61,0.62,0.010000000000000009,,425.0,10
KXNBAGAME-26MAR25TORLAC,KXNBAGAME-26MAR25TORLAC-LAC,NBA,winner,Los Angeles C,Toronto,1774492200,2026-03-26T02:30:00+00:00,kalshi_milestone_start_date,2026-03-27T06:26:05.424604Z,f7b166c0-379b-4672-aa49-b7703c8f75e5,1,1774501530,,True,918,2026-03-26,train,6h,1774470600,included,1774470600,0,0.625,0.62,0.63,0.010000000000000009,0.63,14361.0,25
KXNBAGAME-26MAR25TORLAC,KXNBAGAME-26MAR25TORLAC-LAC,NBA,winner,Los Angeles C,Toronto,1774492200,2026-03-26T02:30:00+00:00,kalshi_milestone_start_date,2026-03-27T06:26:05.424604Z,f7b166c0-379b-4672-aa49-b7703c8f75e5,1,1774501530,,True,918,2026-03-26,train,1h,1774488600,included,1774488600,0,0.615,0.61,0.62,0.010000000000000009,0.62,20038.0,48
KXNBAGAME-26MAR25TORLAC,KXNBAGAME-26MAR25TORLAC-LAC,NBA,winner,Los Angeles C,Toronto,1774492200,2026-03-26T02:30:00+00:00,kalshi_milestone_start_date,2026-03-27T06:26:05.424604Z,f7b166c0-379b-4672-aa49-b7703c8f75e5,1,1774501530,,True,918,2026-03-26,train,5m,1774491900,included,1774491900,0,0.615,0.61,0.62,0.010000000000000009,0.62,88719.0,58
KXNBAGAME-26MAR26NOPDET,KXNBAGAME-26MAR26NOPDET-DET,NBA,winner,Detroit,New Orleans,1774566000,2026-03-26T23:00:00+00:00,kalshi_milestone_start_date,2026-03-28T02:59:20.798612Z,c0ff6b95-5792-4ca8-9619-f4cf4c3155ed,1,1774575338,,True,1184,2026-03-26,train,24h,1774479600,included,1774479600,0,0.65,0.64,0.66,0.020000000000000018,,462.0,8
KXNBAGAME-26MAR26NOPDET,KXNBAGAME-26MAR26NOPDET-DET,NBA,winner,Detroit,New Orleans,1774566000,2026-03-26T23:00:00+00:00,kalshi_milestone_start_date,2026-03-28T02:59:20.798612Z,c0ff6b95-5792-4ca8-9619-f4cf4c3155ed,1,1774575338,,True,1184,2026-03-26,train,6h,1774544400,included,1774544400,0,0.635,0.63,0.64,0.010000000000000009,0.64,31544.0,56
KXNBAGAME-26MAR26NOPDET,KXNBAGAME-26MAR26NOPDET-DET,NBA,winner,Detroit,New Orleans,1774566000,2026-03-26T23:00:00+00:00,kalshi_milestone_start_date,2026-03-28T02:59:20.798612Z,c0ff6b95-5792-4ca8-9619-f4cf4c3155ed,1,1774575338,,True,1184,2026-03-26,train,1h,1774562400,included,1774562400,0,0.645,0.64,0.65,0.010000000000000009,0.65,125052.0,60
KXNBAGAME-26MAR26NOPDET,KXNBAGAME-26MAR26NOPDET-DET,NBA,winner,Detroit,New Orleans,1774566000,2026-03-26T23:00:00+00:00,kalshi_milestone_start_date,2026-03-28T02:59:20.798612Z,c0ff6b95-5792-4ca8-9619-f4cf4c3155ed,1,1774575338,,True,1184,2026-03-26,train,5m,1774565700,included,1774565700,0,0.665,0.66,0.67,0.010000000000000009,0.67,184868.0,60
KXNBAGAME-26MAR26NYKCHA,KXNBAGAME-26MAR26NYKCHA-CHA,NBA,winner,Charlotte,New York,1774566000,2026-03-26T23:00:00+00:00,kalshi_milestone_start_date,2026-03-28T15:59:48.908312Z,5b4c7021-9242-4264-9978-2edb1d0e44ef,1,1774575738,,True,1079,2026-03-26,train,6h,1774544400,included,1774544400,0,0.525,0.52,0.53,0.010000000000000009,0.53,23043.0,49
KXNBAGAME-26MAR26NYKCHA,KXNBAGAME-26MAR26NYKCHA-CHA,NBA,winner,Charlotte,New York,1774566000,2026-03-26T23:00:00+00:00,kalshi_milestone_start_date,2026-03-28T15:59:48.908312Z,5b4c7021-9242-4264-9978-2edb1d0e44ef,1,1774575738,,True,1079,2026-03-26,train,1h,1774562400,included,1774562400,0,0.545,0.54,0.55,0.010000000000000009,0.55,85113.0,58
KXNBAGAME-26MAR26NYKCHA,KXNBAGAME-26MAR26NYKCHA-CHA,NBA,winner,Charlotte,New York,1774566000,2026-03-26T23:00:00+00:00,kalshi_milestone_start_date,2026-03-28T15:59:48.908312Z,5b4c7021-9242-4264-9978-2edb1d0e44ef,1,1774575738,,True,1079,2026-03-26,train,5m,1774565700,included,1774565700,0,0.555,0.55,0.56,0.010000000000000009,0.56,129824.0,60
KXNBAGAME-26MAR26SACORL,KXNBAGAME-26MAR26SACORL-ORL,NBA,winner,Orlando,Sacramento,1774566000,2026-03-26T23:00:00+00:00,kalshi_milestone_start_date,2026-03-28T02:00:38.776919Z,3b497de0-db3d-4845-a81c-f7f1ad141000,1,1774575458,,True,919,2026-03-26,train,24h,1774479600,included,1774479540,60,0.895,0.89,0.9,0.010000000000000009,,383.0,5
KXNBAGAME-26MAR26SACORL,KXNBAGAME-26MAR26SACORL-ORL,NBA,winner,Orlando,Sacramento,1774566000,2026-03-26T23:00:00+00:00,kalshi_milestone_start_date,2026-03-28T02:00:38.776919Z,3b497de0-db3d-4845-a81c-f7f1ad141000,1,1774575458,,True,919,2026-03-26,train,6h,1774544400,included,1774544400,0,0.905,0.9,0.91,0.010000000000000009,0.9,6309.0,38
KXNBAGAME-26MAR26SACORL,KXNBAGAME-26MAR26SACORL-ORL,NBA,winner,Orlando,Sacramento,1774566000,2026-03-26T23:00:00+00:00,kalshi_milestone_start_date,2026-03-28T02:00:38.776919Z,3b497de0-db3d-4845-a81c-f7f1ad141000,1,1774575458,,True,919,2026-03-26,train,1h,1774562400,included,1774562400,0,0.905,0.9,0.91,0.010000000000000009,0.91,21847.0,38
KXNBAGAME-26MAR26SACORL,KXNBAGAME-26MAR26SACORL-ORL,NBA,winner,Orlando,Sacramento,1774566000,2026-03-26T23:00:00+00:00,kalshi_milestone_start_date,2026-03-28T02:00:38.776919Z,3b497de0-db3d-4845-a81c-f7f1ad141000,1,1774575458,,True,919,2026-03-26,train,5m,1774565700,included,1774565700,0,0.905,0.9,0.91,0.010000000000000009,0.91,119273.0,50
KXNBAGAME-26MAR27LACIND,KXNBAGAME-26MAR27LACIND-IND,NBA,winner,Indiana,Los Angeles C,1774652400,2026-03-27T23:00:00+00:00,kalshi_milestone_start_date,2026-03-29T03:15:58.741147Z,d934e1a4-d49e-4467-8543-4720ae22cc96,0,1774663378,,True,1183,2026-03-27,train,24h,1774566000,included,1774565880,120,0.215,0.21,0.22,0.010000000000000009,0.21,498.0,10
KXNBAGAME-26MAR27LACIND,KXNBAGAME-26MAR27LACIND-IND,NBA,winner,Indiana,Los Angeles C,1774652400,2026-03-27T23:00:00+00:00,kalshi_milestone_start_date,2026-03-29T03:15:58.741147Z,d934e1a4-d49e-4467-8543-4720ae22cc96,0,1774663378,,True,1183,2026-03-27,train,6h,1774630800,included,1774630800,0,0.225,0.22,0.23,0.010000000000000009,,585.0,21
KXNBAGAME-26MAR27LACIND,KXNBAGAME-26MAR27LACIND-IND,NBA,winner,Indiana,Los Angeles C,1774652400,2026-03-27T23:00:00+00:00,kalshi_milestone_start_date,2026-03-29T03:15:58.741147Z,d934e1a4-d49e-4467-8543-4720ae22cc96,0,1774663378,,True,1183,2026-03-27,train,1h,1774648800,included,1774648800,0,0.215,0.21,0.22,0.010000000000000009,0.21,8474.0,34
KXNBAGAME-26MAR27LACIND,KXNBAGAME-26MAR27LACIND-IND,NBA,winner,Indiana,Los Angeles C,1774652400,2026-03-27T23:00:00+00:00,kalshi_milestone_start_date,2026-03-29T03:15:58.741147Z,d934e1a4-d49e-4467-8543-4720ae22cc96,0,1774663378,,True,1183,2026-03-27,train,5m,1774652100,included,1774652100,0,0.215,0.21,0.22,0.010000000000000009,0.22,17333.0,53
KXNBAGAME-26MAR27ATLBOS,KXNBAGAME-26MAR27ATLBOS-BOS,NBA,winner,Boston,Atlanta,1774654200,2026-03-27T23:30:00+00:00,kalshi_milestone_start_date,2026-03-29T03:15:58.805834Z,8fdfbe7f-b7db-4aad-a898-d1f8a6a65eed,1,1774663458,,True,1427,2026-03-27,train,24h,1774567800,included,1774567740,60,0.685,0.68,0.69,0.009999999999999898,0.69,4147.0,38
KXNBAGAME-26MAR27ATLBOS,KXNBAGAME-26MAR27ATLBOS-BOS,NBA,winner,Boston,Atlanta,1774654200,2026-03-27T23:30:00+00:00,kalshi_milestone_start_date,2026-03-29T03:15:58.805834Z,8fdfbe7f-b7db-4aad-a898-d1f8a6a65eed,1,1774663458,,True,1427,2026-03-27,train,6h,1774632600,included,1774632600,0,0.655,0.65,0.66,0.010000000000000009,0.66,21956.0,56
KXNBAGAME-26MAR27ATLBOS,KXNBAGAME-26MAR27ATLBOS-BOS,NBA,winner,Boston,Atlanta,1774654200,2026-03-27T23:30:00+00:00,kalshi_milestone_start_date,2026-03-29T03:15:58.805834Z,8fdfbe7f-b7db-4aad-a898-d1f8a6a65eed,1,1774663458,,True,1427,2026-03-27,train,1h,1774650600,included,1774650600,0,0.675,0.67,0.68,0.010000000000000009,0.68,41971.0,59
KXNBAGAME-26MAR27ATLBOS,KXNBAGAME-26MAR27ATLBOS-BOS,NBA,winner,Boston,Atlanta,1774654200,2026-03-27T23:30:00+00:00,kalshi_milestone_start_date,2026-03-29T03:15:58.805834Z,8fdfbe7f-b7db-4aad-a898-d1f8a6a65eed,1,1774663458,,True,1427,2026-03-27,train,5m,1774653900,included,1774653900,0,0.665,0.66,0.67,0.010000000000000009,0.67,166510.0,59
KXNBAGAME-26MAR27MIACLE,KXNBAGAME-26MAR27MIACLE-CLE,NBA,winner,Cleveland,Miami,1774654200,2026-03-27T23:30:00+00:00,kalshi_milestone_start_date,2026-03-29T03:15:58.798316Z,42d4af19-4ee8-4635-87f5-d0baa5d8c356,1,1774664558,,True,1125,2026-03-27,train,24h,1774567800,included,1774567800,0,0.635,0.63,0.64,0.010000000000000009,0.64,1890.0,19
KXNBAGAME-26MAR27MIACLE,KXNBAGAME-26MAR27MIACLE-CLE,NBA,winner,Cleveland,Miami,1774654200,2026-03-27T23:30:00+00:00,kalshi_milestone_start_date,2026-03-29T03:15:58.798316Z,42d4af19-4ee8-4635-87f5-d0baa5d8c356,1,1774664558,,True,1125,2026-03-27,train,6h,1774632600,included,1774632600,0,0.665,0.66,0.67,0.010000000000000009,0.67,5894.0,38
KXNBAGAME-26MAR27MIACLE,KXNBAGAME-26MAR27MIACLE-CLE,NBA,winner,Cleveland,Miami,1774654200,2026-03-27T23:30:00+00:00,kalshi_milestone_start_date,2026-03-29T03:15:58.798316Z,42d4af19-4ee8-4635-87f5-d0baa5d8c356,1,1774664558,,True,1125,2026-03-27,train,1h,1774650600,included,1774650600,0,0.675,0.67,0.68,0.010000000000000009,0.68,142626.0,54
KXNBAGAME-26MAR27MIACLE,KXNBAGAME-26MAR27MIACLE-CLE,NBA,winner,Cleveland,Miami,1774654200,2026-03-27T23:30:00+00:00,kalshi_milestone_start_date,2026-03-29T03:15:58.798316Z,42d4af19-4ee8-4635-87f5-d0baa5d8c356,1,1774664558,,True,1125,2026-03-27,train,5m,1774653900,included,1774653900,0,0.675,0.67,0.68,0.010000000000000009,0.68,50916.0,55
KXNBAGAME-26MAR27CHIOKC,KXNBAGAME-26MAR27CHIOKC-OKC,NBA,winner,Oklahoma City,Chicago,1774656000,2026-03-28T00:00:00+00:00,kalshi_milestone_start_date,2026-03-29T05:06:10.06918Z,c9f815f5-4d32-43c0-b5ee-28ef0049d20f,1,1774665478,,True,894,2026-03-28,train,24h,1774569600,included,1774569600,0,0.945,0.94,0.95,0.010000000000000009,,111.0,5
KXNBAGAME-26MAR27CHIOKC,KXNBAGAME-26MAR27CHIOKC-OKC,NBA,winner,Oklahoma City,Chicago,1774656000,2026-03-28T00:00:00+00:00,kalshi_milestone_start_date,2026-03-29T05:06:10.06918Z,c9f815f5-4d32-43c0-b5ee-28ef0049d20f,1,1774665478,,True,894,2026-03-28,train,6h,1774634400,included,1774634340,60,0.95,0.94,0.96,0.020000000000000018,0.96,91130.0,24
KXNBAGAME-26MAR27CHIOKC,KXNBAGAME-26MAR27CHIOKC-OKC,NBA,winner,Oklahoma City,Chicago,1774656000,2026-03-28T00:00:00+00:00,kalshi_milestone_start_date,2026-03-29T05:06:10.06918Z,c9f815f5-4d32-43c0-b5ee-28ef0049d20f,1,1774665478,,True,894,2026-03-28,train,1h,1774652400,included,1774652400,0,0.945,0.94,0.95,0.010000000000000009,,32314.0,41
KXNBAGAME-26MAR27CHIOKC,KXNBAGAME-26MAR27CHIOKC-OKC,NBA,winner,Oklahoma City,Chicago,1774656000,2026-03-28T00:00:00+00:00,kalshi_milestone_start_date,2026-03-29T05:06:10.06918Z,c9f815f5-4d32-43c0-b5ee-28ef0049d20f,1,1774665478,,True,894,2026-03-28,train,5m,1774655700,included,1774655700,0,0.945,0.94,0.95,0.010000000000000009,0.95,33050.0,44
KXNBAGAME-26MAR27HOUMEM,KXNBAGAME-26MAR27HOUMEM-MEM,NBA,winner,Memphis,Houston,1774656000,2026-03-28T00:00:00+00:00,kalshi_milestone_start_date,2026-03-29T03:15:58.542903Z,4ffcdaba-e60c-4769-b6d2-eaef448a7779,0,1774664758,,True,1252,2026-03-28,train,24h,1774569600,included,1774569600,0,0.11499999999999999,0.11,0.12,0.009999999999999995,0.12,511.0,7
KXNBAGAME-26MAR27HOUMEM,KXNBAGAME-26MAR27HOUMEM-MEM,NBA,winner,Memphis,Houston,1774656000,2026-03-28T00:00:00+00:00,kalshi_milestone_start_date,2026-03-29T03:15:58.542903Z,4ffcdaba-e60c-4769-b6d2-eaef448a7779,0,1774664758,,True,1252,2026-03-28,train,6h,1774634400,included,1774634400,0,0.125,0.12,0.13,0.010000000000000009,0.13,1319.0,13
KXNBAGAME-26MAR27HOUMEM,KXNBAGAME-26MAR27HOUMEM-MEM,NBA,winner,Memphis,Houston,1774656000,2026-03-28T00:00:00+00:00,kalshi_milestone_start_date,2026-03-29T03:15:58.542903Z,4ffcdaba-e60c-4769-b6d2-eaef448a7779,0,1774664758,,True,1252,2026-03-28,train,1h,1774652400,included,1774652400,0,0.11499999999999999,0.11,0.12,0.009999999999999995,0.12,8750.0,46
KXNBAGAME-26MAR27HOUMEM,KXNBAGAME-26MAR27HOUMEM-MEM,NBA,winner,Memphis,Houston,1774656000,2026-03-28T00:00:00+00:00,kalshi_milestone_start_date,2026-03-29T03:15:58.542903Z,4ffcdaba-e60c-4769-b6d2-eaef448a7779,0,1774664758,,True,1252,2026-03-28,train,5m,1774655700,included,1774655700,0,0.11499999999999999,0.11,0.12,0.009999999999999995,0.12,19187.0,50
KXNBAGAME-26MAR27NOPTOR,KXNBAGAME-26MAR27NOPTOR-TOR,NBA,winner,Toronto,New Orleans,1774657800,2026-03-28T00:30:00+00:00,kalshi_milestone_start_date,2026-03-29T03:59:20.97085Z,f1785215-0945-490b-881e-f45b35be78b3,1,1774667628,,True,882,2026-03-28,train,6h,1774636200,included,1774636200,0,0.765,0.76,0.77,0.010000000000000009,0.77,4413.0,27
KXNBAGAME-26MAR27NOPTOR,KXNBAGAME-26MAR27NOPTOR-TOR,NBA,winner,Toronto,New Orleans,1774657800,2026-03-28T00:30:00+00:00,kalshi_milestone_start_date,2026-03-29T03:59:20.97085Z,f1785215-0945-490b-881e-f45b35be78b3,1,1774667628,,True,882,2026-03-28,train,1h,1774654200,included,1774654200,0,0.755,0.75,0.76,0.010000000000000009,0.76,26274.0,37
KXNBAGAME-26MAR27NOPTOR,KXNBAGAME-26MAR27NOPTOR-TOR,NBA,winner,Toronto,New Orleans,1774657800,2026-03-28T00:30:00+00:00,kalshi_milestone_start_date,2026-03-29T03:59:20.97085Z,f1785215-0945-490b-881e-f45b35be78b3,1,1774667628,,True,882,2026-03-28,train,5m,1774657500,included,1774657500,0,0.755,0.75,0.76,0.010000000000000009,0.75,22100.0,42
KXNBAGAME-26MAR27UTADEN,KXNBAGAME-26MAR27UTADEN-DEN,NBA,winner,Denver,Utah,1774659600,2026-03-28T01:00:00+00:00,kalshi_milestone_start_date,2026-03-29T05:06:09.848151Z,01afe3d5-3c40-4bc6-a05a-502d8626e850,1,1774669338,,True,652,2026-03-28,train,6h,1774638000,included,1774638000,0,0.935,0.93,0.94,0.009999999999999898,,516.0,17
KXNBAGAME-26MAR27UTADEN,KXNBAGAME-26MAR27UTADEN-DEN,NBA,winner,Denver,Utah,1774659600,2026-03-28T01:00:00+00:00,kalshi_milestone_start_date,2026-03-29T05:06:09.848151Z,01afe3d5-3c40-4bc6-a05a-502d8626e850,1,1774669338,,True,652,2026-03-28,train,1h,1774656000,included,1774656000,0,0.945,0.94,0.95,0.010000000000000009,,1149.0,22
KXNBAGAME-26MAR27UTADEN,KXNBAGAME-26MAR27UTADEN-DEN,NBA,winner,Denver,Utah,1774659600,2026-03-28T01:00:00+00:00,kalshi_milestone_start_date,2026-03-29T05:06:09.848151Z,01afe3d5-3c40-4bc6-a05a-502d8626e850,1,1774669338,,True,652,2026-03-28,train,5m,1774659300,included,1774659300,0,0.955,0.95,0.96,0.010000000000000009,,8263.0,30
KXNBAGAME-26MAR27DALPOR,KXNBAGAME-26MAR27DALPOR-POR,NBA,winner,Portland,Dallas,1774663200,2026-03-28T02:00:00+00:00,kalshi_milestone_start_date,2026-03-29T16:00:41.962776Z,29a37d25-aef3-4482-ad29-c4498bfccb56,0,1774672657,,True,798,2026-03-28,train,24h,1774576800,included,1774576800,0,0.785,0.78,0.79,0.010000000000000009,,61.0,6
KXNBAGAME-26MAR27DALPOR,KXNBAGAME-26MAR27DALPOR-POR,NBA,winner,Portland,Dallas,1774663200,2026-03-28T02:00:00+00:00,kalshi_milestone_start_date,2026-03-29T16:00:41.962776Z,29a37d25-aef3-4482-ad29-c4498bfccb56,0,1774672657,,True,798,2026-03-28,train,6h,1774641600,included,1774641600,0,0.805,0.8,0.81,0.010000000000000009,0.81,3299.0,17
KXNBAGAME-26MAR27DALPOR,KXNBAGAME-26MAR27DALPOR-POR,NBA,winner,Portland,Dallas,1774663200,2026-03-28T02:00:00+00:00,kalshi_milestone_start_date,2026-03-29T16:00:41.962776Z,29a37d25-aef3-4482-ad29-c4498bfccb56,0,1774672657,,True,798,2026-03-28,train,1h,1774659600,included,1774659600,0,0.815,0.81,0.82,0.009999999999999898,,10471.0,19
KXNBAGAME-26MAR27DALPOR,KXNBAGAME-26MAR27DALPOR-POR,NBA,winner,Portland,Dallas,1774663200,2026-03-28T02:00:00+00:00,kalshi_milestone_start_date,2026-03-29T16:00:41.962776Z,29a37d25-aef3-4482-ad29-c4498bfccb56,0,1774672657,,True,798,2026-03-28,train,5m,1774662900,included,1774662900,0,0.815,0.81,0.82,0.009999999999999898,0.82,14842.0,35
KXNBAGAME-26MAR27WASGSW,KXNBAGAME-26MAR27WASGSW-GSW,NBA,winner,Golden State,Washington,1774663200,2026-03-28T02:00:00+00:00,kalshi_milestone_start_date,2026-03-29T06:02:30.853448Z,3389bfb7-a99a-49ae-94fb-8e4b4cea3d67,1,1774673258,,True,907,2026-03-28,train,24h,1774576800,included,1774576680,120,0.865,0.86,0.87,0.010000000000000009,,1403.0,7
KXNBAGAME-26MAR27WASGSW,KXNBAGAME-26MAR27WASGSW-GSW,NBA,winner,Golden State,Washington,1774663200,2026-03-28T02:00:00+00:00,kalshi_milestone_start_date,2026-03-29T06:02:30.853448Z,3389bfb7-a99a-49ae-94fb-8e4b4cea3d67,1,1774673258,,True,907,2026-03-28,train,6h,1774641600,included,1774641600,0,0.885,0.88,0.89,0.010000000000000009,0.88,648.0,12
KXNBAGAME-26MAR27WASGSW,KXNBAGAME-26MAR27WASGSW-GSW,NBA,winner,Golden State,Washington,1774663200,2026-03-28T02:00:00+00:00,kalshi_milestone_start_date,2026-03-29T06:02:30.853448Z,3389bfb7-a99a-49ae-94fb-8e4b4cea3d67,1,1774673258,,True,907,2026-03-28,train,1h,1774659600,included,1774659540,60,0.865,0.86,0.87,0.010000000000000009,,7567.0,22
KXNBAGAME-26MAR27WASGSW,KXNBAGAME-26MAR27WASGSW-GSW,NBA,winner,Golden State,Washington,1774663200,2026-03-28T02:00:00+00:00,kalshi_milestone_start_date,2026-03-29T06:02:30.853448Z,3389bfb7-a99a-49ae-94fb-8e4b4cea3d67,1,1774673258,,True,907,2026-03-28,train,5m,1774662900,included,1774662900,0,0.865,0.86,0.87,0.010000000000000009,0.87,8202.0,41
KXNBAGAME-26MAR27BKNLAL,KXNBAGAME-26MAR27BKNLAL-LAL,NBA,winner,Los Angeles L,Brooklyn,1774665000,2026-03-28T02:30:00+00:00,kalshi_milestone_start_date,2026-03-29T06:59:20.738325Z,6ab7a812-b691-48a9-a466-cb107a3d90f0,1,1774674728,,True,1037,2026-03-28,train,24h,1774578600,included,1774578480,120,0.935,0.93,0.94,0.009999999999999898,,22012.0,14
KXNBAGAME-26MAR27BKNLAL,KXNBAGAME-26MAR27BKNLAL-LAL,NBA,winner,Los Angeles L,Brooklyn,1774665000,2026-03-28T02:30:00+00:00,kalshi_milestone_start_date,2026-03-29T06:59:20.738325Z,6ab7a812-b691-48a9-a466-cb107a3d90f0,1,1774674728,,True,1037,2026-03-28,train,6h,1774643400,included,1774643400,0,0.935,0.93,0.94,0.009999999999999898,,59895.0,11
KXNBAGAME-26MAR27BKNLAL,KXNBAGAME-26MAR27BKNLAL-LAL,NBA,winner,Los Angeles L,Brooklyn,1774665000,2026-03-28T02:30:00+00:00,kalshi_milestone_start_date,2026-03-29T06:59:20.738325Z,6ab7a812-b691-48a9-a466-cb107a3d90f0,1,1774674728,,True,1037,2026-03-28,train,1h,1774661400,included,1774661400,0,0.945,0.94,0.95,0.010000000000000009,0.95,29850.0,23
KXNBAGAME-26MAR27BKNLAL,KXNBAGAME-26MAR27BKNLAL-LAL,NBA,winner,Los Angeles L,Brooklyn,1774665000,2026-03-28T02:30:00+00:00,kalshi_milestone_start_date,2026-03-29T06:59:20.738325Z,6ab7a812-b691-48a9-a466-cb107a3d90f0,1,1774674728,,True,1037,2026-03-28,train,5m,1774664700,included,1774664700,0,0.945,0.94,0.95,0.010000000000000009,0.95,39249.0,52
KXNBAGAME-26MAR28SASMIL,KXNBAGAME-26MAR28SASMIL-MIL,NBA,winner,Milwaukee,San Antonio,1774724400,2026-03-28T19:00:00+00:00,kalshi_milestone_start_date,2026-03-31T01:59:20.880078Z,7374273c-6ea4-4d7f-a5c4-1da368728ab4,0,1774733577,,True,1146,2026-03-28,train,24h,1774638000,included,1774637880,120,0.08,0.07,0.09,0.01999999999999999,,794.0,5
KXNBAGAME-26MAR28SASMIL,KXNBAGAME-26MAR28SASMIL-MIL,NBA,winner,Milwaukee,San Antonio,1774724400,2026-03-28T19:00:00+00:00,kalshi_milestone_start_date,2026-03-31T01:59:20.880078Z,7374273c-6ea4-4d7f-a5c4-1da368728ab4,0,1774733577,,True,1146,2026-03-28,train,6h,1774702800,included,1774702800,0,0.055,0.05,0.06,0.009999999999999995,0.06,10774.0,45
KXNBAGAME-26MAR28SASMIL,KXNBAGAME-26MAR28SASMIL-MIL,NBA,winner,Milwaukee,San Antonio,1774724400,2026-03-28T19:00:00+00:00,kalshi_milestone_start_date,2026-03-31T01:59:20.880078Z,7374273c-6ea4-4d7f-a5c4-1da368728ab4,0,1774733577,,True,1146,2026-03-28,train,1h,1774720800,included,1774720800,0,0.065,0.06,0.07,0.010000000000000009,0.07,64743.0,57
KXNBAGAME-26MAR28SASMIL,KXNBAGAME-26MAR28SASMIL-MIL,NBA,winner,Milwaukee,San Antonio,1774724400,2026-03-28T19:00:00+00:00,kalshi_milestone_start_date,2026-03-31T01:59:20.880078Z,7374273c-6ea4-4d7f-a5c4-1da368728ab4,0,1774733577,,True,1146,2026-03-28,train,5m,1774724100,included,1774724100,0,0.065,0.06,0.07,0.010000000000000009,0.07,134885.0,60
KXNBAGAME-26MAR28DETMIN,KXNBAGAME-26MAR28DETMIN-MIN,NBA,winner,Minnesota,Detroit,1774733400,2026-03-28T21:30:00+00:00,kalshi_milestone_start_date,2026-03-31T01:59:20.817388Z,32420f70-96f4-4adc-ba4c-946efe5ba7da,0,1774742557,,True,1074,2026-03-28,train,24h,1774647000,included,1774647000,0,0.48,0.47,0.49,0.020000000000000018,0.47,10682.0,11
KXNBAGAME-26MAR28DETMIN,KXNBAGAME-26MAR28DETMIN-MIN,NBA,winner,Minnesota,Detroit,1774733400,2026-03-28T21:30:00+00:00,kalshi_milestone_start_date,2026-03-31T01:59:20.817388Z,32420f70-96f4-4adc-ba4c-946efe5ba7da,0,1774742557,,True,1074,2026-03-28,train,6h,1774711800,included,1774711800,0,0.475,0.47,0.48,0.010000000000000009,0.49,23981.0,55
KXNBAGAME-26MAR28DETMIN,KXNBAGAME-26MAR28DETMIN-MIN,NBA,winner,Minnesota,Detroit,1774733400,2026-03-28T21:30:00+00:00,kalshi_milestone_start_date,2026-03-31T01:59:20.817388Z,32420f70-96f4-4adc-ba4c-946efe5ba7da,0,1774742557,,True,1074,2026-03-28,train,1h,1774729800,included,1774729800,0,0.46499999999999997,0.46,0.47,0.009999999999999953,0.47,40817.0,60
KXNBAGAME-26MAR28DETMIN,KXNBAGAME-26MAR28DETMIN-MIN,NBA,winner,Minnesota,Detroit,1774733400,2026-03-28T21:30:00+00:00,kalshi_milestone_start_date,2026-03-31T01:59:20.817388Z,32420f70-96f4-4adc-ba4c-946efe5ba7da,0,1774742557,,True,1074,2026-03-28,train,5m,1774733100,included,1774733100,0,0.46499999999999997,0.46,0.47,0.009999999999999953,0.47,150151.0,60
KXNBAGAME-26MAR28PHICHA,KXNBAGAME-26MAR28PHICHA-CHA,NBA,winner,Charlotte,Philadelphia,1774735200,2026-03-28T22:00:00+00:00,kalshi_milestone_start_date,2026-03-30T02:00:11.636516Z,8f06c0c6-f5f4-4e4d-8f18-c5c6749e26ec,0,1774745268,,True,1009,2026-03-28,train,6h,1774713600,included,1774713600,0,0.695,0.69,0.7,0.010000000000000009,0.7,10925.0,46
KXNBAGAME-26MAR28PHICHA,KXNBAGAME-26MAR28PHICHA-CHA,NBA,winner,Charlotte,Philadelphia,1774735200,2026-03-28T22:00:00+00:00,kalshi_milestone_start_date,2026-03-30T02:00:11.636516Z,8f06c0c6-f5f4-4e4d-8f18-c5c6749e26ec,0,1774745268,,True,1009,2026-03-28,train,1h,1774731600,included,1774731600,0,0.695,0.69,0.7,0.010000000000000009,0.7,41661.0,57
KXNBAGAME-26MAR28PHICHA,KXNBAGAME-26MAR28PHICHA-CHA,NBA,winner,Charlotte,Philadelphia,1774735200,2026-03-28T22:00:00+00:00,kalshi_milestone_start_date,2026-03-30T02:00:11.636516Z,8f06c0c6-f5f4-4e4d-8f18-c5c6749e26ec,0,1774745268,,True,1009,2026-03-28,train,5m,1774734900,included,1774734900,0,0.685,0.68,0.69,0.009999999999999898,0.69,44098.0,58
KXNBAGAME-26MAR28SACATL,KXNBAGAME-26MAR28SACATL-ATL,NBA,winner,Atlanta,Sacramento,1774740600,2026-03-28T23:30:00+00:00,kalshi_milestone_start_date,2026-03-30T03:59:44.564181Z,e25e4715-4e93-441c-941a-ded99ce69dca,1,1774749588,,True,936,2026-03-28,train,24h,1774654200,included,1774654080,120,0.885,0.88,0.89,0.010000000000000009,,5579.0,6
KXNBAGAME-26MAR28SACATL,KXNBAGAME-26MAR28SACATL-ATL,NBA,winner,Atlanta,Sacramento,1774740600,2026-03-28T23:30:00+00:00,kalshi_milestone_start_date,2026-03-30T03:59:44.564181Z,e25e4715-4e93-441c-941a-ded99ce69dca,1,1774749588,,True,936,2026-03-28,train,6h,1774719000,included,1774719000,0,0.885,0.88,0.89,0.010000000000000009,,5614.0,27
KXNBAGAME-26MAR28SACATL,KXNBAGAME-26MAR28SACATL-ATL,NBA,winner,Atlanta,Sacramento,1774740600,2026-03-28T23:30:00+00:00,kalshi_milestone_start_date,2026-03-30T03:59:44.564181Z,e25e4715-4e93-441c-941a-ded99ce69dca,1,1774749588,,True,936,2026-03-28,train,1h,1774737000,included,1774737000,0,0.875,0.87,0.88,0.010000000000000009,,213513.0,45
KXNBAGAME-26MAR28SACATL,KXNBAGAME-26MAR28SACATL-ATL,NBA,winner,Atlanta,Sacramento,1774740600,2026-03-28T23:30:00+00:00,kalshi_milestone_start_date,2026-03-30T03:59:44.564181Z,e25e4715-4e93-441c-941a-ded99ce69dca,1,1774749588,,True,936,2026-03-28,train,5m,1774740300,included,1774740300,0,0.865,0.86,0.87,0.010000000000000009,0.87,25852.0,54
KXNBAGAME-26MAR28CHIMEM,KXNBAGAME-26MAR28CHIMEM-MEM,NBA,winner,Memphis,Chicago,1774742400,2026-03-29T00:00:00+00:00,kalshi_milestone_start_date,2026-03-30T03:59:44.426916Z,66f25a79-2663-448e-8225-ec54c5fc4f30,1,1774752738,,True,809,2026-03-29,train,6h,1774720800,included,1774720800,0,0.375,0.37,0.38,0.010000000000000009,,2769.0,29
KXNBAGAME-26MAR28CHIMEM,KXNBAGAME-26MAR28CHIMEM-MEM,NBA,winner,Memphis,Chicago,1774742400,2026-03-29T00:00:00+00:00,kalshi_milestone_start_date,2026-03-30T03:59:44.426916Z,66f25a79-2663-448e-8225-ec54c5fc4f30,1,1774752738,,True,809,2026-03-29,train,1h,1774738800,included,1774738800,0,0.355,0.35,0.36,0.010000000000000009,0.36,10952.0,39
KXNBAGAME-26MAR28CHIMEM,KXNBAGAME-26MAR28CHIMEM-MEM,NBA,winner,Memphis,Chicago,1774742400,2026-03-29T00:00:00+00:00,kalshi_milestone_start_date,2026-03-30T03:59:44.426916Z,66f25a79-2663-448e-8225-ec54c5fc4f30,1,1774752738,,True,809,2026-03-29,train,5m,1774742100,included,1774742100,0,0.355,0.35,0.36,0.010000000000000009,0.36,32929.0,47
KXNBAGAME-26MAR28UTAPHX,KXNBAGAME-26MAR28UTAPHX-PHX,NBA,winner,Phoenix,Utah,1774749600,2026-03-29T02:00:00+00:00,kalshi_milestone_start_date,2026-03-31T01:01:32.790952Z,e72f1179-2c71-4160-adef-f9b80f2367a5,1,1774758738,,True,913,2026-03-29,train,6h,1774728000,included,1774728000,0,0.925,0.92,0.93,0.010000000000000009,0.93,10511.0,20
KXNBAGAME-26MAR28UTAPHX,KXNBAGAME-26MAR28UTAPHX-PHX,NBA,winner,Phoenix,Utah,1774749600,2026-03-29T02:00:00+00:00,kalshi_milestone_start_date,2026-03-31T01:01:32.790952Z,e72f1179-2c71-4160-adef-f9b80f2367a5,1,1774758738,,True,913,2026-03-29,train,1h,1774746000,included,1774746000,0,0.925,0.92,0.93,0.010000000000000009,0.93,12564.0,47
KXNBAGAME-26MAR28UTAPHX,KXNBAGAME-26MAR28UTAPHX-PHX,NBA,winner,Phoenix,Utah,1774749600,2026-03-29T02:00:00+00:00,kalshi_milestone_start_date,2026-03-31T01:01:32.790952Z,e72f1179-2c71-4160-adef-f9b80f2367a5,1,1774758738,,True,913,2026-03-29,train,5m,1774749300,included,1774749300,0,0.925,0.92,0.93,0.010000000000000009,0.93,63379.0,47
KXNBAGAME-26MAR29LACMIL,KXNBAGAME-26MAR29LACMIL-MIL,NBA,winner,Milwaukee,Los Angeles C,1774812600,2026-03-29T19:30:00+00:00,kalshi_milestone_start_date,2026-03-31T18:00:45.844563Z,2e6e4b56-ec3b-428e-8a7c-0221c0e5b458,0,1774822068,,True,1338,2026-03-29,train,24h,1774726200,included,1774726200,0,0.14500000000000002,0.13,0.16,0.03,,107.0,3
KXNBAGAME-26MAR29LACMIL,KXNBAGAME-26MAR29LACMIL-MIL,NBA,winner,Milwaukee,Los Angeles C,1774812600,2026-03-29T19:30:00+00:00,kalshi_milestone_start_date,2026-03-31T18:00:45.844563Z,2e6e4b56-ec3b-428e-8a7c-0221c0e5b458,0,1774822068,,True,1338,2026-03-29,train,6h,1774791000,included,1774791000,0,0.125,0.12,0.13,0.010000000000000009,,5827.0,24
KXNBAGAME-26MAR29LACMIL,KXNBAGAME-26MAR29LACMIL-MIL,NBA,winner,Milwaukee,Los Angeles C,1774812600,2026-03-29T19:30:00+00:00,kalshi_milestone_start_date,2026-03-31T18:00:45.844563Z,2e6e4b56-ec3b-428e-8a7c-0221c0e5b458,0,1774822068,,True,1338,2026-03-29,train,1h,1774809000,included,1774809000,0,0.095,0.09,0.1,0.010000000000000009,0.1,33774.0,56
KXNBAGAME-26MAR29LACMIL,KXNBAGAME-26MAR29LACMIL-MIL,NBA,winner,Milwaukee,Los Angeles C,1774812600,2026-03-29T19:30:00+00:00,kalshi_milestone_start_date,2026-03-31T18:00:45.844563Z,2e6e4b56-ec3b-428e-8a7c-0221c0e5b458,0,1774822068,,True,1338,2026-03-29,train,5m,1774812300,included,1774812300,0,0.08499999999999999,0.08,0.09,0.009999999999999995,0.09,154559.0,59
KXNBAGAME-26MAR29MIAIND,KXNBAGAME-26MAR29MIAIND-IND,NBA,winner,Indiana,Miami,1774818000,2026-03-29T21:00:00+00:00,kalshi_milestone_start_date,2026-03-31T00:00:51.06783Z,dbf95331-0148-4fe3-8394-87e8fd1263ca,1,1774826988,,True,1362,2026-03-29,train,24h,1774731600,included,1774731600,0,0.22999999999999998,0.22,0.24,0.01999999999999999,,23.0,2
KXNBAGAME-26MAR29MIAIND,KXNBAGAME-26MAR29MIAIND-IND,NBA,winner,Indiana,Miami,1774818000,2026-03-29T21:00:00+00:00,kalshi_milestone_start_date,2026-03-31T00:00:51.06783Z,dbf95331-0148-4fe3-8394-87e8fd1263ca,1,1774826988,,True,1362,2026-03-29,train,6h,1774796400,included,1774796400,0,0.225,0.22,0.23,0.010000000000000009,,1124.0,23
KXNBAGAME-26MAR29MIAIND,KXNBAGAME-26MAR29MIAIND-IND,NBA,winner,Indiana,Miami,1774818000,2026-03-29T21:00:00+00:00,kalshi_milestone_start_date,2026-03-31T00:00:51.06783Z,dbf95331-0148-4fe3-8394-87e8fd1263ca,1,1774826988,,True,1362,2026-03-29,train,1h,1774814400,included,1774814400,0,0.25,0.24,0.26,0.020000000000000018,0.25,13194.0,44
KXNBAGAME-26MAR29MIAIND,KXNBAGAME-26MAR29MIAIND-IND,NBA,winner,Indiana,Miami,1774818000,2026-03-29T21:00:00+00:00,kalshi_milestone_start_date,2026-03-31T00:00:51.06783Z,dbf95331-0148-4fe3-8394-87e8fd1263ca,1,1774826988,,True,1362,2026-03-29,train,5m,1774817700,included,1774817700,0,0.245,0.24,0.25,0.010000000000000009,0.25,29916.0,51
KXNBAGAME-26MAR29BOSCHA,KXNBAGAME-26MAR29BOSCHA-CHA,NBA,winner,Charlotte,Boston,1774821600,2026-03-29T22:00:00+00:00,kalshi_milestone_start_date,2026-03-31T01:01:33.034596Z,e25a11d3-1115-4233-bb0e-ed8ebaffd199,0,1774830128,,True,1260,2026-03-29,train,24h,1774735200,included,1774735140,60,0.53,0.52,0.54,0.020000000000000018,,1422.0,10
KXNBAGAME-26MAR29BOSCHA,KXNBAGAME-26MAR29BOSCHA-CHA,NBA,winner,Charlotte,Boston,1774821600,2026-03-29T22:00:00+00:00,kalshi_milestone_start_date,2026-03-31T01:01:33.034596Z,e25a11d3-1115-4233-bb0e-ed8ebaffd199,0,1774830128,,True,1260,2026-03-29,train,6h,1774800000,included,1774800000,0,0.515,0.51,0.52,0.010000000000000009,,17415.0,50
KXNBAGAME-26MAR29BOSCHA,KXNBAGAME-26MAR29BOSCHA-CHA,NBA,winner,Charlotte,Boston,1774821600,2026-03-29T22:00:00+00:00,kalshi_milestone_start_date,2026-03-31T01:01:33.034596Z,e25a11d3-1115-4233-bb0e-ed8ebaffd199,0,1774830128,,True,1260,2026-03-29,train,1h,1774818000,included,1774818000,0,0.555,0.55,0.56,0.010000000000000009,0.56,74608.0,57
KXNBAGAME-26MAR29BOSCHA,KXNBAGAME-26MAR29BOSCHA-CHA,NBA,winner,Charlotte,Boston,1774821600,2026-03-29T22:00:00+00:00,kalshi_milestone_start_date,2026-03-31T01:01:33.034596Z,e25a11d3-1115-4233-bb0e-ed8ebaffd199,0,1774830128,,True,1260,2026-03-29,train,5m,1774821300,included,1774821300,0,0.555,0.55,0.56,0.010000000000000009,0.56,486224.0,60
KXNBAGAME-26MAR29ORLTOR,KXNBAGAME-26MAR29ORLTOR-TOR,NBA,winner,Toronto,Orlando,1774821600,2026-03-29T22:00:00+00:00,kalshi_milestone_start_date,2026-03-31T01:01:33.136672Z,cb7ef26e-5567-466c-b36d-cee3be75889f,1,1774830937,,True,1146,2026-03-29,train,24h,1774735200,included,1774735140,60,0.575,0.57,0.58,0.010000000000000009,0.58,57.0,6
KXNBAGAME-26MAR29ORLTOR,KXNBAGAME-26MAR29ORLTOR-TOR,NBA,winner,Toronto,Orlando,1774821600,2026-03-29T22:00:00+00:00,kalshi_milestone_start_date,2026-03-31T01:01:33.136672Z,cb7ef26e-5567-466c-b36d-cee3be75889f,1,1774830937,,True,1146,2026-03-29,train,6h,1774800000,included,1774800000,0,0.555,0.55,0.56,0.010000000000000009,,4825.0,35
KXNBAGAME-26MAR29ORLTOR,KXNBAGAME-26MAR29ORLTOR-TOR,NBA,winner,Toronto,Orlando,1774821600,2026-03-29T22:00:00+00:00,kalshi_milestone_start_date,2026-03-31T01:01:33.136672Z,cb7ef26e-5567-466c-b36d-cee3be75889f,1,1774830937,,True,1146,2026-03-29,train,1h,1774818000,included,1774818000,0,0.555,0.55,0.56,0.010000000000000009,0.56,25778.0,53
KXNBAGAME-26MAR29ORLTOR,KXNBAGAME-26MAR29ORLTOR-TOR,NBA,winner,Toronto,Orlando,1774821600,2026-03-29T22:00:00+00:00,kalshi_milestone_start_date,2026-03-31T01:01:33.136672Z,cb7ef26e-5567-466c-b36d-cee3be75889f,1,1774830937,,True,1146,2026-03-29,train,5m,1774821300,included,1774821300,0,0.525,0.52,0.53,0.010000000000000009,0.53,115024.0,59
KXNBAGAME-26MAR29SACBKN,KXNBAGAME-26MAR29SACBKN-BKN,NBA,winner,Brooklyn,Sacramento,1774821600,2026-03-29T22:00:00+00:00,kalshi_milestone_start_date,2026-03-31T01:59:20.897216Z,3725acd2-0dd5-47a3-b5ba-f011d55ff060,1,1774830748,,True,1025,2026-03-29,train,6h,1774800000,included,1774800000,0,0.485,0.48,0.49,0.010000000000000009,0.49,1062.0,26
KXNBAGAME-26MAR29SACBKN,KXNBAGAME-26MAR29SACBKN-BKN,NBA,winner,Brooklyn,Sacramento,1774821600,2026-03-29T22:00:00+00:00,kalshi_milestone_start_date,2026-03-31T01:59:20.897216Z,3725acd2-0dd5-47a3-b5ba-f011d55ff060,1,1774830748,,True,1025,2026-03-29,train,1h,1774818000,included,1774818000,0,0.535,0.53,0.54,0.010000000000000009,0.54,18360.0,44
KXNBAGAME-26MAR29SACBKN,KXNBAGAME-26MAR29SACBKN-BKN,NBA,winner,Brooklyn,Sacramento,1774821600,2026-03-29T22:00:00+00:00,kalshi_milestone_start_date,2026-03-31T01:59:20.897216Z,3725acd2-0dd5-47a3-b5ba-f011d55ff060,1,1774830748,,True,1025,2026-03-29,train,5m,1774821300,included,1774821300,0,0.525,0.52,0.53,0.010000000000000009,0.53,39671.0,58
KXNBAGAME-26MAR29WASPOR,KXNBAGAME-26MAR29WASPOR-POR,NBA,winner,Portland,Washington,1774821600,2026-03-29T22:00:00+00:00,kalshi_milestone_start_date,2026-03-31T01:01:33.100359Z,832eceaa-2709-4fe2-89fd-325ec057d7b2,1,1774831368,,True,807,2026-03-29,train,24h,1774735200,included,1774735080,120,0.915,0.91,0.92,0.010000000000000009,0.92,4.0,1
KXNBAGAME-26MAR29WASPOR,KXNBAGAME-26MAR29WASPOR-POR,NBA,winner,Portland,Washington,1774821600,2026-03-29T22:00:00+00:00,kalshi_milestone_start_date,2026-03-31T01:01:33.100359Z,832eceaa-2709-4fe2-89fd-325ec057d7b2,1,1774831368,,True,807,2026-03-29,train,6h,1774800000,included,1774799880,120,0.915,0.91,0.92,0.010000000000000009,,898.0,26
KXNBAGAME-26MAR29WASPOR,KXNBAGAME-26MAR29WASPOR-POR,NBA,winner,Portland,Washington,1774821600,2026-03-29T22:00:00+00:00,kalshi_milestone_start_date,2026-03-31T01:01:33.100359Z,832eceaa-2709-4fe2-89fd-325ec057d7b2,1,1774831368,,True,807,2026-03-29,train,1h,1774818000,included,1774818000,0,0.925,0.92,0.93,0.010000000000000009,,6974.0,28
KXNBAGAME-26MAR29WASPOR,KXNBAGAME-26MAR29WASPOR-POR,NBA,winner,Portland,Washington,1774821600,2026-03-29T22:00:00+00:00,kalshi_milestone_start_date,2026-03-31T01:01:33.100359Z,832eceaa-2709-4fe2-89fd-325ec057d7b2,1,1774831368,,True,807,2026-03-29,train,5m,1774821300,included,1774821300,0,0.925,0.92,0.93,0.010000000000000009,,80020.0,40
KXNBAGAME-26MAR29HOUNOP,KXNBAGAME-26MAR29HOUNOP-NOP,NBA,winner,New Orleans,Houston,1774825200,2026-03-29T23:00:00+00:00,kalshi_milestone_start_date,2026-03-31T01:59:21.123713Z,4f5b9113-343b-45ed-a45d-7ede47142b15,0,1774834537,,True,762,2026-03-29,train,24h,1774738800,included,1774738740,60,0.33,0.32,0.34,0.020000000000000018,,39.0,3
KXNBAGAME-26MAR29HOUNOP,KXNBAGAME-26MAR29HOUNOP-NOP,NBA,winner,New Orleans,Houston,1774825200,2026-03-29T23:00:00+00:00,kalshi_milestone_start_date,2026-03-31T01:59:21.123713Z,4f5b9113-343b-45ed-a45d-7ede47142b15,0,1774834537,,True,762,2026-03-29,train,6h,1774803600,included,1774803600,0,0.325,0.32,0.33,0.010000000000000009,,448.0,12
KXNBAGAME-26MAR29HOUNOP,KXNBAGAME-26MAR29HOUNOP-NOP,NBA,winner,New Orleans,Houston,1774825200,2026-03-29T23:00:00+00:00,kalshi_milestone_start_date,2026-03-31T01:59:21.123713Z,4f5b9113-343b-45ed-a45d-7ede47142b15,0,1774834537,,True,762,2026-03-29,train,1h,1774821600,included,1774821600,0,0.305,0.3,0.31,0.010000000000000009,0.31,3530.0,40
KXNBAGAME-26MAR29HOUNOP,KXNBAGAME-26MAR29HOUNOP-NOP,NBA,winner,New Orleans,Houston,1774825200,2026-03-29T23:00:00+00:00,kalshi_milestone_start_date,2026-03-31T01:59:21.123713Z,4f5b9113-343b-45ed-a45d-7ede47142b15,0,1774834537,,True,762,2026-03-29,train,5m,1774824900,included,1774824900,0,0.315,0.31,0.32,0.010000000000000009,0.32,5433.0,44
KXNBAGAME-26MAR29NYKOKC,KXNBAGAME-26MAR29NYKOKC-OKC,NBA,winner,Oklahoma City,New York,1774827000,2026-03-29T23:30:00+00:00,kalshi_milestone_start_date,2026-03-31T19:59:20.758848Z,1f84c65d-480c-4c89-abd8-a755c6768f79,1,1774837538,,True,1239,2026-03-29,train,6h,1774805400,included,1774805400,0,0.765,0.76,0.77,0.010000000000000009,,5302.0,40
KXNBAGAME-26MAR29NYKOKC,KXNBAGAME-26MAR29NYKOKC-OKC,NBA,winner,Oklahoma City,New York,1774827000,2026-03-29T23:30:00+00:00,kalshi_milestone_start_date,2026-03-31T19:59:20.758848Z,1f84c65d-480c-4c89-abd8-a755c6768f79,1,1774837538,,True,1239,2026-03-29,train,1h,1774823400,included,1774823400,0,0.755,0.75,0.76,0.010000000000000009,0.76,92849.0,59
KXNBAGAME-26MAR29NYKOKC,KXNBAGAME-26MAR29NYKOKC-OKC,NBA,winner,Oklahoma City,New York,1774827000,2026-03-29T23:30:00+00:00,kalshi_milestone_start_date,2026-03-31T19:59:20.758848Z,1f84c65d-480c-4c89-abd8-a755c6768f79,1,1774837538,,True,1239,2026-03-29,train,5m,1774826700,included,1774826700,0,0.755,0.75,0.76,0.010000000000000009,0.76,120961.0,57
KXNBAGAME-26MAR29GSWDEN,KXNBAGAME-26MAR29GSWDEN-DEN,NBA,winner,Denver,Golden State,1774836000,2026-03-30T02:00:00+00:00,kalshi_milestone_start_date,2026-03-31T15:59:57.128264Z,2663b17d-6770-411f-b1e0-6d49ca09625a,1,1774846408,,True,850,2026-03-30,train,24h,1774749600,included,1774749540,60,0.845,0.84,0.85,0.010000000000000009,,1077.0,5
KXNBAGAME-26MAR29GSWDEN,KXNBAGAME-26MAR29GSWDEN-DEN,NBA,winner,Denver,Golden State,1774836000,2026-03-30T02:00:00+00:00,kalshi_milestone_start_date,2026-03-31T15:59:57.128264Z,2663b17d-6770-411f-b1e0-6d49ca09625a,1,1774846408,,True,850,2026-03-30,train,6h,1774814400,included,1774814340,60,0.855,0.85,0.86,0.010000000000000009,0.86,4170.0,31
KXNBAGAME-26MAR29GSWDEN,KXNBAGAME-26MAR29GSWDEN-DEN,NBA,winner,Denver,Golden State,1774836000,2026-03-30T02:00:00+00:00,kalshi_milestone_start_date,2026-03-31T15:59:57.128264Z,2663b17d-6770-411f-b1e0-6d49ca09625a,1,1774846408,,True,850,2026-03-30,train,1h,1774832400,included,1774832400,0,0.835,0.83,0.84,0.010000000000000009,0.84,183838.0,60
KXNBAGAME-26MAR29GSWDEN,KXNBAGAME-26MAR29GSWDEN-DEN,NBA,winner,Denver,Golden State,1774836000,2026-03-30T02:00:00+00:00,kalshi_milestone_start_date,2026-03-31T15:59:57.128264Z,2663b17d-6770-411f-b1e0-6d49ca09625a,1,1774846408,,True,850,2026-03-30,train,5m,1774835700,included,1774835700,0,0.835,0.83,0.84,0.010000000000000009,0.83,362844.0,60
KXNBAGAME-26MAR30PHIMIA,KXNBAGAME-26MAR30PHIMIA-MIA,NBA,winner,Miami,Philadelphia,1774911600,2026-03-30T23:00:00+00:00,kalshi_milestone_start_date,2026-04-01T14:38:41.805903Z,d936286d-5b71-4a51-abe1-633f4bfdd4c9,1,1774921806,,True,1157,2026-03-30,train,24h,1774825200,included,1774825140,60,0.48,0.47,0.49,0.020000000000000018,,692.0,12
KXNBAGAME-26MAR30PHIMIA,KXNBAGAME-26MAR30PHIMIA-MIA,NBA,winner,Miami,Philadelphia,1774911600,2026-03-30T23:00:00+00:00,kalshi_milestone_start_date,2026-04-01T14:38:41.805903Z,d936286d-5b71-4a51-abe1-633f4bfdd4c9,1,1774921806,,True,1157,2026-03-30,train,6h,1774890000,included,1774890000,0,0.445,0.44,0.45,0.010000000000000009,0.45,6365.0,41
KXNBAGAME-26MAR30PHIMIA,KXNBAGAME-26MAR30PHIMIA-MIA,NBA,winner,Miami,Philadelphia,1774911600,2026-03-30T23:00:00+00:00,kalshi_milestone_start_date,2026-04-01T14:38:41.805903Z,d936286d-5b71-4a51-abe1-633f4bfdd4c9,1,1774921806,,True,1157,2026-03-30,train,1h,1774908000,included,1774908000,0,0.445,0.44,0.45,0.010000000000000009,0.45,22132.0,57
KXNBAGAME-26MAR30PHIMIA,KXNBAGAME-26MAR30PHIMIA-MIA,NBA,winner,Miami,Philadelphia,1774911600,2026-03-30T23:00:00+00:00,kalshi_milestone_start_date,2026-04-01T14:38:41.805903Z,d936286d-5b71-4a51-abe1-633f4bfdd4c9,1,1774921806,,True,1157,2026-03-30,train,5m,1774911300,included,1774911300,0,0.445,0.44,0.45,0.010000000000000009,0.45,59296.0,60
KXNBAGAME-26MAR30BOSATL,KXNBAGAME-26MAR30BOSATL-ATL,NBA,winner,Atlanta,Boston,1774913400,2026-03-30T23:30:00+00:00,kalshi_milestone_start_date,2026-04-01T03:53:01.632785Z,d27bbd6c-6413-46b0-8ac4-d6de4b12be9b,1,1774922988,,True,1338,2026-03-30,train,24h,1774827000,included,1774826940,60,0.505,0.49,0.52,0.030000000000000027,,1672.0,6
KXNBAGAME-26MAR30BOSATL,KXNBAGAME-26MAR30BOSATL-ATL,NBA,winner,Atlanta,Boston,1774913400,2026-03-30T23:30:00+00:00,kalshi_milestone_start_date,2026-04-01T03:53:01.632785Z,d27bbd6c-6413-46b0-8ac4-d6de4b12be9b,1,1774922988,,True,1338,2026-03-30,train,6h,1774891800,included,1774891800,0,0.545,0.54,0.55,0.010000000000000009,0.55,34767.0,59
KXNBAGAME-26MAR30BOSATL,KXNBAGAME-26MAR30BOSATL-ATL,NBA,winner,Atlanta,Boston,1774913400,2026-03-30T23:30:00+00:00,kalshi_milestone_start_date,2026-04-01T03:53:01.632785Z,d27bbd6c-6413-46b0-8ac4-d6de4b12be9b,1,1774922988,,True,1338,2026-03-30,train,1h,1774909800,included,1774909800,0,0.555,0.55,0.56,0.010000000000000009,0.56,54727.0,60
KXNBAGAME-26MAR30BOSATL,KXNBAGAME-26MAR30BOSATL-ATL,NBA,winner,Atlanta,Boston,1774913400,2026-03-30T23:30:00+00:00,kalshi_milestone_start_date,2026-04-01T03:53:01.632785Z,d27bbd6c-6413-46b0-8ac4-d6de4b12be9b,1,1774922988,,True,1338,2026-03-30,train,5m,1774913100,included,1774913100,0,0.565,0.56,0.57,0.009999999999999898,0.57,182086.0,60
KXNBAGAME-26MAR30CHISAS,KXNBAGAME-26MAR30CHISAS-SAS,NBA,winner,San Antonio,Chicago,1774915200,2026-03-31T00:00:00+00:00,kalshi_milestone_start_date,2026-04-01T14:38:41.841042Z,5cccb0eb-0486-4df7-90c2-f1701c0aaaa1,1,1774924812,,True,1164,2026-03-31,train,6h,1774893600,included,1774893600,0,0.945,0.94,0.95,0.010000000000000009,0.95,2283.0,30
KXNBAGAME-26MAR30CHISAS,KXNBAGAME-26MAR30CHISAS-SAS,NBA,winner,San Antonio,Chicago,1774915200,2026-03-31T00:00:00+00:00,kalshi_milestone_start_date,2026-04-01T14:38:41.841042Z,5cccb0eb-0486-4df7-90c2-f1701c0aaaa1,1,1774924812,,True,1164,2026-03-31,train,1h,1774911600,included,1774911540,60,0.945,0.94,0.95,0.010000000000000009,0.95,84560.0,42
KXNBAGAME-26MAR30CHISAS,KXNBAGAME-26MAR30CHISAS-SAS,NBA,winner,San Antonio,Chicago,1774915200,2026-03-31T00:00:00+00:00,kalshi_milestone_start_date,2026-04-01T14:38:41.841042Z,5cccb0eb-0486-4df7-90c2-f1701c0aaaa1,1,1774924812,,True,1164,2026-03-31,train,5m,1774914900,included,1774914900,0,0.945,0.94,0.95,0.010000000000000009,0.94,199349.0,48
KXNBAGAME-26MAR30PHXMEM,KXNBAGAME-26MAR30PHXMEM-MEM,NBA,winner,Memphis,Phoenix,1774915200,2026-03-31T00:00:00+00:00,kalshi_milestone_start_date,2026-04-01T04:37:55.560019Z,650ed8b9-047d-418e-8b7b-a4bee25d283c,0,1774925268,,True,1168,2026-03-31,train,24h,1774828800,included,1774828680,120,0.135,0.13,0.14,0.010000000000000009,,1008.0,10
KXNBAGAME-26MAR30PHXMEM,KXNBAGAME-26MAR30PHXMEM-MEM,NBA,winner,Memphis,Phoenix,1774915200,2026-03-31T00:00:00+00:00,kalshi_milestone_start_date,2026-04-01T04:37:55.560019Z,650ed8b9-047d-418e-8b7b-a4bee25d283c,0,1774925268,,True,1168,2026-03-31,train,6h,1774893600,included,1774893600,0,0.14500000000000002,0.14,0.15,0.009999999999999981,0.15,6604.0,31
KXNBAGAME-26MAR30PHXMEM,KXNBAGAME-26MAR30PHXMEM-MEM,NBA,winner,Memphis,Phoenix,1774915200,2026-03-31T00:00:00+00:00,kalshi_milestone_start_date,2026-04-01T04:37:55.560019Z,650ed8b9-047d-418e-8b7b-a4bee25d283c,0,1774925268,,True,1168,2026-03-31,train,1h,1774911600,included,1774911540,60,0.135,0.13,0.14,0.010000000000000009,0.14,7285.0,45
KXNBAGAME-26MAR30PHXMEM,KXNBAGAME-26MAR30PHXMEM-MEM,NBA,winner,Memphis,Phoenix,1774915200,2026-03-31T00:00:00+00:00,kalshi_milestone_start_date,2026-04-01T04:37:55.560019Z,650ed8b9-047d-418e-8b7b-a4bee25d283c,0,1774925268,,True,1168,2026-03-31,train,5m,1774914900,included,1774914900,0,0.135,0.13,0.14,0.010000000000000009,0.14,16571.0,52
KXNBAGAME-26MAR30MINDAL,KXNBAGAME-26MAR30MINDAL-DAL,NBA,winner,Dallas,Minnesota,1774917000,2026-03-31T00:30:00+00:00,kalshi_milestone_start_date,2026-04-01T03:53:01.757563Z,59679315-f81b-4f72-a9e7-0399659b0b81,0,1774926748,,True,1094,2026-03-31,train,24h,1774830600,included,1774830600,0,0.28500000000000003,0.28,0.29,0.009999999999999953,,1790.0,16
KXNBAGAME-26MAR30MINDAL,KXNBAGAME-26MAR30MINDAL-DAL,NBA,winner,Dallas,Minnesota,1774917000,2026-03-31T00:30:00+00:00,kalshi_milestone_start_date,2026-04-01T03:53:01.757563Z,59679315-f81b-4f72-a9e7-0399659b0b81,0,1774926748,,True,1094,2026-03-31,train,6h,1774895400,included,1774895400,0,0.275,0.27,0.28,0.010000000000000009,0.28,2398.0,28
KXNBAGAME-26MAR30MINDAL,KXNBAGAME-26MAR30MINDAL-DAL,NBA,winner,Dallas,Minnesota,1774917000,2026-03-31T00:30:00+00:00,kalshi_milestone_start_date,2026-04-01T03:53:01.757563Z,59679315-f81b-4f72-a9e7-0399659b0b81,0,1774926748,,True,1094,2026-03-31,train,1h,1774913400,included,1774913400,0,0.245,0.24,0.25,0.010000000000000009,,15366.0,50
KXNBAGAME-26MAR30MINDAL,KXNBAGAME-26MAR30MINDAL-DAL,NBA,winner,Dallas,Minnesota,1774917000,2026-03-31T00:30:00+00:00,kalshi_milestone_start_date,2026-04-01T03:53:01.757563Z,59679315-f81b-4f72-a9e7-0399659b0b81,0,1774926748,,True,1094,2026-03-31,train,5m,1774916700,included,1774916700,0,0.245,0.24,0.25,0.010000000000000009,0.25,24798.0,52
KXNBAGAME-26MAR30CLEUTA,KXNBAGAME-26MAR30CLEUTA-UTA,NBA,winner,Utah,Cleveland,1774918800,2026-03-31T01:00:00+00:00,kalshi_milestone_start_date,2026-04-01T03:53:01.734411Z,734db837-bcc6-4e1f-8f76-dcb53bcffaca,0,1774927777,,True,1089,2026-03-31,train,24h,1774832400,included,1774832400,0,0.065,0.06,0.07,0.010000000000000009,,1781.0,25
KXNBAGAME-26MAR30CLEUTA,KXNBAGAME-26MAR30CLEUTA-UTA,NBA,winner,Utah,Cleveland,1774918800,2026-03-31T01:00:00+00:00,kalshi_milestone_start_date,2026-04-01T03:53:01.734411Z,734db837-bcc6-4e1f-8f76-dcb53bcffaca,0,1774927777,,True,1089,2026-03-31,train,6h,1774897200,included,1774897200,0,0.07500000000000001,0.07,0.08,0.009999999999999995,,13163.0,24
KXNBAGAME-26MAR30CLEUTA,KXNBAGAME-26MAR30CLEUTA-UTA,NBA,winner,Utah,Cleveland,1774918800,2026-03-31T01:00:00+00:00,kalshi_milestone_start_date,2026-04-01T03:53:01.734411Z,734db837-bcc6-4e1f-8f76-dcb53bcffaca,0,1774927777,,True,1089,2026-03-31,train,1h,1774915200,included,1774915200,0,0.07500000000000001,0.07,0.08,0.009999999999999995,0.08,18085.0,54
KXNBAGAME-26MAR30CLEUTA,KXNBAGAME-26MAR30CLEUTA-UTA,NBA,winner,Utah,Cleveland,1774918800,2026-03-31T01:00:00+00:00,kalshi_milestone_start_date,2026-04-01T03:53:01.734411Z,734db837-bcc6-4e1f-8f76-dcb53bcffaca,0,1774927777,,True,1089,2026-03-31,train,5m,1774918500,included,1774918500,0,0.07500000000000001,0.07,0.08,0.009999999999999995,0.08,40383.0,58
KXNBAGAME-26MAR30DETOKC,KXNBAGAME-26MAR30DETOKC-OKC,NBA,winner,Oklahoma City,Detroit,1774920600,2026-03-31T01:30:00+00:00,kalshi_milestone_start_date,2026-04-01T15:38:54.898703Z,2134a643-aa23-4370-aedb-a7f58dcdade4,1,1774932338,,True,1158,2026-03-31,train,24h,1774834200,included,1774834200,0,0.84,0.83,0.85,0.020000000000000018,0.85,1624.0,13
KXNBAGAME-26MAR30DETOKC,KXNBAGAME-26MAR30DETOKC-OKC,NBA,winner,Oklahoma City,Detroit,1774920600,2026-03-31T01:30:00+00:00,kalshi_milestone_start_date,2026-04-01T15:38:54.898703Z,2134a643-aa23-4370-aedb-a7f58dcdade4,1,1774932338,,True,1158,2026-03-31,train,6h,1774899000,included,1774899000,0,0.845,0.84,0.85,0.010000000000000009,0.85,23417.0,38
KXNBAGAME-26MAR30DETOKC,KXNBAGAME-26MAR30DETOKC-OKC,NBA,winner,Oklahoma City,Detroit,1774920600,2026-03-31T01:30:00+00:00,kalshi_milestone_start_date,2026-04-01T15:38:54.898703Z,2134a643-aa23-4370-aedb-a7f58dcdade4,1,1774932338,,True,1158,2026-03-31,train,1h,1774917000,included,1774917000,0,0.845,0.84,0.85,0.010000000000000009,0.85,80251.0,48
KXNBAGAME-26MAR30DETOKC,KXNBAGAME-26MAR30DETOKC-OKC,NBA,winner,Oklahoma City,Detroit,1774920600,2026-03-31T01:30:00+00:00,kalshi_milestone_start_date,2026-04-01T15:38:54.898703Z,2134a643-aa23-4370-aedb-a7f58dcdade4,1,1774932338,,True,1158,2026-03-31,train,5m,1774920300,included,1774920300,0,0.845,0.84,0.85,0.010000000000000009,0.85,72660.0,55
KXNBAGAME-26MAR30WASLAL,KXNBAGAME-26MAR30WASLAL-LAL,NBA,winner,Los Angeles L,Washington,1774922400,2026-03-31T02:00:00+00:00,kalshi_milestone_start_date,2026-04-01T10:38:43.116294Z,17c32c41-f20c-40d4-a85c-05a28cd401cb,1,1774931858,,True,1094,2026-03-31,train,24h,1774836000,included,1774835940,60,0.925,0.92,0.93,0.010000000000000009,,275.0,12
KXNBAGAME-26MAR30WASLAL,KXNBAGAME-26MAR30WASLAL-LAL,NBA,winner,Los Angeles L,Washington,1774922400,2026-03-31T02:00:00+00:00,kalshi_milestone_start_date,2026-04-01T10:38:43.116294Z,17c32c41-f20c-40d4-a85c-05a28cd401cb,1,1774931858,,True,1094,2026-03-31,train,6h,1774900800,included,1774900680,120,0.925,0.92,0.93,0.010000000000000009,0.93,2624.0,26
KXNBAGAME-26MAR30WASLAL,KXNBAGAME-26MAR30WASLAL-LAL,NBA,winner,Los Angeles L,Washington,1774922400,2026-03-31T02:00:00+00:00,kalshi_milestone_start_date,2026-04-01T10:38:43.116294Z,17c32c41-f20c-40d4-a85c-05a28cd401cb,1,1774931858,,True,1094,2026-03-31,train,1h,1774918800,included,1774918800,0,0.915,0.91,0.92,0.010000000000000009,0.92,20080.0,36
KXNBAGAME-26MAR30WASLAL,KXNBAGAME-26MAR30WASLAL-LAL,NBA,winner,Los Angeles L,Washington,1774922400,2026-03-31T02:00:00+00:00,kalshi_milestone_start_date,2026-04-01T10:38:43.116294Z,17c32c41-f20c-40d4-a85c-05a28cd401cb,1,1774931858,,True,1094,2026-03-31,train,5m,1774922100,included,1774922100,0,0.915,0.91,0.92,0.010000000000000009,0.92,129840.0,54
KXNBAGAME-26MAR31PHXORL,KXNBAGAME-26MAR31PHXORL-ORL,NBA,winner,Orlando,Phoenix,1774998000,2026-03-31T23:00:00+00:00,kalshi_milestone_start_date,2026-04-02T03:16:03.875034Z,192fe1a0-2ce2-46f8-9fa4-4f2e2254f743,1,1775008668,,True,1148,2026-03-31,train,24h,1774911600,included,1774911540,60,0.575,0.57,0.58,0.010000000000000009,,67.0,3
KXNBAGAME-26MAR31PHXORL,KXNBAGAME-26MAR31PHXORL-ORL,NBA,winner,Orlando,Phoenix,1774998000,2026-03-31T23:00:00+00:00,kalshi_milestone_start_date,2026-04-02T03:16:03.875034Z,192fe1a0-2ce2-46f8-9fa4-4f2e2254f743,1,1775008668,,True,1148,2026-03-31,train,6h,1774976400,included,1774976400,0,0.545,0.54,0.55,0.010000000000000009,,4343.0,42
KXNBAGAME-26MAR31PHXORL,KXNBAGAME-26MAR31PHXORL-ORL,NBA,winner,Orlando,Phoenix,1774998000,2026-03-31T23:00:00+00:00,kalshi_milestone_start_date,2026-04-02T03:16:03.875034Z,192fe1a0-2ce2-46f8-9fa4-4f2e2254f743,1,1775008668,,True,1148,2026-03-31,train,1h,1774994400,included,1774994400,0,0.535,0.53,0.54,0.010000000000000009,0.54,58903.0,59
KXNBAGAME-26MAR31PHXORL,KXNBAGAME-26MAR31PHXORL-ORL,NBA,winner,Orlando,Phoenix,1774998000,2026-03-31T23:00:00+00:00,kalshi_milestone_start_date,2026-04-02T03:16:03.875034Z,192fe1a0-2ce2-46f8-9fa4-4f2e2254f743,1,1775008668,,True,1148,2026-03-31,train,5m,1774997700,included,1774997700,0,0.545,0.54,0.55,0.010000000000000009,0.55,100771.0,60
KXNBAGAME-26MAR31CHABKN,KXNBAGAME-26MAR31CHABKN-BKN,NBA,winner,Brooklyn,Charlotte,1774999800,2026-03-31T23:30:00+00:00,kalshi_milestone_start_date,2026-04-02T03:16:03.815256Z,68345a0d-e476-4374-980f-a28f3a352678,0,1775009378,,True,1182,2026-03-31,train,24h,1774913400,included,1774913280,120,0.095,0.09,0.1,0.010000000000000009,0.1,1290.0,14
KXNBAGAME-26MAR31CHABKN,KXNBAGAME-26MAR31CHABKN-BKN,NBA,winner,Brooklyn,Charlotte,1774999800,2026-03-31T23:30:00+00:00,kalshi_milestone_start_date,2026-04-02T03:16:03.815256Z,68345a0d-e476-4374-980f-a28f3a352678,0,1775009378,,True,1182,2026-03-31,train,6h,1774978200,included,1774978200,0,0.065,0.06,0.07,0.010000000000000009,,46023.0,53
KXNBAGAME-26MAR31CHABKN,KXNBAGAME-26MAR31CHABKN-BKN,NBA,winner,Brooklyn,Charlotte,1774999800,2026-03-31T23:30:00+00:00,kalshi_milestone_start_date,2026-04-02T03:16:03.815256Z,68345a0d-e476-4374-980f-a28f3a352678,0,1775009378,,True,1182,2026-03-31,train,1h,1774996200,included,1774996200,0,0.065,0.06,0.07,0.010000000000000009,0.07,84604.0,60
KXNBAGAME-26MAR31CHABKN,KXNBAGAME-26MAR31CHABKN-BKN,NBA,winner,Brooklyn,Charlotte,1774999800,2026-03-31T23:30:00+00:00,kalshi_milestone_start_date,2026-04-02T03:16:03.815256Z,68345a0d-e476-4374-980f-a28f3a352678,0,1775009378,,True,1182,2026-03-31,train,5m,1774999500,included,1774999500,0,0.065,0.06,0.07,0.010000000000000009,0.07,488873.0,60
KXNBAGAME-26MAR31DALMIL,KXNBAGAME-26MAR31DALMIL-MIL,NBA,winner,Milwaukee,Dallas,1775001600,2026-04-01T00:00:00+00:00,kalshi_milestone_start_date,2026-04-02T04:00:25.46706Z,3925843b-a76e-46be-be14-cabf87ea5588,1,1775012248,,True,791,2026-04-01,train,6h,1774980000,included,1774980000,0,0.46499999999999997,0.46,0.47,0.009999999999999953,0.47,8040.0,38
KXNBAGAME-26MAR31DALMIL,KXNBAGAME-26MAR31DALMIL-MIL,NBA,winner,Milwaukee,Dallas,1775001600,2026-04-01T00:00:00+00:00,kalshi_milestone_start_date,2026-04-02T04:00:25.46706Z,3925843b-a76e-46be-be14-cabf87ea5588,1,1775012248,,True,791,2026-04-01,train,1h,1774998000,included,1774998000,0,0.455,0.45,0.46,0.010000000000000009,0.46,6343.0,49
KXNBAGAME-26MAR31DALMIL,KXNBAGAME-26MAR31DALMIL-MIL,NBA,winner,Milwaukee,Dallas,1775001600,2026-04-01T00:00:00+00:00,kalshi_milestone_start_date,2026-04-02T04:00:25.46706Z,3925843b-a76e-46be-be14-cabf87ea5588,1,1775012248,,True,791,2026-04-01,train,5m,1775001300,included,1775001300,0,0.435,0.43,0.44,0.010000000000000009,0.44,23102.0,56
KXNBAGAME-26MAR31NYKHOU,KXNBAGAME-26MAR31NYKHOU-HOU,NBA,winner,Houston,New York,1775001600,2026-04-01T00:00:00+00:00,kalshi_milestone_start_date,2026-04-02T15:10:41.92857Z,f81accd1-963c-4317-afa3-9581488857e6,1,1775010748,,True,1010,2026-04-01,train,24h,1774915200,included,1774915200,0,0.495,0.48,0.51,0.030000000000000027,,3033.0,7
KXNBAGAME-26MAR31NYKHOU,KXNBAGAME-26MAR31NYKHOU-HOU,NBA,winner,Houston,New York,1775001600,2026-04-01T00:00:00+00:00,kalshi_milestone_start_date,2026-04-02T15:10:41.92857Z,f81accd1-963c-4317-afa3-9581488857e6,1,1775010748,,True,1010,2026-04-01,train,6h,1774980000,included,1774980000,0,0.49,0.48,0.5,0.020000000000000018,0.5,16885.0,50
KXNBAGAME-26MAR31NYKHOU,KXNBAGAME-26MAR31NYKHOU-HOU,NBA,winner,Houston,New York,1775001600,2026-04-01T00:00:00+00:00,kalshi_milestone_start_date,2026-04-02T15:10:41.92857Z,f81accd1-963c-4317-afa3-9581488857e6,1,1775010748,,True,1010,2026-04-01,train,1h,1774998000,included,1774998000,0,0.495,0.49,0.5,0.010000000000000009,0.49,35899.0,60
KXNBAGAME-26MAR31NYKHOU,KXNBAGAME-26MAR31NYKHOU-HOU,NBA,winner,Houston,New York,1775001600,2026-04-01T00:00:00+00:00,kalshi_milestone_start_date,2026-04-02T15:10:41.92857Z,f81accd1-963c-4317-afa3-9581488857e6,1,1775010748,,True,1010,2026-04-01,train,5m,1775001300,included,1775001300,0,0.495,0.49,0.5,0.010000000000000009,0.5,150338.0,60
KXNBAGAME-26MAR31TORDET,KXNBAGAME-26MAR31TORDET-DET,NBA,winner,Detroit,Toronto,1775001600,2026-04-01T00:00:00+00:00,kalshi_milestone_start_date,2026-04-02T04:00:25.491716Z,a9c37ee8-e88c-4833-abe9-e5a54ef0b115,1,1775012007,,True,1105,2026-04-01,train,24h,1774915200,included,1774915200,0,0.605,0.6,0.61,0.010000000000000009,,316.0,5
KXNBAGAME-26MAR31TORDET,KXNBAGAME-26MAR31TORDET-DET,NBA,winner,Detroit,Toronto,1775001600,2026-04-01T00:00:00+00:00,kalshi_milestone_start_date,2026-04-02T04:00:25.491716Z,a9c37ee8-e88c-4833-abe9-e5a54ef0b115,1,1775012007,,True,1105,2026-04-01,train,6h,1774980000,included,1774980000,0,0.595,0.59,0.6,0.010000000000000009,0.6,50846.0,52
KXNBAGAME-26MAR31TORDET,KXNBAGAME-26MAR31TORDET-DET,NBA,winner,Detroit,Toronto,1775001600,2026-04-01T00:00:00+00:00,kalshi_milestone_start_date,2026-04-02T04:00:25.491716Z,a9c37ee8-e88c-4833-abe9-e5a54ef0b115,1,1775012007,,True,1105,2026-04-01,train,1h,1774998000,included,1774998000,0,0.595,0.59,0.6,0.010000000000000009,0.6,36756.0,59
KXNBAGAME-26MAR31TORDET,KXNBAGAME-26MAR31TORDET-DET,NBA,winner,Detroit,Toronto,1775001600,2026-04-01T00:00:00+00:00,kalshi_milestone_start_date,2026-04-02T04:00:25.491716Z,a9c37ee8-e88c-4833-abe9-e5a54ef0b115,1,1775012007,,True,1105,2026-04-01,train,5m,1775001300,included,1775001300,0,0.59,0.58,0.6,0.020000000000000018,0.6,88110.0,58
KXNBAGAME-26MAR31CLELAL,KXNBAGAME-26MAR31CLELAL-LAL,NBA,winner,Los Angeles L,Cleveland,1775010600,2026-04-01T02:30:00+00:00,kalshi_milestone_start_date,2026-04-02T05:37:55.564931Z,b53e282e-ed18-4411-9f18-f2e12bee7f44,1,1775019738,,True,1295,2026-04-01,train,6h,1774989000,included,1774989000,0,0.545,0.54,0.55,0.010000000000000009,0.55,31788.0,59
KXNBAGAME-26MAR31CLELAL,KXNBAGAME-26MAR31CLELAL-LAL,NBA,winner,Los Angeles L,Cleveland,1775010600,2026-04-01T02:30:00+00:00,kalshi_milestone_start_date,2026-04-02T05:37:55.564931Z,b53e282e-ed18-4411-9f18-f2e12bee7f44,1,1775019738,,True,1295,2026-04-01,train,1h,1775007000,included,1775007000,0,0.545,0.54,0.55,0.010000000000000009,0.55,66126.0,60
KXNBAGAME-26MAR31CLELAL,KXNBAGAME-26MAR31CLELAL-LAL,NBA,winner,Los Angeles L,Cleveland,1775010600,2026-04-01T02:30:00+00:00,kalshi_milestone_start_date,2026-04-02T05:37:55.564931Z,b53e282e-ed18-4411-9f18-f2e12bee7f44,1,1775019738,,True,1295,2026-04-01,train,5m,1775010300,included,1775010300,0,0.555,0.55,0.56,0.010000000000000009,0.56,763783.0,60
KXNBAGAME-26MAR31PORLAC,KXNBAGAME-26MAR31PORLAC-LAC,NBA,winner,Los Angeles C,Portland,1775012400,2026-04-01T03:00:00+00:00,kalshi_milestone_start_date,2026-04-02T08:11:40.752014Z,fb55fc03-168e-428d-84e1-99562e1bc980,0,1775022128,,True,1057,2026-04-01,train,24h,1774926000,included,1774925940,60,0.645,0.64,0.65,0.010000000000000009,0.65,720.0,15
KXNBAGAME-26MAR31PORLAC,KXNBAGAME-26MAR31PORLAC-LAC,NBA,winner,Los Angeles C,Portland,1775012400,2026-04-01T03:00:00+00:00,kalshi_milestone_start_date,2026-04-02T08:11:40.752014Z,fb55fc03-168e-428d-84e1-99562e1bc980,0,1775022128,,True,1057,2026-04-01,train,6h,1774990800,included,1774990800,0,0.665,0.66,0.67,0.010000000000000009,0.67,11098.0,52
KXNBAGAME-26MAR31PORLAC,KXNBAGAME-26MAR31PORLAC-LAC,NBA,winner,Los Angeles C,Portland,1775012400,2026-04-01T03:00:00+00:00,kalshi_milestone_start_date,2026-04-02T08:11:40.752014Z,fb55fc03-168e-428d-84e1-99562e1bc980,0,1775022128,,True,1057,2026-04-01,train,1h,1775008800,included,1775008800,0,0.635,0.63,0.64,0.010000000000000009,0.64,152385.0,58
KXNBAGAME-26MAR31PORLAC,KXNBAGAME-26MAR31PORLAC-LAC,NBA,winner,Los Angeles C,Portland,1775012400,2026-04-01T03:00:00+00:00,kalshi_milestone_start_date,2026-04-02T08:11:40.752014Z,fb55fc03-168e-428d-84e1-99562e1bc980,0,1775022128,,True,1057,2026-04-01,train,5m,1775012100,included,1775012100,0,0.645,0.64,0.65,0.010000000000000009,0.65,539260.0,60
KXNBAGAME-26APR01ATLORL,KXNBAGAME-26APR01ATLORL-ORL,NBA,winner,Orlando,Atlanta,1775084400,2026-04-01T23:00:00+00:00,kalshi_milestone_start_date,2026-04-03T16:09:53.785941Z,537a381a-8bd8-403f-92f6-078627b06402,0,1775094468,,True,1062,2026-04-01,train,24h,1774998000,included,1774998000,0,0.39,0.38,0.4,0.020000000000000018,,106.0,5
KXNBAGAME-26APR01ATLORL,KXNBAGAME-26APR01ATLORL-ORL,NBA,winner,Orlando,Atlanta,1775084400,2026-04-01T23:00:00+00:00,kalshi_milestone_start_date,2026-04-03T16:09:53.785941Z,537a381a-8bd8-403f-92f6-078627b06402,0,1775094468,,True,1062,2026-04-01,train,6h,1775062800,included,1775062800,0,0.415,0.41,0.42,0.010000000000000009,0.42,8401.0,42
KXNBAGAME-26APR01ATLORL,KXNBAGAME-26APR01ATLORL-ORL,NBA,winner,Orlando,Atlanta,1775084400,2026-04-01T23:00:00+00:00,kalshi_milestone_start_date,2026-04-03T16:09:53.785941Z,537a381a-8bd8-403f-92f6-078627b06402,0,1775094468,,True,1062,2026-04-01,train,1h,1775080800,included,1775080800,0,0.44,0.43,0.45,0.020000000000000018,0.45,93028.0,59
KXNBAGAME-26APR01ATLORL,KXNBAGAME-26APR01ATLORL-ORL,NBA,winner,Orlando,Atlanta,1775084400,2026-04-01T23:00:00+00:00,kalshi_milestone_start_date,2026-04-03T16:09:53.785941Z,537a381a-8bd8-403f-92f6-078627b06402,0,1775094468,,True,1062,2026-04-01,train,5m,1775084100,included,1775084100,0,0.435,0.43,0.44,0.010000000000000009,0.44,184940.0,60
KXNBAGAME-26APR01PHIWAS,KXNBAGAME-26APR01PHIWAS-WAS,NBA,winner,Washington,Philadelphia,1775084400,2026-04-01T23:00:00+00:00,kalshi_milestone_start_date,2026-04-03T03:21:33.348062Z,2a9d01f5-caf4-45f1-bf11-337f157781df,0,1775093388,,True,1187,2026-04-01,train,24h,1774998000,included,1774998000,0,0.095,0.09,0.1,0.010000000000000009,,874.0,11
KXNBAGAME-26APR01PHIWAS,KXNBAGAME-26APR01PHIWAS-WAS,NBA,winner,Washington,Philadelphia,1775084400,2026-04-01T23:00:00+00:00,kalshi_milestone_start_date,2026-04-03T03:21:33.348062Z,2a9d01f5-caf4-45f1-bf11-337f157781df,0,1775093388,,True,1187,2026-04-01,train,6h,1775062800,included,1775062800,0,0.10500000000000001,0.1,0.11,0.009999999999999995,0.11,12802.0,39
KXNBAGAME-26APR01PHIWAS,KXNBAGAME-26APR01PHIWAS-WAS,NBA,winner,Washington,Philadelphia,1775084400,2026-04-01T23:00:00+00:00,kalshi_milestone_start_date,2026-04-03T03:21:33.348062Z,2a9d01f5-caf4-45f1-bf11-337f157781df,0,1775093388,,True,1187,2026-04-01,train,1h,1775080800,included,1775080800,0,0.10500000000000001,0.1,0.11,0.009999999999999995,0.11,19288.0,54
KXNBAGAME-26APR01PHIWAS,KXNBAGAME-26APR01PHIWAS-WAS,NBA,winner,Washington,Philadelphia,1775084400,2026-04-01T23:00:00+00:00,kalshi_milestone_start_date,2026-04-03T03:21:33.348062Z,2a9d01f5-caf4-45f1-bf11-337f157781df,0,1775093388,,True,1187,2026-04-01,train,5m,1775084100,included,1775084100,0,0.095,0.09,0.1,0.010000000000000009,0.1,114782.0,60
KXNBAGAME-26APR01BOSMIA,KXNBAGAME-26APR01BOSMIA-MIA,NBA,winner,Miami,Boston,1775086200,2026-04-01T23:30:00+00:00,kalshi_milestone_start_date,2026-04-03T15:09:20.032373Z,bc51fd44-f513-4e6f-8557-feb4363358f8,0,1775095968,,True,1009,2026-04-01,train,24h,1774999800,included,1774999740,60,0.355,0.35,0.36,0.010000000000000009,0.36,848.0,8
KXNBAGAME-26APR01BOSMIA,KXNBAGAME-26APR01BOSMIA-MIA,NBA,winner,Miami,Boston,1775086200,2026-04-01T23:30:00+00:00,kalshi_milestone_start_date,2026-04-03T15:09:20.032373Z,bc51fd44-f513-4e6f-8557-feb4363358f8,0,1775095968,,True,1009,2026-04-01,train,6h,1775064600,included,1775064600,0,0.375,0.37,0.38,0.010000000000000009,0.37,4310.0,34
KXNBAGAME-26APR01BOSMIA,KXNBAGAME-26APR01BOSMIA-MIA,NBA,winner,Miami,Boston,1775086200,2026-04-01T23:30:00+00:00,kalshi_milestone_start_date,2026-04-03T15:09:20.032373Z,bc51fd44-f513-4e6f-8557-feb4363358f8,0,1775095968,,True,1009,2026-04-01,train,1h,1775082600,included,1775082600,0,0.355,0.35,0.36,0.010000000000000009,0.36,42309.0,55
KXNBAGAME-26APR01BOSMIA,KXNBAGAME-26APR01BOSMIA-MIA,NBA,winner,Miami,Boston,1775086200,2026-04-01T23:30:00+00:00,kalshi_milestone_start_date,2026-04-03T15:09:20.032373Z,bc51fd44-f513-4e6f-8557-feb4363358f8,0,1775095968,,True,1009,2026-04-01,train,5m,1775085900,included,1775085900,0,0.365,0.36,0.37,0.010000000000000009,0.37,999456.0,60
KXNBAGAME-26APR01INDCHI,KXNBAGAME-26APR01INDCHI-CHI,NBA,winner,Chicago,Indiana,1775088000,2026-04-02T00:00:00+00:00,kalshi_milestone_start_date,2026-04-03T04:46:03.409144Z,b4880c31-87b9-40a4-913b-5012c35fae31,0,1775096978,,True,1011,2026-04-02,train,24h,1775001600,included,1775001540,60,0.61,0.6,0.62,0.020000000000000018,0.62,226.0,8
KXNBAGAME-26APR01INDCHI,KXNBAGAME-26APR01INDCHI-CHI,NBA,winner,Chicago,Indiana,1775088000,2026-04-02T00:00:00+00:00,kalshi_milestone_start_date,2026-04-03T04:46:03.409144Z,b4880c31-87b9-40a4-913b-5012c35fae31,0,1775096978,,True,1011,2026-04-02,train,6h,1775066400,included,1775066400,0,0.625,0.62,0.63,0.010000000000000009,0.63,17259.0,39
KXNBAGAME-26APR01INDCHI,KXNBAGAME-26APR01INDCHI-CHI,NBA,winner,Chicago,Indiana,1775088000,2026-04-02T00:00:00+00:00,kalshi_milestone_start_date,2026-04-03T04:46:03.409144Z,b4880c31-87b9-40a4-913b-5012c35fae31,0,1775096978,,True,1011,2026-04-02,train,1h,1775084400,included,1775084400,0,0.595,0.59,0.6,0.010000000000000009,0.6,49220.0,58
KXNBAGAME-26APR01INDCHI,KXNBAGAME-26APR01INDCHI-CHI,NBA,winner,Chicago,Indiana,1775088000,2026-04-02T00:00:00+00:00,kalshi_milestone_start_date,2026-04-03T04:46:03.409144Z,b4880c31-87b9-40a4-913b-5012c35fae31,0,1775096978,,True,1011,2026-04-02,train,5m,1775087700,included,1775087700,0,0.595,0.59,0.6,0.010000000000000009,0.6,49237.0,59
KXNBAGAME-26APR01MILHOU,KXNBAGAME-26APR01MILHOU-HOU,NBA,winner,Houston,Milwaukee,1775088000,2026-04-02T00:00:00+00:00,kalshi_milestone_start_date,2026-04-03T04:46:03.285166Z,ddfcf8e9-b868-4a9b-a741-8e6ee3783d72,1,1775097737,,True,810,2026-04-02,train,24h,1775001600,included,1775001600,0,0.91,0.9,0.92,0.020000000000000018,,41.0,4
KXNBAGAME-26APR01MILHOU,KXNBAGAME-26APR01MILHOU-HOU,NBA,winner,Houston,Milwaukee,1775088000,2026-04-02T00:00:00+00:00,kalshi_milestone_start_date,2026-04-03T04:46:03.285166Z,ddfcf8e9-b868-4a9b-a741-8e6ee3783d72,1,1775097737,,True,810,2026-04-02,train,6h,1775066400,included,1775066400,0,0.935,0.93,0.94,0.009999999999999898,,1218.0,13
KXNBAGAME-26APR01MILHOU,KXNBAGAME-26APR01MILHOU-HOU,NBA,winner,Houston,Milwaukee,1775088000,2026-04-02T00:00:00+00:00,kalshi_milestone_start_date,2026-04-03T04:46:03.285166Z,ddfcf8e9-b868-4a9b-a741-8e6ee3783d72,1,1775097737,,True,810,2026-04-02,train,1h,1775084400,included,1775084400,0,0.94,0.93,0.95,0.019999999999999907,0.94,9709.0,37
KXNBAGAME-26APR01MILHOU,KXNBAGAME-26APR01MILHOU-HOU,NBA,winner,Houston,Milwaukee,1775088000,2026-04-02T00:00:00+00:00,kalshi_milestone_start_date,2026-04-03T04:46:03.285166Z,ddfcf8e9-b868-4a9b-a741-8e6ee3783d72,1,1775097737,,True,810,2026-04-02,train,5m,1775087700,included,1775087700,0,0.945,0.94,0.95,0.010000000000000009,0.95,12878.0,41
KXNBAGAME-26APR01NYKMEM,KXNBAGAME-26APR01NYKMEM-MEM,NBA,winner,Memphis,New York,1775088000,2026-04-02T00:00:00+00:00,kalshi_milestone_start_date,2026-04-03T04:46:03.304891Z,554500fe-ea9d-48b7-bf2e-bec19304623d,0,1775097218,,True,975,2026-04-02,train,24h,1775001600,included,1775001600,0,0.10500000000000001,0.1,0.11,0.009999999999999995,0.11,174.0,9
KXNBAGAME-26APR01NYKMEM,KXNBAGAME-26APR01NYKMEM-MEM,NBA,winner,Memphis,New York,1775088000,2026-04-02T00:00:00+00:00,kalshi_milestone_start_date,2026-04-03T04:46:03.304891Z,554500fe-ea9d-48b7-bf2e-bec19304623d,0,1775097218,,True,975,2026-04-02,train,6h,1775066400,included,1775066400,0,0.11499999999999999,0.11,0.12,0.009999999999999995,,1326.0,17
KXNBAGAME-26APR01NYKMEM,KXNBAGAME-26APR01NYKMEM-MEM,NBA,winner,Memphis,New York,1775088000,2026-04-02T00:00:00+00:00,kalshi_milestone_start_date,2026-04-03T04:46:03.304891Z,554500fe-ea9d-48b7-bf2e-bec19304623d,0,1775097218,,True,975,2026-04-02,train,1h,1775084400,included,1775084400,0,0.125,0.12,0.13,0.010000000000000009,0.13,84924.0,48
KXNBAGAME-26APR01NYKMEM,KXNBAGAME-26APR01NYKMEM-MEM,NBA,winner,Memphis,New York,1775088000,2026-04-02T00:00:00+00:00,kalshi_milestone_start_date,2026-04-03T04:46:03.304891Z,554500fe-ea9d-48b7-bf2e-bec19304623d,0,1775097218,,True,975,2026-04-02,train,5m,1775087700,included,1775087700,0,0.125,0.12,0.13,0.010000000000000009,0.13,26427.0,52
KXNBAGAME-26APR01SACTOR,KXNBAGAME-26APR01SACTOR-TOR,NBA,winner,Toronto,Sacramento,1775088000,2026-04-02T00:00:00+00:00,kalshi_milestone_start_date,2026-04-03T03:21:33.399389Z,e5138e66-6f0c-423c-a93d-5f5e0b24ece9,0,1775098768,,True,786,2026-04-02,train,24h,1775001600,included,1775001540,60,0.885,0.88,0.89,0.010000000000000009,0.89,249.0,5
KXNBAGAME-26APR01SACTOR,KXNBAGAME-26APR01SACTOR-TOR,NBA,winner,Toronto,Sacramento,1775088000,2026-04-02T00:00:00+00:00,kalshi_milestone_start_date,2026-04-03T03:21:33.399389Z,e5138e66-6f0c-423c-a93d-5f5e0b24ece9,0,1775098768,,True,786,2026-04-02,train,6h,1775066400,included,1775066400,0,0.845,0.84,0.85,0.010000000000000009,0.85,3526.0,24
KXNBAGAME-26APR01SACTOR,KXNBAGAME-26APR01SACTOR-TOR,NBA,winner,Toronto,Sacramento,1775088000,2026-04-02T00:00:00+00:00,kalshi_milestone_start_date,2026-04-03T03:21:33.399389Z,e5138e66-6f0c-423c-a93d-5f5e0b24ece9,0,1775098768,,True,786,2026-04-02,train,1h,1775084400,included,1775084400,0,0.845,0.84,0.85,0.010000000000000009,0.85,25178.0,47
KXNBAGAME-26APR01SACTOR,KXNBAGAME-26APR01SACTOR-TOR,NBA,winner,Toronto,Sacramento,1775088000,2026-04-02T00:00:00+00:00,kalshi_milestone_start_date,2026-04-03T03:21:33.399389Z,e5138e66-6f0c-423c-a93d-5f5e0b24ece9,0,1775098768,,True,786,2026-04-02,train,5m,1775087700,included,1775087700,0,0.86,0.85,0.87,0.020000000000000018,,23716.0,49
KXNBAGAME-26APR01DENUTA,KXNBAGAME-26APR01DENUTA-UTA,NBA,winner,Utah,Denver,1775091600,2026-04-02T01:00:00+00:00,kalshi_milestone_start_date,2026-04-03T04:46:03.297495Z,d935730a-6ea1-4e65-974c-867c62f72988,0,1775101167,,True,1027,2026-04-02,train,6h,1775070000,included,1775070000,0,0.07500000000000001,0.07,0.08,0.009999999999999995,0.08,3772.0,29
KXNBAGAME-26APR01DENUTA,KXNBAGAME-26APR01DENUTA-UTA,NBA,winner,Utah,Denver,1775091600,2026-04-02T01:00:00+00:00,kalshi_milestone_start_date,2026-04-03T04:46:03.297495Z,d935730a-6ea1-4e65-974c-867c62f72988,0,1775101167,,True,1027,2026-04-02,train,1h,1775088000,included,1775088000,0,0.07500000000000001,0.07,0.08,0.009999999999999995,0.08,18490.0,54
KXNBAGAME-26APR01DENUTA,KXNBAGAME-26APR01DENUTA-UTA,NBA,winner,Utah,Denver,1775091600,2026-04-02T01:00:00+00:00,kalshi_milestone_start_date,2026-04-03T04:46:03.297495Z,d935730a-6ea1-4e65-974c-867c62f72988,0,1775101167,,True,1027,2026-04-02,train,5m,1775091300,included,1775091300,0,0.07500000000000001,0.07,0.08,0.009999999999999995,0.08,69604.0,60
KXNBAGAME-26APR01SASGSW,KXNBAGAME-26APR01SASGSW-GSW,NBA,winner,Golden State,San Antonio,1775095200,2026-04-02T02:00:00+00:00,kalshi_milestone_start_date,2026-04-03T15:09:19.955332Z,7e834216-c38e-49d4-bf36-fedd645207e5,0,1775105737,,True,1212,2026-04-02,train,24h,1775008800,included,1775008800,0,0.125,0.12,0.13,0.010000000000000009,0.13,5574.0,14
KXNBAGAME-26APR01SASGSW,KXNBAGAME-26APR01SASGSW-GSW,NBA,winner,Golden State,San Antonio,1775095200,2026-04-02T02:00:00+00:00,kalshi_milestone_start_date,2026-04-03T15:09:19.955332Z,7e834216-c38e-49d4-bf36-fedd645207e5,0,1775105737,,True,1212,2026-04-02,train,6h,1775073600,included,1775073600,0,0.125,0.12,0.13,0.010000000000000009,0.12,18376.0,39
KXNBAGAME-26APR01SASGSW,KXNBAGAME-26APR01SASGSW-GSW,NBA,winner,Golden State,San Antonio,1775095200,2026-04-02T02:00:00+00:00,kalshi_milestone_start_date,2026-04-03T15:09:19.955332Z,7e834216-c38e-49d4-bf36-fedd645207e5,0,1775105737,,True,1212,2026-04-02,train,1h,1775091600,included,1775091600,0,0.11499999999999999,0.11,0.12,0.009999999999999995,0.12,126506.0,59
KXNBAGAME-26APR01SASGSW,KXNBAGAME-26APR01SASGSW-GSW,NBA,winner,Golden State,San Antonio,1775095200,2026-04-02T02:00:00+00:00,kalshi_milestone_start_date,2026-04-03T15:09:19.955332Z,7e834216-c38e-49d4-bf36-fedd645207e5,0,1775105737,,True,1212,2026-04-02,train,5m,1775094900,included,1775094900,0,0.10500000000000001,0.1,0.11,0.009999999999999995,0.11,133441.0,60
KXNBAGAME-26APR02MINDET,KXNBAGAME-26APR02MINDET-DET,NBA,winner,Detroit,Minnesota,1775170800,2026-04-02T23:00:00+00:00,kalshi_milestone_start_date,2026-04-06T14:10:19.649324Z,4d892031-e376-4757-90f0-2206c9a9b4cc,1,1775181333,,True,1175,2026-04-02,train,24h,1775084400,included,1775084400,0,0.585,0.58,0.59,0.010000000000000009,0.59,497.0,17
KXNBAGAME-26APR02MINDET,KXNBAGAME-26APR02MINDET-DET,NBA,winner,Detroit,Minnesota,1775170800,2026-04-02T23:00:00+00:00,kalshi_milestone_start_date,2026-04-06T14:10:19.649324Z,4d892031-e376-4757-90f0-2206c9a9b4cc,1,1775181333,,True,1175,2026-04-02,train,6h,1775149200,included,1775149200,0,0.605,0.6,0.61,0.010000000000000009,0.61,34014.0,52
KXNBAGAME-26APR02MINDET,KXNBAGAME-26APR02MINDET-DET,NBA,winner,Detroit,Minnesota,1775170800,2026-04-02T23:00:00+00:00,kalshi_milestone_start_date,2026-04-06T14:10:19.649324Z,4d892031-e376-4757-90f0-2206c9a9b4cc,1,1775181333,,True,1175,2026-04-02,train,1h,1775167200,included,1775167200,0,0.655,0.65,0.66,0.010000000000000009,0.66,238893.0,60
KXNBAGAME-26APR02MINDET,KXNBAGAME-26APR02MINDET-DET,NBA,winner,Detroit,Minnesota,1775170800,2026-04-02T23:00:00+00:00,kalshi_milestone_start_date,2026-04-06T14:10:19.649324Z,4d892031-e376-4757-90f0-2206c9a9b4cc,1,1775181333,,True,1175,2026-04-02,train,5m,1775170500,included,1775170500,0,0.665,0.66,0.67,0.010000000000000009,0.67,256223.0,60
KXNBAGAME-26APR02PHXCHA,KXNBAGAME-26APR02PHXCHA-CHA,NBA,winner,Charlotte,Phoenix,1775170800,2026-04-02T23:00:00+00:00,kalshi_milestone_start_date,2026-04-04T02:09:20.169746Z,2f1bf846-3ed8-41f3-aa7b-5667a7733ef0,1,1775180143,,True,1030,2026-04-02,train,24h,1775084400,included,1775084280,120,0.65,0.64,0.66,0.020000000000000018,,346.0,8
KXNBAGAME-26APR02PHXCHA,KXNBAGAME-26APR02PHXCHA-CHA,NBA,winner,Charlotte,Phoenix,1775170800,2026-04-02T23:00:00+00:00,kalshi_milestone_start_date,2026-04-04T02:09:20.169746Z,2f1bf846-3ed8-41f3-aa7b-5667a7733ef0,1,1775180143,,True,1030,2026-04-02,train,6h,1775149200,included,1775149200,0,0.665,0.66,0.67,0.010000000000000009,0.67,9377.0,46
KXNBAGAME-26APR02PHXCHA,KXNBAGAME-26APR02PHXCHA-CHA,NBA,winner,Charlotte,Phoenix,1775170800,2026-04-02T23:00:00+00:00,kalshi_milestone_start_date,2026-04-04T02:09:20.169746Z,2f1bf846-3ed8-41f3-aa7b-5667a7733ef0,1,1775180143,,True,1030,2026-04-02,train,1h,1775167200,included,1775167200,0,0.685,0.68,0.69,0.009999999999999898,0.69,50117.0,60
KXNBAGAME-26APR02PHXCHA,KXNBAGAME-26APR02PHXCHA-CHA,NBA,winner,Charlotte,Phoenix,1775170800,2026-04-02T23:00:00+00:00,kalshi_milestone_start_date,2026-04-04T02:09:20.169746Z,2f1bf846-3ed8-41f3-aa7b-5667a7733ef0,1,1775180143,,True,1030,2026-04-02,train,5m,1775170500,included,1775170500,0,0.675,0.67,0.68,0.010000000000000009,0.68,83818.0,60
KXNBAGAME-26APR02LALOKC,KXNBAGAME-26APR02LALOKC-OKC,NBA,winner,Oklahoma City,Los Angeles L,1775179800,2026-04-03T01:30:00+00:00,kalshi_milestone_start_date,2026-04-06T14:10:19.720828Z,552a5f83-2110-4a06-a4ab-db12f65dec14,1,1775188963,,True,1209,2026-04-03,train,24h,1775093400,included,1775093400,0,0.745,0.74,0.75,0.010000000000000009,0.75,1087.0,27
KXNBAGAME-26APR02LALOKC,KXNBAGAME-26APR02LALOKC-OKC,NBA,winner,Oklahoma City,Los Angeles L,1775179800,2026-04-03T01:30:00+00:00,kalshi_milestone_start_date,2026-04-06T14:10:19.720828Z,552a5f83-2110-4a06-a4ab-db12f65dec14,1,1775188963,,True,1209,2026-04-03,train,6h,1775158200,included,1775158200,0,0.76,0.75,0.77,0.020000000000000018,0.77,7009.0,53
KXNBAGAME-26APR02LALOKC,KXNBAGAME-26APR02LALOKC-OKC,NBA,winner,Oklahoma City,Los Angeles L,1775179800,2026-04-03T01:30:00+00:00,kalshi_milestone_start_date,2026-04-06T14:10:19.720828Z,552a5f83-2110-4a06-a4ab-db12f65dec14,1,1775188963,,True,1209,2026-04-03,train,1h,1775176200,included,1775176200,0,0.765,0.76,0.77,0.010000000000000009,0.77,47420.0,59
KXNBAGAME-26APR02LALOKC,KXNBAGAME-26APR02LALOKC-OKC,NBA,winner,Oklahoma City,Los Angeles L,1775179800,2026-04-03T01:30:00+00:00,kalshi_milestone_start_date,2026-04-06T14:10:19.720828Z,552a5f83-2110-4a06-a4ab-db12f65dec14,1,1775188963,,True,1209,2026-04-03,train,5m,1775179500,included,1775179500,0,0.765,0.76,0.77,0.010000000000000009,0.77,82237.0,60
KXNBAGAME-26APR02CLEGSW,KXNBAGAME-26APR02CLEGSW-GSW,NBA,winner,Golden State,Cleveland,1775181600,2026-04-03T02:00:00+00:00,kalshi_milestone_start_date,2026-04-04T05:24:40.558911Z,a8dd3d9f-7b92-4e6b-bc39-f21bc7c49ff4,0,1775191773,,True,959,2026-04-03,train,24h,1775095200,included,1775095140,60,0.21500000000000002,0.2,0.23,0.03,0.23,496.0,9
KXNBAGAME-26APR02CLEGSW,KXNBAGAME-26APR02CLEGSW-GSW,NBA,winner,Golden State,Cleveland,1775181600,2026-04-03T02:00:00+00:00,kalshi_milestone_start_date,2026-04-04T05:24:40.558911Z,a8dd3d9f-7b92-4e6b-bc39-f21bc7c49ff4,0,1775191773,,True,959,2026-04-03,train,6h,1775160000,included,1775160000,0,0.195,0.19,0.2,0.010000000000000009,0.2,5429.0,34
KXNBAGAME-26APR02CLEGSW,KXNBAGAME-26APR02CLEGSW-GSW,NBA,winner,Golden State,Cleveland,1775181600,2026-04-03T02:00:00+00:00,kalshi_milestone_start_date,2026-04-04T05:24:40.558911Z,a8dd3d9f-7b92-4e6b-bc39-f21bc7c49ff4,0,1775191773,,True,959,2026-04-03,train,1h,1775178000,included,1775178000,0,0.195,0.19,0.2,0.010000000000000009,0.2,65301.0,57
KXNBAGAME-26APR02CLEGSW,KXNBAGAME-26APR02CLEGSW-GSW,NBA,winner,Golden State,Cleveland,1775181600,2026-04-03T02:00:00+00:00,kalshi_milestone_start_date,2026-04-04T05:24:40.558911Z,a8dd3d9f-7b92-4e6b-bc39-f21bc7c49ff4,0,1775191773,,True,959,2026-04-03,train,5m,1775181300,included,1775181300,0,0.20500000000000002,0.2,0.21,0.009999999999999981,0.21,64186.0,60
KXNBAGAME-26APR02NOPPOR,KXNBAGAME-26APR02NOPPOR-POR,NBA,winner,Portland,New Orleans,1775181600,2026-04-03T02:00:00+00:00,kalshi_milestone_start_date,2026-04-04T05:24:40.614118Z,94908268-5297-46f1-a4fb-17c794c6f50c,1,1775192013,,True,947,2026-04-03,train,24h,1775095200,included,1775095080,120,0.72,0.71,0.73,0.020000000000000018,0.73,76.0,7
KXNBAGAME-26APR02NOPPOR,KXNBAGAME-26APR02NOPPOR-POR,NBA,winner,Portland,New Orleans,1775181600,2026-04-03T02:00:00+00:00,kalshi_milestone_start_date,2026-04-04T05:24:40.614118Z,94908268-5297-46f1-a4fb-17c794c6f50c,1,1775192013,,True,947,2026-04-03,train,6h,1775160000,included,1775160000,0,0.705,0.7,0.71,0.010000000000000009,,2137.0,31
KXNBAGAME-26APR02NOPPOR,KXNBAGAME-26APR02NOPPOR-POR,NBA,winner,Portland,New Orleans,1775181600,2026-04-03T02:00:00+00:00,kalshi_milestone_start_date,2026-04-04T05:24:40.614118Z,94908268-5297-46f1-a4fb-17c794c6f50c,1,1775192013,,True,947,2026-04-03,train,1h,1775178000,included,1775178000,0,0.705,0.7,0.71,0.010000000000000009,0.71,18809.0,55
KXNBAGAME-26APR02NOPPOR,KXNBAGAME-26APR02NOPPOR-POR,NBA,winner,Portland,New Orleans,1775181600,2026-04-03T02:00:00+00:00,kalshi_milestone_start_date,2026-04-04T05:24:40.614118Z,94908268-5297-46f1-a4fb-17c794c6f50c,1,1775192013,,True,947,2026-04-03,train,5m,1775181300,included,1775181300,0,0.685,0.68,0.69,0.009999999999999898,0.69,68337.0,57
KXNBAGAME-26APR02SASLAC,KXNBAGAME-26APR02SASLAC-LAC,NBA,winner,Los Angeles C,San Antonio,1775183400,2026-04-03T02:30:00+00:00,kalshi_milestone_start_date,2026-04-04T07:09:19.984852Z,c7668a00-6a8f-42bd-b467-2b2027a4f748,0,1775193443,,True,941,2026-04-03,train,24h,1775097000,included,1775096880,120,0.395,0.39,0.4,0.010000000000000009,,118.0,5
KXNBAGAME-26APR02SASLAC,KXNBAGAME-26APR02SASLAC-LAC,NBA,winner,Los Angeles C,San Antonio,1775183400,2026-04-03T02:30:00+00:00,kalshi_milestone_start_date,2026-04-04T07:09:19.984852Z,c7668a00-6a8f-42bd-b467-2b2027a4f748,0,1775193443,,True,941,2026-04-03,train,6h,1775161800,included,1775161800,0,0.515,0.51,0.52,0.010000000000000009,0.52,424323.0,38
KXNBAGAME-26APR02SASLAC,KXNBAGAME-26APR02SASLAC-LAC,NBA,winner,Los Angeles C,San Antonio,1775183400,2026-04-03T02:30:00+00:00,kalshi_milestone_start_date,2026-04-04T07:09:19.984852Z,c7668a00-6a8f-42bd-b467-2b2027a4f748,0,1775193443,,True,941,2026-04-03,train,1h,1775179800,included,1775179800,0,0.555,0.55,0.56,0.010000000000000009,0.56,30370.0,55
KXNBAGAME-26APR02SASLAC,KXNBAGAME-26APR02SASLAC-LAC,NBA,winner,Los Angeles C,San Antonio,1775183400,2026-04-03T02:30:00+00:00,kalshi_milestone_start_date,2026-04-04T07:09:19.984852Z,c7668a00-6a8f-42bd-b467-2b2027a4f748,0,1775193443,,True,941,2026-04-03,train,5m,1775183100,included,1775183100,0,0.565,0.56,0.57,0.009999999999999898,0.57,221361.0,60
KXNBAGAME-26APR03INDCHA,KXNBAGAME-26APR03INDCHA-CHA,NBA,winner,Charlotte,Indiana,1775257200,2026-04-03T23:00:00+00:00,kalshi_milestone_start_date,2026-04-05T02:22:42.791382Z,8695fdfb-1bab-4ebb-bbd7-dec09b9fef96,1,1775266083,,True,974,2026-04-03,train,24h,1775170800,included,1775170740,60,0.875,0.87,0.88,0.010000000000000009,0.88,176.0,7
KXNBAGAME-26APR03INDCHA,KXNBAGAME-26APR03INDCHA-CHA,NBA,winner,Charlotte,Indiana,1775257200,2026-04-03T23:00:00+00:00,kalshi_milestone_start_date,2026-04-05T02:22:42.791382Z,8695fdfb-1bab-4ebb-bbd7-dec09b9fef96,1,1775266083,,True,974,2026-04-03,train,6h,1775235600,included,1775235600,0,0.915,0.91,0.92,0.010000000000000009,0.92,10434.0,32
KXNBAGAME-26APR03INDCHA,KXNBAGAME-26APR03INDCHA-CHA,NBA,winner,Charlotte,Indiana,1775257200,2026-04-03T23:00:00+00:00,kalshi_milestone_start_date,2026-04-05T02:22:42.791382Z,8695fdfb-1bab-4ebb-bbd7-dec09b9fef96,1,1775266083,,True,974,2026-04-03,train,1h,1775253600,included,1775253600,0,0.915,0.91,0.92,0.010000000000000009,0.91,13421.0,43
KXNBAGAME-26APR03INDCHA,KXNBAGAME-26APR03INDCHA-CHA,NBA,winner,Charlotte,Indiana,1775257200,2026-04-03T23:00:00+00:00,kalshi_milestone_start_date,2026-04-05T02:22:42.791382Z,8695fdfb-1bab-4ebb-bbd7-dec09b9fef96,1,1775266083,,True,974,2026-04-03,train,5m,1775256900,included,1775256900,0,0.915,0.91,0.92,0.010000000000000009,0.92,20954.0,48
KXNBAGAME-26APR03MINPHI,KXNBAGAME-26APR03MINPHI-PHI,NBA,winner,Philadelphia,Minnesota,1775257200,2026-04-03T23:00:00+00:00,kalshi_milestone_start_date,2026-04-05T02:22:42.760214Z,5473a641-68f8-491f-9514-dab848c99cdd,1,1775267143,,True,1162,2026-04-03,train,24h,1775170800,included,1775170740,60,0.535,0.53,0.54,0.010000000000000009,,237.0,5
KXNBAGAME-26APR03MINPHI,KXNBAGAME-26APR03MINPHI-PHI,NBA,winner,Philadelphia,Minnesota,1775257200,2026-04-03T23:00:00+00:00,kalshi_milestone_start_date,2026-04-05T02:22:42.760214Z,5473a641-68f8-491f-9514-dab848c99cdd,1,1775267143,,True,1162,2026-04-03,train,6h,1775235600,included,1775235600,0,0.565,0.56,0.57,0.009999999999999898,0.57,20522.0,47
KXNBAGAME-26APR03MINPHI,KXNBAGAME-26APR03MINPHI-PHI,NBA,winner,Philadelphia,Minnesota,1775257200,2026-04-03T23:00:00+00:00,kalshi_milestone_start_date,2026-04-05T02:22:42.760214Z,5473a641-68f8-491f-9514-dab848c99cdd,1,1775267143,,True,1162,2026-04-03,train,1h,1775253600,included,1775253600,0,0.605,0.6,0.61,0.010000000000000009,0.61,126748.0,59
KXNBAGAME-26APR03MINPHI,KXNBAGAME-26APR03MINPHI-PHI,NBA,winner,Philadelphia,Minnesota,1775257200,2026-04-03T23:00:00+00:00,kalshi_milestone_start_date,2026-04-05T02:22:42.760214Z,5473a641-68f8-491f-9514-dab848c99cdd,1,1775267143,,True,1162,2026-04-03,train,5m,1775256900,included,1775256900,0,0.605,0.6,0.61,0.010000000000000009,0.61,215535.0,60
KXNBAGAME-26APR03ATLBKN,KXNBAGAME-26APR03ATLBKN-BKN,NBA,winner,Brooklyn,Atlanta,1775259000,2026-04-03T23:30:00+00:00,kalshi_milestone_start_date,2026-04-05T03:09:20.014731Z,839bc8b1-5e0e-4f3c-b131-f0e6c9424f60,0,1775268833,,True,1156,2026-04-03,train,6h,1775237400,included,1775237400,0,0.07500000000000001,0.07,0.08,0.009999999999999995,0.08,2540.0,31
KXNBAGAME-26APR03ATLBKN,KXNBAGAME-26APR03ATLBKN-BKN,NBA,winner,Brooklyn,Atlanta,1775259000,2026-04-03T23:30:00+00:00,kalshi_milestone_start_date,2026-04-05T03:09:20.014731Z,839bc8b1-5e0e-4f3c-b131-f0e6c9424f60,0,1775268833,,True,1156,2026-04-03,train,1h,1775255400,included,1775255400,0,0.07500000000000001,0.07,0.08,0.009999999999999995,0.08,25700.0,49
KXNBAGAME-26APR03ATLBKN,KXNBAGAME-26APR03ATLBKN-BKN,NBA,winner,Brooklyn,Atlanta,1775259000,2026-04-03T23:30:00+00:00,kalshi_milestone_start_date,2026-04-05T03:09:20.014731Z,839bc8b1-5e0e-4f3c-b131-f0e6c9424f60,0,1775268833,,True,1156,2026-04-03,train,5m,1775258700,included,1775258700,0,0.07500000000000001,0.07,0.08,0.009999999999999995,0.08,44250.0,58
KXNBAGAME-26APR03CHINYK,KXNBAGAME-26APR03CHINYK-NYK,NBA,winner,New York,Chicago,1775259000,2026-04-03T23:30:00+00:00,kalshi_milestone_start_date,2026-04-05T15:09:19.956448Z,22fc5a65-184d-4282-92db-207e52f3f86e,1,1775269073,,True,835,2026-04-03,train,6h,1775237400,included,1775237280,120,0.905,0.9,0.91,0.010000000000000009,0.91,1461.0,20
KXNBAGAME-26APR03CHINYK,KXNBAGAME-26APR03CHINYK-NYK,NBA,winner,New York,Chicago,1775259000,2026-04-03T23:30:00+00:00,kalshi_milestone_start_date,2026-04-05T15:09:19.956448Z,22fc5a65-184d-4282-92db-207e52f3f86e,1,1775269073,,True,835,2026-04-03,train,1h,1775255400,included,1775255400,0,0.895,0.89,0.9,0.010000000000000009,0.9,13393.0,42
KXNBAGAME-26APR03CHINYK,KXNBAGAME-26APR03CHINYK-NYK,NBA,winner,New York,Chicago,1775259000,2026-04-03T23:30:00+00:00,kalshi_milestone_start_date,2026-04-05T15:09:19.956448Z,22fc5a65-184d-4282-92db-207e52f3f86e,1,1775269073,,True,835,2026-04-03,train,5m,1775258700,included,1775258700,0,0.895,0.89,0.9,0.010000000000000009,0.9,19427.0,54
KXNBAGAME-26APR03BOSMIL,KXNBAGAME-26APR03BOSMIL-MIL,NBA,winner,Milwaukee,Boston,1775260800,2026-04-04T00:00:00+00:00,kalshi_milestone_start_date,2026-04-05T03:09:19.948244Z,d76bc0dc-d6c2-4902-89be-b4c8e4b9d487,0,1775269953,,True,1133,2026-04-04,train,24h,1775174400,included,1775174340,60,0.07,0.06,0.08,0.020000000000000004,0.08,913.0,15
KXNBAGAME-26APR03BOSMIL,KXNBAGAME-26APR03BOSMIL-MIL,NBA,winner,Milwaukee,Boston,1775260800,2026-04-04T00:00:00+00:00,kalshi_milestone_start_date,2026-04-05T03:09:19.948244Z,d76bc0dc-d6c2-4902-89be-b4c8e4b9d487,0,1775269953,,True,1133,2026-04-04,train,6h,1775239200,included,1775239140,60,0.07500000000000001,0.07,0.08,0.009999999999999995,0.08,15323.0,37
KXNBAGAME-26APR03BOSMIL,KXNBAGAME-26APR03BOSMIL-MIL,NBA,winner,Milwaukee,Boston,1775260800,2026-04-04T00:00:00+00:00,kalshi_milestone_start_date,2026-04-05T03:09:19.948244Z,d76bc0dc-d6c2-4902-89be-b4c8e4b9d487,0,1775269953,,True,1133,2026-04-04,train,1h,1775257200,included,1775257200,0,0.065,0.06,0.07,0.010000000000000009,0.07,13164.0,53
KXNBAGAME-26APR03BOSMIL,KXNBAGAME-26APR03BOSMIL-MIL,NBA,winner,Milwaukee,Boston,1775260800,2026-04-04T00:00:00+00:00,kalshi_milestone_start_date,2026-04-05T03:09:19.948244Z,d76bc0dc-d6c2-4902-89be-b4c8e4b9d487,0,1775269953,,True,1133,2026-04-04,train,5m,1775260500,included,1775260500,0,0.065,0.06,0.07,0.010000000000000009,0.07,46974.0,59
KXNBAGAME-26APR03TORMEM,KXNBAGAME-26APR03TORMEM-MEM,NBA,winner,Memphis,Toronto,1775260800,2026-04-04T00:00:00+00:00,kalshi_milestone_start_date,2026-04-05T04:09:20.148924Z,2a148898-6d23-40f9-b26d-04afac528968,0,1775270853,,True,794,2026-04-04,train,24h,1775174400,included,1775174400,0,0.135,0.13,0.14,0.010000000000000009,,1535.0,8
KXNBAGAME-26APR03TORMEM,KXNBAGAME-26APR03TORMEM-MEM,NBA,winner,Memphis,Toronto,1775260800,2026-04-04T00:00:00+00:00,kalshi_milestone_start_date,2026-04-05T04:09:20.148924Z,2a148898-6d23-40f9-b26d-04afac528968,0,1775270853,,True,794,2026-04-04,train,6h,1775239200,included,1775239200,0,0.11499999999999999,0.11,0.12,0.009999999999999995,0.12,1864.0,21
KXNBAGAME-26APR03TORMEM,KXNBAGAME-26APR03TORMEM-MEM,NBA,winner,Memphis,Toronto,1775260800,2026-04-04T00:00:00+00:00,kalshi_milestone_start_date,2026-04-05T04:09:20.148924Z,2a148898-6d23-40f9-b26d-04afac528968,0,1775270853,,True,794,2026-04-04,train,1h,1775257200,included,1775257200,0,0.10500000000000001,0.1,0.11,0.009999999999999995,0.11,23232.0,40
KXNBAGAME-26APR03TORMEM,KXNBAGAME-26APR03TORMEM-MEM,NBA,winner,Memphis,Toronto,1775260800,2026-04-04T00:00:00+00:00,kalshi_milestone_start_date,2026-04-05T04:09:20.148924Z,2a148898-6d23-40f9-b26d-04afac528968,0,1775270853,,True,794,2026-04-04,train,5m,1775260500,included,1775260500,0,0.10500000000000001,0.1,0.11,0.009999999999999995,0.11,28697.0,49
KXNBAGAME-26APR03UTAHOU,KXNBAGAME-26APR03UTAHOU-HOU,NBA,winner,Houston,Utah,1775260800,2026-04-04T00:00:00+00:00,kalshi_milestone_start_date,2026-04-05T03:09:20.007382Z,64c5e24e-73b8-4371-b8f3-344c480df5f4,1,1775270133,,True,766,2026-04-04,train,6h,1775239200,included,1775239200,0,0.925,0.92,0.93,0.010000000000000009,0.93,667.0,16
KXNBAGAME-26APR03UTAHOU,KXNBAGAME-26APR03UTAHOU-HOU,NBA,winner,Houston,Utah,1775260800,2026-04-04T00:00:00+00:00,kalshi_milestone_start_date,2026-04-05T03:09:20.007382Z,64c5e24e-73b8-4371-b8f3-344c480df5f4,1,1775270133,,True,766,2026-04-04,train,1h,1775257200,included,1775257200,0,0.935,0.93,0.94,0.009999999999999898,0.94,21067.0,33
KXNBAGAME-26APR03UTAHOU,KXNBAGAME-26APR03UTAHOU-HOU,NBA,winner,Houston,Utah,1775260800,2026-04-04T00:00:00+00:00,kalshi_milestone_start_date,2026-04-05T03:09:20.007382Z,64c5e24e-73b8-4371-b8f3-344c480df5f4,1,1775270133,,True,766,2026-04-04,train,5m,1775260500,included,1775260500,0,0.935,0.93,0.94,0.009999999999999898,0.94,57710.0,40
KXNBAGAME-26APR03ORLDAL,KXNBAGAME-26APR03ORLDAL-DAL,NBA,winner,Dallas,Orlando,1775262600,2026-04-04T00:30:00+00:00,kalshi_milestone_start_date,2026-04-05T05:12:07.576671Z,a78ef1ed-f54a-4025-8778-dde23289ab86,0,1775272933,,True,712,2026-04-04,train,24h,1775176200,included,1775176200,0,0.28,0.27,0.29,0.019999999999999962,,49.0,3
KXNBAGAME-26APR03ORLDAL,KXNBAGAME-26APR03ORLDAL-DAL,NBA,winner,Dallas,Orlando,1775262600,2026-04-04T00:30:00+00:00,kalshi_milestone_start_date,2026-04-05T05:12:07.576671Z,a78ef1ed-f54a-4025-8778-dde23289ab86,0,1775272933,,True,712,2026-04-04,train,6h,1775241000,included,1775241000,0,0.305,0.3,0.31,0.010000000000000009,0.31,1948.0,32
KXNBAGAME-26APR03ORLDAL,KXNBAGAME-26APR03ORLDAL-DAL,NBA,winner,Dallas,Orlando,1775262600,2026-04-04T00:30:00+00:00,kalshi_milestone_start_date,2026-04-05T05:12:07.576671Z,a78ef1ed-f54a-4025-8778-dde23289ab86,0,1775272933,,True,712,2026-04-04,train,1h,1775259000,included,1775259000,0,0.305,0.3,0.31,0.010000000000000009,0.31,5664.0,49
KXNBAGAME-26APR03ORLDAL,KXNBAGAME-26APR03ORLDAL-DAL,NBA,winner,Dallas,Orlando,1775262600,2026-04-04T00:30:00+00:00,kalshi_milestone_start_date,2026-04-05T05:12:07.576671Z,a78ef1ed-f54a-4025-8778-dde23289ab86,0,1775272933,,True,712,2026-04-04,train,5m,1775262300,included,1775262300,0,0.295,0.29,0.3,0.010000000000000009,0.3,12037.0,58
KXNBAGAME-26APR03NOPSAC,KXNBAGAME-26APR03NOPSAC-SAC,NBA,winner,Sacramento,New Orleans,1775268000,2026-04-04T02:00:00+00:00,kalshi_milestone_start_date,2026-04-06T22:11:13.087149Z,19479e99-16f0-4dcf-9188-3d47656d2a50,1,1775279013,,True,912,2026-04-04,train,24h,1775181600,included,1775181480,120,0.41000000000000003,0.39,0.43,0.03999999999999998,,3469.0,9
KXNBAGAME-26APR03NOPSAC,KXNBAGAME-26APR03NOPSAC-SAC,NBA,winner,Sacramento,New Orleans,1775268000,2026-04-04T02:00:00+00:00,kalshi_milestone_start_date,2026-04-06T22:11:13.087149Z,19479e99-16f0-4dcf-9188-3d47656d2a50,1,1775279013,,True,912,2026-04-04,train,6h,1775246400,included,1775246400,0,0.345,0.34,0.35,0.009999999999999953,,6003.0,19
KXNBAGAME-26APR03NOPSAC,KXNBAGAME-26APR03NOPSAC-SAC,NBA,winner,Sacramento,New Orleans,1775268000,2026-04-04T02:00:00+00:00,kalshi_milestone_start_date,2026-04-06T22:11:13.087149Z,19479e99-16f0-4dcf-9188-3d47656d2a50,1,1775279013,,True,912,2026-04-04,train,1h,1775264400,included,1775264400,0,0.325,0.32,0.33,0.010000000000000009,0.33,26015.0,54
KXNBAGAME-26APR03NOPSAC,KXNBAGAME-26APR03NOPSAC-SAC,NBA,winner,Sacramento,New Orleans,1775268000,2026-04-04T02:00:00+00:00,kalshi_milestone_start_date,2026-04-06T22:11:13.087149Z,19479e99-16f0-4dcf-9188-3d47656d2a50,1,1775279013,,True,912,2026-04-04,train,5m,1775267700,included,1775267700,0,0.315,0.31,0.32,0.010000000000000009,0.32,166595.0,60
KXNBAGAME-26APR04SASDEN,KXNBAGAME-26APR04SASDEN-DEN,NBA,winner,Denver,San Antonio,1775329200,2026-04-04T19:00:00+00:00,kalshi_milestone_start_date,2026-04-06T14:10:19.460799Z,7b0c7cb0-726a-4432-a299-da4e6348cf7f,1,1775341169,,True,1107,2026-04-04,train,24h,1775242800,included,1775242800,0,0.405,0.4,0.41,0.009999999999999953,,589.0,17
KXNBAGAME-26APR04SASDEN,KXNBAGAME-26APR04SASDEN-DEN,NBA,winner,Denver,San Antonio,1775329200,2026-04-04T19:00:00+00:00,kalshi_milestone_start_date,2026-04-06T14:10:19.460799Z,7b0c7cb0-726a-4432-a299-da4e6348cf7f,1,1775341169,,True,1107,2026-04-04,train,6h,1775307600,included,1775307600,0,0.435,0.43,0.44,0.010000000000000009,,3708.0,35
KXNBAGAME-26APR04SASDEN,KXNBAGAME-26APR04SASDEN-DEN,NBA,winner,Denver,San Antonio,1775329200,2026-04-04T19:00:00+00:00,kalshi_milestone_start_date,2026-04-06T14:10:19.460799Z,7b0c7cb0-726a-4432-a299-da4e6348cf7f,1,1775341169,,True,1107,2026-04-04,train,1h,1775325600,included,1775325600,0,0.46499999999999997,0.46,0.47,0.009999999999999953,0.47,62828.0,58
KXNBAGAME-26APR04SASDEN,KXNBAGAME-26APR04SASDEN-DEN,NBA,winner,Denver,San Antonio,1775329200,2026-04-04T19:00:00+00:00,kalshi_milestone_start_date,2026-04-06T14:10:19.460799Z,7b0c7cb0-726a-4432-a299-da4e6348cf7f,1,1775341169,,True,1107,2026-04-04,train,5m,1775328900,included,1775328900,0,0.455,0.45,0.46,0.010000000000000009,0.46,128729.0,60
KXNBAGAME-26APR04WASMIA,KXNBAGAME-26APR04WASMIA-MIA,NBA,winner,Miami,Washington,1775329200,2026-04-04T19:00:00+00:00,kalshi_milestone_start_date,2026-04-05T23:30:37.386212Z,5392504d-68d0-4d0f-81e9-88ba040dfafd,1,1775339263,,True,1024,2026-04-04,train,6h,1775307600,included,1775307600,0,0.945,0.94,0.95,0.010000000000000009,,2829.0,24
KXNBAGAME-26APR04WASMIA,KXNBAGAME-26APR04WASMIA-MIA,NBA,winner,Miami,Washington,1775329200,2026-04-04T19:00:00+00:00,kalshi_milestone_start_date,2026-04-05T23:30:37.386212Z,5392504d-68d0-4d0f-81e9-88ba040dfafd,1,1775339263,,True,1024,2026-04-04,train,1h,1775325600,included,1775325600,0,0.945,0.94,0.95,0.010000000000000009,0.95,36366.0,39
KXNBAGAME-26APR04WASMIA,KXNBAGAME-26APR04WASMIA-MIA,NBA,winner,Miami,Washington,1775329200,2026-04-04T19:00:00+00:00,kalshi_milestone_start_date,2026-04-05T23:30:37.386212Z,5392504d-68d0-4d0f-81e9-88ba040dfafd,1,1775339263,,True,1024,2026-04-04,train,5m,1775328900,included,1775328900,0,0.945,0.94,0.95,0.010000000000000009,0.95,131831.0,46
KXNBAGAME-26APR04DETPHI,KXNBAGAME-26APR04DETPHI-PHI,NBA,winner,Philadelphia,Detroit,1775343600,2026-04-04T23:00:00+00:00,kalshi_milestone_start_date,2026-04-06T14:10:19.660581Z,1642421f-3453-497b-a9e7-9478406d2789,0,1775352453,,True,1047,2026-04-04,train,24h,1775257200,included,1775257080,120,0.455,0.45,0.46,0.010000000000000009,0.46,119.0,10
KXNBAGAME-26APR04DETPHI,KXNBAGAME-26APR04DETPHI-PHI,NBA,winner,Philadelphia,Detroit,1775343600,2026-04-04T23:00:00+00:00,kalshi_milestone_start_date,2026-04-06T14:10:19.660581Z,1642421f-3453-497b-a9e7-9478406d2789,0,1775352453,,True,1047,2026-04-04,train,6h,1775322000,included,1775322000,0,0.415,0.41,0.42,0.010000000000000009,0.42,59145.0,48
KXNBAGAME-26APR04DETPHI,KXNBAGAME-26APR04DETPHI-PHI,NBA,winner,Philadelphia,Detroit,1775343600,2026-04-04T23:00:00+00:00,kalshi_milestone_start_date,2026-04-06T14:10:19.660581Z,1642421f-3453-497b-a9e7-9478406d2789,0,1775352453,,True,1047,2026-04-04,train,1h,1775340000,included,1775340000,0,0.395,0.39,0.4,0.010000000000000009,0.39,28705.0,59
KXNBAGAME-26APR04DETPHI,KXNBAGAME-26APR04DETPHI-PHI,NBA,winner,Philadelphia,Detroit,1775343600,2026-04-04T23:00:00+00:00,kalshi_milestone_start_date,2026-04-06T14:10:19.660581Z,1642421f-3453-497b-a9e7-9478406d2789,0,1775352453,,True,1047,2026-04-04,train,5m,1775343300,included,1775343300,0,0.395,0.39,0.4,0.010000000000000009,0.4,220242.0,60
KXNBAGAME-26APR05MEMMIL,KXNBAGAME-26APR05MEMMIL-MIL,NBA,winner,Milwaukee,Memphis,1775417400,2026-04-05T19:30:00+00:00,kalshi_milestone_start_date,2026-04-06T23:12:58.687172Z,f413301c-7f96-406c-8f9b-9c9a504556d0,1,1775427583,,True,781,2026-04-05,train,6h,1775395800,included,1775395800,0,0.685,0.68,0.69,0.009999999999999898,0.69,2709.0,23
KXNBAGAME-26APR05MEMMIL,KXNBAGAME-26APR05MEMMIL-MIL,NBA,winner,Milwaukee,Memphis,1775417400,2026-04-05T19:30:00+00:00,kalshi_milestone_start_date,2026-04-06T23:12:58.687172Z,f413301c-7f96-406c-8f9b-9c9a504556d0,1,1775427583,,True,781,2026-04-05,train,1h,1775413800,included,1775413800,0,0.705,0.7,0.71,0.010000000000000009,0.71,6717.0,44
KXNBAGAME-26APR05MEMMIL,KXNBAGAME-26APR05MEMMIL-MIL,NBA,winner,Milwaukee,Memphis,1775417400,2026-04-05T19:30:00+00:00,kalshi_milestone_start_date,2026-04-06T23:12:58.687172Z,f413301c-7f96-406c-8f9b-9c9a504556d0,1,1775427583,,True,781,2026-04-05,train,5m,1775417100,included,1775417100,0,0.715,0.71,0.72,0.010000000000000009,0.72,64489.0,50
KXNBAGAME-26APR05PHXCHI,KXNBAGAME-26APR05PHXCHI-CHI,NBA,winner,Chicago,Phoenix,1775417400,2026-04-05T19:30:00+00:00,kalshi_milestone_start_date,2026-04-07T00:10:09.620527Z,c9e0018f-1868-4978-a6ed-814ada883735,0,1775427843,,True,966,2026-04-05,train,24h,1775331000,included,1775331000,0,0.175,0.17,0.18,0.009999999999999981,,713.0,7
KXNBAGAME-26APR05PHXCHI,KXNBAGAME-26APR05PHXCHI-CHI,NBA,winner,Chicago,Phoenix,1775417400,2026-04-05T19:30:00+00:00,kalshi_milestone_start_date,2026-04-07T00:10:09.620527Z,c9e0018f-1868-4978-a6ed-814ada883735,0,1775427843,,True,966,2026-04-05,train,6h,1775395800,included,1775395680,120,0.195,0.19,0.2,0.010000000000000009,,1203.0,21
KXNBAGAME-26APR05PHXCHI,KXNBAGAME-26APR05PHXCHI-CHI,NBA,winner,Chicago,Phoenix,1775417400,2026-04-05T19:30:00+00:00,kalshi_milestone_start_date,2026-04-07T00:10:09.620527Z,c9e0018f-1868-4978-a6ed-814ada883735,0,1775427843,,True,966,2026-04-05,train,1h,1775413800,included,1775413800,0,0.175,0.17,0.18,0.009999999999999981,0.18,30380.0,43
KXNBAGAME-26APR05PHXCHI,KXNBAGAME-26APR05PHXCHI-CHI,NBA,winner,Chicago,Phoenix,1775417400,2026-04-05T19:30:00+00:00,kalshi_milestone_start_date,2026-04-07T00:10:09.620527Z,c9e0018f-1868-4978-a6ed-814ada883735,0,1775427843,,True,966,2026-04-05,train,5m,1775417100,included,1775417100,0,0.175,0.17,0.18,0.009999999999999981,0.18,56897.0,51
KXNBAGAME-26APR05TORBOS,KXNBAGAME-26APR05TORBOS-BOS,NBA,winner,Boston,Toronto,1775417400,2026-04-05T19:30:00+00:00,kalshi_milestone_start_date,2026-04-07T14:09:20.021989Z,f3249915-4598-4629-a643-7c1fc033be9b,1,1775426273,,True,1191,2026-04-05,train,24h,1775331000,included,1775331000,0,0.8,0.79,0.81,0.020000000000000018,0.8,2804.0,18
KXNBAGAME-26APR05TORBOS,KXNBAGAME-26APR05TORBOS-BOS,NBA,winner,Boston,Toronto,1775417400,2026-04-05T19:30:00+00:00,kalshi_milestone_start_date,2026-04-07T14:09:20.021989Z,f3249915-4598-4629-a643-7c1fc033be9b,1,1775426273,,True,1191,2026-04-05,train,6h,1775395800,included,1775395800,0,0.805,0.8,0.81,0.010000000000000009,,45363.0,51
KXNBAGAME-26APR05TORBOS,KXNBAGAME-26APR05TORBOS-BOS,NBA,winner,Boston,Toronto,1775417400,2026-04-05T19:30:00+00:00,kalshi_milestone_start_date,2026-04-07T14:09:20.021989Z,f3249915-4598-4629-a643-7c1fc033be9b,1,1775426273,,True,1191,2026-04-05,train,1h,1775413800,included,1775413800,0,0.795,0.79,0.8,0.010000000000000009,0.8,108781.0,59
KXNBAGAME-26APR05TORBOS,KXNBAGAME-26APR05TORBOS-BOS,NBA,winner,Boston,Toronto,1775417400,2026-04-05T19:30:00+00:00,kalshi_milestone_start_date,2026-04-07T14:09:20.021989Z,f3249915-4598-4629-a643-7c1fc033be9b,1,1775426273,,True,1191,2026-04-05,train,5m,1775417100,included,1775417100,0,0.795,0.79,0.8,0.010000000000000009,0.8,207546.0,60
KXNBAGAME-26APR05WASBKN,KXNBAGAME-26APR05WASBKN-BKN,NBA,winner,Brooklyn,Washington,1775417400,2026-04-05T19:30:00+00:00,kalshi_milestone_start_date,2026-04-07T00:10:09.524103Z,bec6c5da-f6db-46c0-9f71-1cf77f6bc2b1,1,1775427933,,True,1137,2026-04-05,train,24h,1775331000,included,1775331000,0,0.64,0.63,0.65,0.020000000000000018,,110.0,3
KXNBAGAME-26APR05WASBKN,KXNBAGAME-26APR05WASBKN-BKN,NBA,winner,Brooklyn,Washington,1775417400,2026-04-05T19:30:00+00:00,kalshi_milestone_start_date,2026-04-07T00:10:09.524103Z,bec6c5da-f6db-46c0-9f71-1cf77f6bc2b1,1,1775427933,,True,1137,2026-04-05,train,6h,1775395800,included,1775395740,60,0.615,0.61,0.62,0.010000000000000009,0.62,1876.0,33
KXNBAGAME-26APR05WASBKN,KXNBAGAME-26APR05WASBKN-BKN,NBA,winner,Brooklyn,Washington,1775417400,2026-04-05T19:30:00+00:00,kalshi_milestone_start_date,2026-04-07T00:10:09.524103Z,bec6c5da-f6db-46c0-9f71-1cf77f6bc2b1,1,1775427933,,True,1137,2026-04-05,train,1h,1775413800,included,1775413800,0,0.605,0.6,0.61,0.010000000000000009,,11070.0,50
KXNBAGAME-26APR05WASBKN,KXNBAGAME-26APR05WASBKN-BKN,NBA,winner,Brooklyn,Washington,1775417400,2026-04-05T19:30:00+00:00,kalshi_milestone_start_date,2026-04-07T00:10:09.524103Z,bec6c5da-f6db-46c0-9f71-1cf77f6bc2b1,1,1775427933,,True,1137,2026-04-05,train,5m,1775417100,included,1775417100,0,0.595,0.59,0.6,0.010000000000000009,0.6,56640.0,56
KXNBAGAME-26APR05INDCLE,KXNBAGAME-26APR05INDCLE-CLE,NBA,winner,Cleveland,Indiana,1775426400,2026-04-05T22:00:00+00:00,kalshi_milestone_start_date,2026-04-07T02:39:14.265058Z,d4a8cc9c-60fc-4652-985e-bd7b7fe6bfeb,1,1775435583,,True,875,2026-04-05,train,24h,1775340000,included,1775340000,0,0.945,0.94,0.95,0.010000000000000009,,1026.0,9
KXNBAGAME-26APR05INDCLE,KXNBAGAME-26APR05INDCLE-CLE,NBA,winner,Cleveland,Indiana,1775426400,2026-04-05T22:00:00+00:00,kalshi_milestone_start_date,2026-04-07T02:39:14.265058Z,d4a8cc9c-60fc-4652-985e-bd7b7fe6bfeb,1,1775435583,,True,875,2026-04-05,train,6h,1775404800,included,1775404800,0,0.915,0.91,0.92,0.010000000000000009,0.92,47205.0,21
KXNBAGAME-26APR05INDCLE,KXNBAGAME-26APR05INDCLE-CLE,NBA,winner,Cleveland,Indiana,1775426400,2026-04-05T22:00:00+00:00,kalshi_milestone_start_date,2026-04-07T02:39:14.265058Z,d4a8cc9c-60fc-4652-985e-bd7b7fe6bfeb,1,1775435583,,True,875,2026-04-05,train,5m,1775426100,included,1775426100,0,0.925,0.92,0.93,0.010000000000000009,0.93,57950.0,36
KXNBAGAME-26APR05CHAMIN,KXNBAGAME-26APR05CHAMIN-MIN,NBA,winner,Minnesota,Charlotte,1775430000,2026-04-05T23:00:00+00:00,kalshi_milestone_start_date,2026-04-07T03:34:23.725199Z,4c01aeda-09ee-421c-9da6-2e0ba020d490,0,1775439723,,True,1177,2026-04-05,train,24h,1775343600,included,1775343600,0,0.525,0.51,0.54,0.030000000000000027,,1240.0,19
KXNBAGAME-26APR05CHAMIN,KXNBAGAME-26APR05CHAMIN-MIN,NBA,winner,Minnesota,Charlotte,1775430000,2026-04-05T23:00:00+00:00,kalshi_milestone_start_date,2026-04-07T03:34:23.725199Z,4c01aeda-09ee-421c-9da6-2e0ba020d490,0,1775439723,,True,1177,2026-04-05,train,6h,1775408400,included,1775408340,60,0.445,0.44,0.45,0.010000000000000009,0.45,17047.0,51
KXNBAGAME-26APR05CHAMIN,KXNBAGAME-26APR05CHAMIN-MIN,NBA,winner,Minnesota,Charlotte,1775430000,2026-04-05T23:00:00+00:00,kalshi_milestone_start_date,2026-04-07T03:34:23.725199Z,4c01aeda-09ee-421c-9da6-2e0ba020d490,0,1775439723,,True,1177,2026-04-05,train,1h,1775426400,included,1775426400,0,0.395,0.39,0.4,0.010000000000000009,0.4,30839.0,58
KXNBAGAME-26APR05CHAMIN,KXNBAGAME-26APR05CHAMIN-MIN,NBA,winner,Minnesota,Charlotte,1775430000,2026-04-05T23:00:00+00:00,kalshi_milestone_start_date,2026-04-07T03:34:23.725199Z,4c01aeda-09ee-421c-9da6-2e0ba020d490,0,1775439723,,True,1177,2026-04-05,train,5m,1775429700,included,1775429700,0,0.375,0.37,0.38,0.010000000000000009,0.38,232060.0,60
KXNBAGAME-26APR05ORLNOP,KXNBAGAME-26APR05ORLNOP-NOP,NBA,winner,New Orleans,Orlando,1775430000,2026-04-05T23:00:00+00:00,kalshi_milestone_start_date,2026-04-07T02:39:14.255813Z,28d89fd2-9abe-4f15-9297-75b2874c2d16,0,1775439953,,True,791,2026-04-05,train,24h,1775343600,included,1775343540,60,0.375,0.37,0.38,0.010000000000000009,0.38,81.0,5
KXNBAGAME-26APR05ORLNOP,KXNBAGAME-26APR05ORLNOP-NOP,NBA,winner,New Orleans,Orlando,1775430000,2026-04-05T23:00:00+00:00,kalshi_milestone_start_date,2026-04-07T02:39:14.255813Z,28d89fd2-9abe-4f15-9297-75b2874c2d16,0,1775439953,,True,791,2026-04-05,train,6h,1775408400,included,1775408400,0,0.355,0.35,0.36,0.010000000000000009,0.37,7245.0,26
KXNBAGAME-26APR05ORLNOP,KXNBAGAME-26APR05ORLNOP-NOP,NBA,winner,New Orleans,Orlando,1775430000,2026-04-05T23:00:00+00:00,kalshi_milestone_start_date,2026-04-07T02:39:14.255813Z,28d89fd2-9abe-4f15-9297-75b2874c2d16,0,1775439953,,True,791,2026-04-05,train,1h,1775426400,included,1775426400,0,0.325,0.32,0.33,0.010000000000000009,0.33,2272.0,22
KXNBAGAME-26APR05ORLNOP,KXNBAGAME-26APR05ORLNOP-NOP,NBA,winner,New Orleans,Orlando,1775430000,2026-04-05T23:00:00+00:00,kalshi_milestone_start_date,2026-04-07T02:39:14.255813Z,28d89fd2-9abe-4f15-9297-75b2874c2d16,0,1775439953,,True,791,2026-04-05,train,5m,1775429700,included,1775429700,0,0.305,0.3,0.31,0.010000000000000009,0.31,29747.0,54
KXNBAGAME-26APR05UTAOKC,KXNBAGAME-26APR05UTAOKC-OKC,NBA,winner,Oklahoma City,Utah,1775430000,2026-04-05T23:00:00+00:00,kalshi_milestone_start_date,2026-04-07T02:39:14.237783Z,0d39fd73-0be2-496c-9882-771fe6797b98,1,1775439163,,True,865,2026-04-05,train,1h,1775426400,included,1775426400,0,0.975,0.97,0.98,0.010000000000000009,0.97,314987.0,40
KXNBAGAME-26APR05UTAOKC,KXNBAGAME-26APR05UTAOKC-OKC,NBA,winner,Oklahoma City,Utah,1775430000,2026-04-05T23:00:00+00:00,kalshi_milestone_start_date,2026-04-07T02:39:14.237783Z,0d39fd73-0be2-496c-9882-771fe6797b98,1,1775439163,,True,865,2026-04-05,train,5m,1775429700,included,1775429700,0,0.975,0.97,0.98,0.010000000000000009,0.98,84865.0,39
KXNBAGAME-26APR05LALDAL,KXNBAGAME-26APR05LALDAL-DAL,NBA,winner,Dallas,Los Angeles L,1775431800,2026-04-05T23:30:00+00:00,kalshi_milestone_start_date,2026-04-08T15:09:59.203727Z,cf5a4285-21e4-426e-ba81-227b53cdbb02,1,1775446423,,True,1216,2026-04-05,train,24h,1775345400,included,1775345400,0,0.39,0.38,0.4,0.020000000000000018,,12717.0,43
KXNBAGAME-26APR05LALDAL,KXNBAGAME-26APR05LALDAL-DAL,NBA,winner,Dallas,Los Angeles L,1775431800,2026-04-05T23:30:00+00:00,kalshi_milestone_start_date,2026-04-08T15:09:59.203727Z,cf5a4285-21e4-426e-ba81-227b53cdbb02,1,1775446423,,True,1216,2026-04-05,train,6h,1775410200,included,1775410200,0,0.475,0.47,0.48,0.010000000000000009,0.48,21410.0,57
KXNBAGAME-26APR05LALDAL,KXNBAGAME-26APR05LALDAL-DAL,NBA,winner,Dallas,Los Angeles L,1775431800,2026-04-05T23:30:00+00:00,kalshi_milestone_start_date,2026-04-08T15:09:59.203727Z,cf5a4285-21e4-426e-ba81-227b53cdbb02,1,1775446423,,True,1216,2026-04-05,train,1h,1775428200,included,1775428200,0,0.485,0.48,0.49,0.010000000000000009,0.49,150623.0,60
KXNBAGAME-26APR05LALDAL,KXNBAGAME-26APR05LALDAL-DAL,NBA,winner,Dallas,Los Angeles L,1775431800,2026-04-05T23:30:00+00:00,kalshi_milestone_start_date,2026-04-08T15:09:59.203727Z,cf5a4285-21e4-426e-ba81-227b53cdbb02,1,1775446423,,True,1216,2026-04-05,train,5m,1775431500,included,1775431500,0,0.485,0.48,0.49,0.010000000000000009,0.49,336463.0,60
KXNBAGAME-26APR05LACSAC,KXNBAGAME-26APR05LACSAC-SAC,NBA,winner,Sacramento,Los Angeles C,1775437200,2026-04-06T01:00:00+00:00,kalshi_milestone_start_date,2026-04-07T04:10:51.217801Z,410ca6c6-c913-4ac8-a0f3-227f325093aa,0,1775447003,,True,944,2026-04-06,train,24h,1775350800,included,1775350800,0,0.14500000000000002,0.14,0.15,0.009999999999999981,,1362.0,14
KXNBAGAME-26APR05LACSAC,KXNBAGAME-26APR05LACSAC-SAC,NBA,winner,Sacramento,Los Angeles C,1775437200,2026-04-06T01:00:00+00:00,kalshi_milestone_start_date,2026-04-07T04:10:51.217801Z,410ca6c6-c913-4ac8-a0f3-227f325093aa,0,1775447003,,True,944,2026-04-06,train,6h,1775415600,included,1775415600,0,0.135,0.13,0.14,0.010000000000000009,,3933.0,24
KXNBAGAME-26APR05LACSAC,KXNBAGAME-26APR05LACSAC-SAC,NBA,winner,Sacramento,Los Angeles C,1775437200,2026-04-06T01:00:00+00:00,kalshi_milestone_start_date,2026-04-07T04:10:51.217801Z,410ca6c6-c913-4ac8-a0f3-227f325093aa,0,1775447003,,True,944,2026-04-06,train,1h,1775433600,included,1775433600,0,0.135,0.13,0.14,0.010000000000000009,0.14,28785.0,54
KXNBAGAME-26APR05LACSAC,KXNBAGAME-26APR05LACSAC-SAC,NBA,winner,Sacramento,Los Angeles C,1775437200,2026-04-06T01:00:00+00:00,kalshi_milestone_start_date,2026-04-07T04:10:51.217801Z,410ca6c6-c913-4ac8-a0f3-227f325093aa,0,1775447003,,True,944,2026-04-06,train,5m,1775436900,included,1775436900,0,0.135,0.13,0.14,0.010000000000000009,0.14,109526.0,59
KXNBAGAME-26APR05HOUGSW,KXNBAGAME-26APR05HOUGSW-GSW,NBA,winner,Golden State,Houston,1775440800,2026-04-06T02:00:00+00:00,kalshi_milestone_start_date,2026-04-07T17:10:55.618921Z,aa4ecd95-4dc1-4f2e-8b49-2000f9776d17,0,1775451093,,True,949,2026-04-06,train,6h,1775419200,included,1775419200,0,0.4,0.39,0.41,0.019999999999999962,0.41,3255.0,34
KXNBAGAME-26APR05HOUGSW,KXNBAGAME-26APR05HOUGSW-GSW,NBA,winner,Golden State,Houston,1775440800,2026-04-06T02:00:00+00:00,kalshi_milestone_start_date,2026-04-07T17:10:55.618921Z,aa4ecd95-4dc1-4f2e-8b49-2000f9776d17,0,1775451093,,True,949,2026-04-06,train,1h,1775437200,included,1775437200,0,0.395,0.39,0.4,0.010000000000000009,0.4,111933.0,60
KXNBAGAME-26APR05HOUGSW,KXNBAGAME-26APR05HOUGSW-GSW,NBA,winner,Golden State,Houston,1775440800,2026-04-06T02:00:00+00:00,kalshi_milestone_start_date,2026-04-07T17:10:55.618921Z,aa4ecd95-4dc1-4f2e-8b49-2000f9776d17,0,1775451093,,True,949,2026-04-06,train,5m,1775440500,included,1775440500,0,0.385,0.38,0.39,0.010000000000000009,0.39,364699.0,60
KXNBAGAME-26APR06DETORL,KXNBAGAME-26APR06DETORL-ORL,NBA,winner,Orlando,Detroit,1775516400,2026-04-06T23:00:00+00:00,kalshi_milestone_start_date,2026-04-08T03:46:13.706132Z,ad77f8f7-afba-4f33-aa81-1be6b3c6ef57,1,1775527661,,True,1105,2026-04-06,train,24h,1775430000,included,1775430000,0,0.41000000000000003,0.4,0.42,0.019999999999999962,0.43,155.0,15
KXNBAGAME-26APR06DETORL,KXNBAGAME-26APR06DETORL-ORL,NBA,winner,Orlando,Detroit,1775516400,2026-04-06T23:00:00+00:00,kalshi_milestone_start_date,2026-04-08T03:46:13.706132Z,ad77f8f7-afba-4f33-aa81-1be6b3c6ef57,1,1775527661,,True,1105,2026-04-06,train,6h,1775494800,included,1775494800,0,0.405,0.4,0.41,0.009999999999999953,0.41,6477.0,37
KXNBAGAME-26APR06DETORL,KXNBAGAME-26APR06DETORL-ORL,NBA,winner,Orlando,Detroit,1775516400,2026-04-06T23:00:00+00:00,kalshi_milestone_start_date,2026-04-08T03:46:13.706132Z,ad77f8f7-afba-4f33-aa81-1be6b3c6ef57,1,1775527661,,True,1105,2026-04-06,train,1h,1775512800,included,1775512800,0,0.46499999999999997,0.46,0.47,0.009999999999999953,0.47,61692.0,59
KXNBAGAME-26APR06DETORL,KXNBAGAME-26APR06DETORL-ORL,NBA,winner,Orlando,Detroit,1775516400,2026-04-06T23:00:00+00:00,kalshi_milestone_start_date,2026-04-08T03:46:13.706132Z,ad77f8f7-afba-4f33-aa81-1be6b3c6ef57,1,1775527661,,True,1105,2026-04-06,train,5m,1775516100,included,1775516100,0,0.485,0.48,0.49,0.010000000000000009,0.49,917682.0,60
KXNBAGAME-26APR06NYKATL,KXNBAGAME-26APR06NYKATL-ATL,NBA,winner,Atlanta,New York,1775516400,2026-04-06T23:00:00+00:00,kalshi_milestone_start_date,2026-04-08T15:09:59.251622Z,458aea58-eef6-428b-a9fe-ea51a4f8839a,0,1775527361,,True,1134,2026-04-06,train,24h,1775430000,included,1775430000,0,0.51,0.5,0.52,0.020000000000000018,0.52,1479.0,12
KXNBAGAME-26APR06NYKATL,KXNBAGAME-26APR06NYKATL-ATL,NBA,winner,Atlanta,New York,1775516400,2026-04-06T23:00:00+00:00,kalshi_milestone_start_date,2026-04-08T15:09:59.251622Z,458aea58-eef6-428b-a9fe-ea51a4f8839a,0,1775527361,,True,1134,2026-04-06,train,6h,1775494800,included,1775494800,0,0.525,0.52,0.53,0.010000000000000009,0.53,48137.0,54
KXNBAGAME-26APR06NYKATL,KXNBAGAME-26APR06NYKATL-ATL,NBA,winner,Atlanta,New York,1775516400,2026-04-06T23:00:00+00:00,kalshi_milestone_start_date,2026-04-08T15:09:59.251622Z,458aea58-eef6-428b-a9fe-ea51a4f8839a,0,1775527361,,True,1134,2026-04-06,train,1h,1775512800,included,1775512800,0,0.525,0.52,0.53,0.010000000000000009,0.53,52973.0,60
KXNBAGAME-26APR06NYKATL,KXNBAGAME-26APR06NYKATL-ATL,NBA,winner,Atlanta,New York,1775516400,2026-04-06T23:00:00+00:00,kalshi_milestone_start_date,2026-04-08T15:09:59.251622Z,458aea58-eef6-428b-a9fe-ea51a4f8839a,0,1775527361,,True,1134,2026-04-06,train,5m,1775516100,included,1775516100,0,0.515,0.51,0.52,0.010000000000000009,0.52,179435.0,60
KXNBAGAME-26APR06CLEMEM,KXNBAGAME-26APR06CLEMEM-MEM,NBA,winner,Memphis,Cleveland,1775520000,2026-04-07T00:00:00+00:00,kalshi_milestone_start_date,2026-04-08T03:46:13.639395Z,c87e7307-cb5e-4535-b738-fff834cf85ee,0,1775529771,,True,1075,2026-04-07,train,6h,1775498400,included,1775498400,0,0.08499999999999999,0.08,0.09,0.009999999999999995,,6274.0,39
KXNBAGAME-26APR06CLEMEM,KXNBAGAME-26APR06CLEMEM-MEM,NBA,winner,Memphis,Cleveland,1775520000,2026-04-07T00:00:00+00:00,kalshi_milestone_start_date,2026-04-08T03:46:13.639395Z,c87e7307-cb5e-4535-b738-fff834cf85ee,0,1775529771,,True,1075,2026-04-07,train,1h,1775516400,included,1775516400,0,0.11499999999999999,0.11,0.12,0.009999999999999995,0.12,37761.0,57
KXNBAGAME-26APR06CLEMEM,KXNBAGAME-26APR06CLEMEM-MEM,NBA,winner,Memphis,Cleveland,1775520000,2026-04-07T00:00:00+00:00,kalshi_milestone_start_date,2026-04-08T03:46:13.639395Z,c87e7307-cb5e-4535-b738-fff834cf85ee,0,1775529771,,True,1075,2026-04-07,train,5m,1775519700,included,1775519700,0,0.11499999999999999,0.11,0.12,0.009999999999999995,0.12,45257.0,57
KXNBAGAME-26APR06PHISAS,KXNBAGAME-26APR06PHISAS-SAS,NBA,winner,San Antonio,Philadelphia,1775520000,2026-04-07T00:00:00+00:00,kalshi_milestone_start_date,2026-04-08T03:46:13.767448Z,b5ade845-1303-4f19-b968-4c414af3d975,1,1775530531,,True,1274,2026-04-07,train,24h,1775433600,included,1775433600,0,0.765,0.76,0.77,0.010000000000000009,0.77,3819.0,15
KXNBAGAME-26APR06PHISAS,KXNBAGAME-26APR06PHISAS-SAS,NBA,winner,San Antonio,Philadelphia,1775520000,2026-04-07T00:00:00+00:00,kalshi_milestone_start_date,2026-04-08T03:46:13.767448Z,b5ade845-1303-4f19-b968-4c414af3d975,1,1775530531,,True,1274,2026-04-07,train,6h,1775498400,included,1775498400,0,0.765,0.76,0.77,0.010000000000000009,0.77,62852.0,54
KXNBAGAME-26APR06PHISAS,KXNBAGAME-26APR06PHISAS-SAS,NBA,winner,San Antonio,Philadelphia,1775520000,2026-04-07T00:00:00+00:00,kalshi_milestone_start_date,2026-04-08T03:46:13.767448Z,b5ade845-1303-4f19-b968-4c414af3d975,1,1775530531,,True,1274,2026-04-07,train,1h,1775516400,included,1775516400,0,0.765,0.76,0.77,0.010000000000000009,0.77,84821.0,60
KXNBAGAME-26APR06PHISAS,KXNBAGAME-26APR06PHISAS-SAS,NBA,winner,San Antonio,Philadelphia,1775520000,2026-04-07T00:00:00+00:00,kalshi_milestone_start_date,2026-04-08T03:46:13.767448Z,b5ade845-1303-4f19-b968-4c414af3d975,1,1775530531,,True,1274,2026-04-07,train,5m,1775519700,included,1775519700,0,0.765,0.76,0.77,0.010000000000000009,0.77,88447.0,60
KXNBAGAME-26APR06PORDEN,KXNBAGAME-26APR06PORDEN-DEN,NBA,winner,Denver,Portland,1775523600,2026-04-07T01:00:00+00:00,kalshi_milestone_start_date,2026-04-08T05:09:19.9859Z,fa57d686-abac-4502-a384-297c5965477e,1,1775534731,,True,1158,2026-04-07,train,6h,1775502000,included,1775502000,0,0.745,0.74,0.75,0.010000000000000009,0.75,10909.0,51
KXNBAGAME-26APR06PORDEN,KXNBAGAME-26APR06PORDEN-DEN,NBA,winner,Denver,Portland,1775523600,2026-04-07T01:00:00+00:00,kalshi_milestone_start_date,2026-04-08T05:09:19.9859Z,fa57d686-abac-4502-a384-297c5965477e,1,1775534731,,True,1158,2026-04-07,train,1h,1775520000,included,1775520000,0,0.745,0.74,0.75,0.010000000000000009,0.75,37036.0,56
KXNBAGAME-26APR06PORDEN,KXNBAGAME-26APR06PORDEN-DEN,NBA,winner,Denver,Portland,1775523600,2026-04-07T01:00:00+00:00,kalshi_milestone_start_date,2026-04-08T05:09:19.9859Z,fa57d686-abac-4502-a384-297c5965477e,1,1775534731,,True,1158,2026-04-07,train,5m,1775523300,included,1775523300,0,0.735,0.73,0.74,0.010000000000000009,0.74,136306.0,60
KXNBAGAME-26APR07CHIWAS,KXNBAGAME-26APR07CHIWAS-WAS,NBA,winner,Washington,Chicago,1775602800,2026-04-07T23:00:00+00:00,kalshi_milestone_start_date,2026-04-09T02:25:18.571825Z,3f94c3b0-0cd2-47f4-bb05-9c8a7bd56eb6,0,1775612872,,True,955,2026-04-07,train,6h,1775581200,included,1775581200,0,0.325,0.32,0.33,0.010000000000000009,,1268.0,22
KXNBAGAME-26APR07CHIWAS,KXNBAGAME-26APR07CHIWAS-WAS,NBA,winner,Washington,Chicago,1775602800,2026-04-07T23:00:00+00:00,kalshi_milestone_start_date,2026-04-09T02:25:18.571825Z,3f94c3b0-0cd2-47f4-bb05-9c8a7bd56eb6,0,1775612872,,True,955,2026-04-07,train,1h,1775599200,included,1775599200,0,0.325,0.32,0.33,0.010000000000000009,0.33,11053.0,48
KXNBAGAME-26APR07CHIWAS,KXNBAGAME-26APR07CHIWAS-WAS,NBA,winner,Washington,Chicago,1775602800,2026-04-07T23:00:00+00:00,kalshi_milestone_start_date,2026-04-09T02:25:18.571825Z,3f94c3b0-0cd2-47f4-bb05-9c8a7bd56eb6,0,1775612872,,True,955,2026-04-07,train,5m,1775602500,included,1775602500,0,0.315,0.31,0.32,0.010000000000000009,0.32,13257.0,47
KXNBAGAME-26APR07MININD,KXNBAGAME-26APR07MININD-IND,NBA,winner,Indiana,Minnesota,1775602800,2026-04-07T23:00:00+00:00,kalshi_milestone_start_date,2026-04-09T02:25:18.560932Z,eca85d83-3fe6-4f82-b6bc-4198feeafb7b,0,1775612582,,True,1087,2026-04-07,train,24h,1775516400,included,1775516340,60,0.14500000000000002,0.14,0.15,0.009999999999999981,0.15,301.0,8
KXNBAGAME-26APR07MININD,KXNBAGAME-26APR07MININD-IND,NBA,winner,Indiana,Minnesota,1775602800,2026-04-07T23:00:00+00:00,kalshi_milestone_start_date,2026-04-09T02:25:18.560932Z,eca85d83-3fe6-4f82-b6bc-4198feeafb7b,0,1775612582,,True,1087,2026-04-07,train,6h,1775581200,included,1775581200,0,0.14,0.13,0.15,0.01999999999999999,0.15,2543.0,39
KXNBAGAME-26APR07MININD,KXNBAGAME-26APR07MININD-IND,NBA,winner,Indiana,Minnesota,1775602800,2026-04-07T23:00:00+00:00,kalshi_milestone_start_date,2026-04-09T02:25:18.560932Z,eca85d83-3fe6-4f82-b6bc-4198feeafb7b,0,1775612582,,True,1087,2026-04-07,train,1h,1775599200,included,1775599200,0,0.135,0.13,0.14,0.010000000000000009,0.14,62804.0,54
KXNBAGAME-26APR07MININD,KXNBAGAME-26APR07MININD-IND,NBA,winner,Indiana,Minnesota,1775602800,2026-04-07T23:00:00+00:00,kalshi_milestone_start_date,2026-04-09T02:25:18.560932Z,eca85d83-3fe6-4f82-b6bc-4198feeafb7b,0,1775612582,,True,1087,2026-04-07,train,5m,1775602500,included,1775602500,0,0.135,0.13,0.14,0.010000000000000009,0.13,38161.0,59
KXNBAGAME-26APR07MIATOR,KXNBAGAME-26APR07MIATOR-TOR,NBA,winner,Toronto,Miami,1775604600,2026-04-07T23:30:00+00:00,kalshi_milestone_start_date,2026-04-09T04:21:29.244861Z,96076c09-6d5d-4630-b60e-049aa783b257,1,1775613842,,True,1148,2026-04-07,train,6h,1775583000,included,1775583000,0,0.545,0.54,0.55,0.010000000000000009,0.55,15226.0,50
KXNBAGAME-26APR07MIATOR,KXNBAGAME-26APR07MIATOR-TOR,NBA,winner,Toronto,Miami,1775604600,2026-04-07T23:30:00+00:00,kalshi_milestone_start_date,2026-04-09T04:21:29.244861Z,96076c09-6d5d-4630-b60e-049aa783b257,1,1775613842,,True,1148,2026-04-07,train,1h,1775601000,included,1775601000,0,0.545,0.54,0.55,0.010000000000000009,0.55,89239.0,53
KXNBAGAME-26APR07MIATOR,KXNBAGAME-26APR07MIATOR-TOR,NBA,winner,Toronto,Miami,1775604600,2026-04-07T23:30:00+00:00,kalshi_milestone_start_date,2026-04-09T04:21:29.244861Z,96076c09-6d5d-4630-b60e-049aa783b257,1,1775613842,,True,1148,2026-04-07,train,5m,1775604300,included,1775604300,0,0.565,0.56,0.57,0.009999999999999898,0.57,125807.0,57
KXNBAGAME-26APR07MILBKN,KXNBAGAME-26APR07MILBKN-BKN,NBA,winner,Brooklyn,Milwaukee,1775604600,2026-04-07T23:30:00+00:00,kalshi_milestone_start_date,2026-04-09T04:21:29.237324Z,73613fee-a251-4824-a089-b07246374c93,1,1775614352,,True,881,2026-04-07,train,1h,1775601000,included,1775601000,0,0.445,0.44,0.45,0.010000000000000009,0.45,9327.0,39
KXNBAGAME-26APR07MILBKN,KXNBAGAME-26APR07MILBKN-BKN,NBA,winner,Brooklyn,Milwaukee,1775604600,2026-04-07T23:30:00+00:00,kalshi_milestone_start_date,2026-04-09T04:21:29.237324Z,73613fee-a251-4824-a089-b07246374c93,1,1775614352,,True,881,2026-04-07,train,5m,1775604300,included,1775604300,0,0.46499999999999997,0.46,0.47,0.009999999999999953,0.47,52753.0,41
KXNBAGAME-26APR07CHABOS,KXNBAGAME-26APR07CHABOS-BOS,NBA,winner,Boston,Charlotte,1775606400,2026-04-08T00:00:00+00:00,kalshi_milestone_start_date,2026-04-09T06:10:37.75642Z,d2c8b19c-b546-43c2-a2d0-afd31d6d8988,1,1775615582,,True,1262,2026-04-08,train,24h,1775520000,included,1775519940,60,0.675,0.67,0.68,0.010000000000000009,0.68,377.0,14
KXNBAGAME-26APR07CHABOS,KXNBAGAME-26APR07CHABOS-BOS,NBA,winner,Boston,Charlotte,1775606400,2026-04-08T00:00:00+00:00,kalshi_milestone_start_date,2026-04-09T06:10:37.75642Z,d2c8b19c-b546-43c2-a2d0-afd31d6d8988,1,1775615582,,True,1262,2026-04-08,train,6h,1775584800,included,1775584800,0,0.645,0.64,0.65,0.010000000000000009,,41673.0,56
KXNBAGAME-26APR07CHABOS,KXNBAGAME-26APR07CHABOS-BOS,NBA,winner,Boston,Charlotte,1775606400,2026-04-08T00:00:00+00:00,kalshi_milestone_start_date,2026-04-09T06:10:37.75642Z,d2c8b19c-b546-43c2-a2d0-afd31d6d8988,1,1775615582,,True,1262,2026-04-08,train,1h,1775602800,included,1775602800,0,0.645,0.64,0.65,0.010000000000000009,0.65,160118.0,60
KXNBAGAME-26APR07CHABOS,KXNBAGAME-26APR07CHABOS-BOS,NBA,winner,Boston,Charlotte,1775606400,2026-04-08T00:00:00+00:00,kalshi_milestone_start_date,2026-04-09T06:10:37.75642Z,d2c8b19c-b546-43c2-a2d0-afd31d6d8988,1,1775615582,,True,1262,2026-04-08,train,5m,1775606100,included,1775606100,0,0.635,0.63,0.64,0.010000000000000009,0.64,339505.0,60
KXNBAGAME-26APR07UTANOP,KXNBAGAME-26APR07UTANOP-NOP,NBA,winner,New Orleans,Utah,1775606400,2026-04-08T00:00:00+00:00,kalshi_milestone_start_date,2026-04-09T04:21:29.391179Z,2b64af65-b905-4b71-a2fe-71f0b422ffd7,1,1775615972,,True,753,2026-04-08,train,6h,1775584800,included,1775584800,0,0.835,0.83,0.84,0.010000000000000009,0.84,778.0,17
KXNBAGAME-26APR07UTANOP,KXNBAGAME-26APR07UTANOP-NOP,NBA,winner,New Orleans,Utah,1775606400,2026-04-08T00:00:00+00:00,kalshi_milestone_start_date,2026-04-09T04:21:29.391179Z,2b64af65-b905-4b71-a2fe-71f0b422ffd7,1,1775615972,,True,753,2026-04-08,train,1h,1775602800,included,1775602800,0,0.765,0.76,0.77,0.010000000000000009,0.76,7503.0,29
KXNBAGAME-26APR07UTANOP,KXNBAGAME-26APR07UTANOP-NOP,NBA,winner,New Orleans,Utah,1775606400,2026-04-08T00:00:00+00:00,kalshi_milestone_start_date,2026-04-09T04:21:29.391179Z,2b64af65-b905-4b71-a2fe-71f0b422ffd7,1,1775615972,,True,753,2026-04-08,train,5m,1775606100,included,1775606100,0,0.695,0.69,0.7,0.010000000000000009,0.7,33691.0,55
KXNBAGAME-26APR07SACGSW,KXNBAGAME-26APR07SACGSW-GSW,NBA,winner,Golden State,Sacramento,1775613600,2026-04-08T02:00:00+00:00,kalshi_milestone_start_date,2026-04-09T06:10:37.768255Z,cd357c65-a8c8-4920-b5d2-403b4dd2566d,1,1775623352,,True,1146,2026-04-08,train,24h,1775527200,included,1775527080,120,0.875,0.87,0.88,0.010000000000000009,,101.0,3
KXNBAGAME-26APR07SACGSW,KXNBAGAME-26APR07SACGSW-GSW,NBA,winner,Golden State,Sacramento,1775613600,2026-04-08T02:00:00+00:00,kalshi_milestone_start_date,2026-04-09T06:10:37.768255Z,cd357c65-a8c8-4920-b5d2-403b4dd2566d,1,1775623352,,True,1146,2026-04-08,train,6h,1775592000,included,1775592000,0,0.885,0.88,0.89,0.010000000000000009,,7406.0,24
KXNBAGAME-26APR07SACGSW,KXNBAGAME-26APR07SACGSW-GSW,NBA,winner,Golden State,Sacramento,1775613600,2026-04-08T02:00:00+00:00,kalshi_milestone_start_date,2026-04-09T06:10:37.768255Z,cd357c65-a8c8-4920-b5d2-403b4dd2566d,1,1775623352,,True,1146,2026-04-08,train,1h,1775610000,included,1775610000,0,0.895,0.89,0.9,0.010000000000000009,0.9,20472.0,41
KXNBAGAME-26APR07SACGSW,KXNBAGAME-26APR07SACGSW-GSW,NBA,winner,Golden State,Sacramento,1775613600,2026-04-08T02:00:00+00:00,kalshi_milestone_start_date,2026-04-09T06:10:37.768255Z,cd357c65-a8c8-4920-b5d2-403b4dd2566d,1,1775623352,,True,1146,2026-04-08,train,5m,1775613300,included,1775613300,0,0.9,0.89,0.91,0.020000000000000018,0.91,67626.0,54
KXNBAGAME-26APR07DALLAC,KXNBAGAME-26APR07DALLAC-LAC,NBA,winner,Los Angeles C,Dallas,1775615400,2026-04-08T02:30:00+00:00,kalshi_milestone_start_date,2026-04-09T06:10:37.821643Z,ab64e4cc-d8fb-4fff-8409-9d9413ac76d5,1,1775625332,,True,863,2026-04-08,train,24h,1775529000,included,1775528880,120,0.835,0.83,0.84,0.010000000000000009,,116.0,7
KXNBAGAME-26APR07DALLAC,KXNBAGAME-26APR07DALLAC-LAC,NBA,winner,Los Angeles C,Dallas,1775615400,2026-04-08T02:30:00+00:00,kalshi_milestone_start_date,2026-04-09T06:10:37.821643Z,ab64e4cc-d8fb-4fff-8409-9d9413ac76d5,1,1775625332,,True,863,2026-04-08,train,6h,1775593800,included,1775593740,60,0.845,0.84,0.85,0.010000000000000009,0.85,1345.0,22
KXNBAGAME-26APR07DALLAC,KXNBAGAME-26APR07DALLAC-LAC,NBA,winner,Los Angeles C,Dallas,1775615400,2026-04-08T02:30:00+00:00,kalshi_milestone_start_date,2026-04-09T06:10:37.821643Z,ab64e4cc-d8fb-4fff-8409-9d9413ac76d5,1,1775625332,,True,863,2026-04-08,train,1h,1775611800,included,1775611800,0,0.845,0.84,0.85,0.010000000000000009,0.84,18924.0,37
KXNBAGAME-26APR07DALLAC,KXNBAGAME-26APR07DALLAC-LAC,NBA,winner,Los Angeles C,Dallas,1775615400,2026-04-08T02:30:00+00:00,kalshi_milestone_start_date,2026-04-09T06:10:37.821643Z,ab64e4cc-d8fb-4fff-8409-9d9413ac76d5,1,1775625332,,True,863,2026-04-08,train,5m,1775615100,included,1775615100,0,0.845,0.84,0.85,0.010000000000000009,0.85,82005.0,54
KXNBAGAME-26APR07OKCLAL,KXNBAGAME-26APR07OKCLAL-LAL,NBA,winner,Los Angeles L,Oklahoma City,1775615400,2026-04-08T02:30:00+00:00,kalshi_milestone_start_date,2026-04-09T06:10:37.722096Z,41ab99e8-3b65-4073-9c57-8b3746772e8f,0,1775624372,,True,1423,2026-04-08,train,24h,1775529000,included,1775529000,0,0.08499999999999999,0.08,0.09,0.009999999999999995,0.09,4905.0,43
KXNBAGAME-26APR07OKCLAL,KXNBAGAME-26APR07OKCLAL-LAL,NBA,winner,Los Angeles L,Oklahoma City,1775615400,2026-04-08T02:30:00+00:00,kalshi_milestone_start_date,2026-04-09T06:10:37.722096Z,41ab99e8-3b65-4073-9c57-8b3746772e8f,0,1775624372,,True,1423,2026-04-08,train,6h,1775593800,included,1775593800,0,0.065,0.06,0.07,0.010000000000000009,0.07,60207.0,59
KXNBAGAME-26APR07OKCLAL,KXNBAGAME-26APR07OKCLAL-LAL,NBA,winner,Los Angeles L,Oklahoma City,1775615400,2026-04-08T02:30:00+00:00,kalshi_milestone_start_date,2026-04-09T06:10:37.722096Z,41ab99e8-3b65-4073-9c57-8b3746772e8f,0,1775624372,,True,1423,2026-04-08,train,1h,1775611800,included,1775611800,0,0.065,0.06,0.07,0.010000000000000009,0.07,189381.0,60
KXNBAGAME-26APR07OKCLAL,KXNBAGAME-26APR07OKCLAL-LAL,NBA,winner,Los Angeles L,Oklahoma City,1775615400,2026-04-08T02:30:00+00:00,kalshi_milestone_start_date,2026-04-09T06:10:37.722096Z,41ab99e8-3b65-4073-9c57-8b3746772e8f,0,1775624372,,True,1423,2026-04-08,train,5m,1775615100,included,1775615100,0,0.055,0.05,0.06,0.009999999999999995,0.06,502923.0,60
KXNBAGAME-26APR07HOUPHX,KXNBAGAME-26APR07HOUPHX-PHX,NBA,winner,Phoenix,Houston,1775617200,2026-04-08T03:00:00+00:00,kalshi_milestone_start_date,2026-04-09T16:11:20.530228Z,1ac1028f-3970-4128-b41f-ccd7a6c2c935,0,1775627703,,True,1092,2026-04-08,train,24h,1775530800,included,1775530800,0,0.495,0.49,0.5,0.010000000000000009,,3098.0,9
KXNBAGAME-26APR07HOUPHX,KXNBAGAME-26APR07HOUPHX-PHX,NBA,winner,Phoenix,Houston,1775617200,2026-04-08T03:00:00+00:00,kalshi_milestone_start_date,2026-04-09T16:11:20.530228Z,1ac1028f-3970-4128-b41f-ccd7a6c2c935,0,1775627703,,True,1092,2026-04-08,train,6h,1775595600,included,1775595600,0,0.505,0.5,0.51,0.010000000000000009,0.51,41575.0,42
KXNBAGAME-26APR07HOUPHX,KXNBAGAME-26APR07HOUPHX-PHX,NBA,winner,Phoenix,Houston,1775617200,2026-04-08T03:00:00+00:00,kalshi_milestone_start_date,2026-04-09T16:11:20.530228Z,1ac1028f-3970-4128-b41f-ccd7a6c2c935,0,1775627703,,True,1092,2026-04-08,train,1h,1775613600,included,1775613600,0,0.485,0.48,0.49,0.010000000000000009,0.49,33890.0,55
KXNBAGAME-26APR07HOUPHX,KXNBAGAME-26APR07HOUPHX-PHX,NBA,winner,Phoenix,Houston,1775617200,2026-04-08T03:00:00+00:00,kalshi_milestone_start_date,2026-04-09T16:11:20.530228Z,1ac1028f-3970-4128-b41f-ccd7a6c2c935,0,1775627703,,True,1092,2026-04-08,train,5m,1775616900,included,1775616900,0,0.475,0.47,0.48,0.010000000000000009,0.48,386795.0,60
KXNBAGAME-26APR08ATLCLE,KXNBAGAME-26APR08ATLCLE-CLE,NBA,winner,Cleveland,Atlanta,1775689200,2026-04-08T23:00:00+00:00,kalshi_milestone_start_date,2026-04-10T16:59:57.191148Z,a5537eec-87fe-44e8-aa2f-597503629e9e,1,1775699143,,True,1282,2026-04-08,train,24h,1775602800,included,1775602800,0,0.55,0.54,0.56,0.020000000000000018,,1505.0,15
KXNBAGAME-26APR08ATLCLE,KXNBAGAME-26APR08ATLCLE-CLE,NBA,winner,Cleveland,Atlanta,1775689200,2026-04-08T23:00:00+00:00,kalshi_milestone_start_date,2026-04-10T16:59:57.191148Z,a5537eec-87fe-44e8-aa2f-597503629e9e,1,1775699143,,True,1282,2026-04-08,train,6h,1775667600,included,1775667600,0,0.535,0.53,0.54,0.010000000000000009,0.54,11138.0,52
KXNBAGAME-26APR08ATLCLE,KXNBAGAME-26APR08ATLCLE-CLE,NBA,winner,Cleveland,Atlanta,1775689200,2026-04-08T23:00:00+00:00,kalshi_milestone_start_date,2026-04-10T16:59:57.191148Z,a5537eec-87fe-44e8-aa2f-597503629e9e,1,1775699143,,True,1282,2026-04-08,train,1h,1775685600,included,1775685600,0,0.585,0.58,0.59,0.010000000000000009,0.59,172067.0,60
KXNBAGAME-26APR08ATLCLE,KXNBAGAME-26APR08ATLCLE-CLE,NBA,winner,Cleveland,Atlanta,1775689200,2026-04-08T23:00:00+00:00,kalshi_milestone_start_date,2026-04-10T16:59:57.191148Z,a5537eec-87fe-44e8-aa2f-597503629e9e,1,1775699143,,True,1282,2026-04-08,train,5m,1775688900,included,1775688900,0,0.615,0.61,0.62,0.010000000000000009,0.62,484015.0,60
KXNBAGAME-26APR08MILDET,KXNBAGAME-26APR08MILDET-DET,NBA,winner,Detroit,Milwaukee,1775689200,2026-04-08T23:00:00+00:00,kalshi_milestone_start_date,2026-04-10T03:22:07.731211Z,2c203cba-5307-4cfb-a3c5-ea76bd414e8a,1,1775699382,,True,1052,2026-04-08,train,24h,1775602800,included,1775602800,0,0.905,0.9,0.91,0.010000000000000009,0.91,116.0,7
KXNBAGAME-26APR08MILDET,KXNBAGAME-26APR08MILDET-DET,NBA,winner,Detroit,Milwaukee,1775689200,2026-04-08T23:00:00+00:00,kalshi_milestone_start_date,2026-04-10T03:22:07.731211Z,2c203cba-5307-4cfb-a3c5-ea76bd414e8a,1,1775699382,,True,1052,2026-04-08,train,6h,1775667600,included,1775667540,60,0.955,0.95,0.96,0.010000000000000009,,16662.0,38
KXNBAGAME-26APR08MILDET,KXNBAGAME-26APR08MILDET-DET,NBA,winner,Detroit,Milwaukee,1775689200,2026-04-08T23:00:00+00:00,kalshi_milestone_start_date,2026-04-10T03:22:07.731211Z,2c203cba-5307-4cfb-a3c5-ea76bd414e8a,1,1775699382,,True,1052,2026-04-08,train,1h,1775685600,included,1775685600,0,0.955,0.95,0.96,0.010000000000000009,0.95,8050.0,41
KXNBAGAME-26APR08MILDET,KXNBAGAME-26APR08MILDET-DET,NBA,winner,Detroit,Milwaukee,1775689200,2026-04-08T23:00:00+00:00,kalshi_milestone_start_date,2026-04-10T03:22:07.731211Z,2c203cba-5307-4cfb-a3c5-ea76bd414e8a,1,1775699382,,True,1052,2026-04-08,train,5m,1775688900,included,1775688900,0,0.955,0.95,0.96,0.010000000000000009,0.96,220732.0,46
KXNBAGAME-26APR08MINORL,KXNBAGAME-26APR08MINORL-ORL,NBA,winner,Orlando,Minnesota,1775689200,2026-04-08T23:00:00+00:00,kalshi_milestone_start_date,2026-04-10T03:22:07.785314Z,ef9ceb3b-a216-4877-bbad-0548519cba2f,1,1775698662,,True,1096,2026-04-08,train,24h,1775602800,included,1775602800,0,0.61,0.59,0.63,0.040000000000000036,,98.0,5
KXNBAGAME-26APR08MINORL,KXNBAGAME-26APR08MINORL-ORL,NBA,winner,Orlando,Minnesota,1775689200,2026-04-08T23:00:00+00:00,kalshi_milestone_start_date,2026-04-10T03:22:07.785314Z,ef9ceb3b-a216-4877-bbad-0548519cba2f,1,1775698662,,True,1096,2026-04-08,train,6h,1775667600,included,1775667600,0,0.765,0.76,0.77,0.010000000000000009,0.77,41698.0,42
KXNBAGAME-26APR08MINORL,KXNBAGAME-26APR08MINORL-ORL,NBA,winner,Orlando,Minnesota,1775689200,2026-04-08T23:00:00+00:00,kalshi_milestone_start_date,2026-04-10T03:22:07.785314Z,ef9ceb3b-a216-4877-bbad-0548519cba2f,1,1775698662,,True,1096,2026-04-08,train,1h,1775685600,included,1775685600,0,0.785,0.78,0.79,0.010000000000000009,0.79,165824.0,59
KXNBAGAME-26APR08MINORL,KXNBAGAME-26APR08MINORL-ORL,NBA,winner,Orlando,Minnesota,1775689200,2026-04-08T23:00:00+00:00,kalshi_milestone_start_date,2026-04-10T03:22:07.785314Z,ef9ceb3b-a216-4877-bbad-0548519cba2f,1,1775698662,,True,1096,2026-04-08,train,5m,1775688900,included,1775688900,0,0.815,0.81,0.82,0.009999999999999898,0.82,425404.0,59
KXNBAGAME-26APR08MEMDEN,KXNBAGAME-26APR08MEMDEN-DEN,NBA,winner,Denver,Memphis,1775696400,2026-04-09T01:00:00+00:00,kalshi_milestone_start_date,2026-04-10T16:59:57.20184Z,a8af9bcd-f920-46bc-ab0f-4e80e17c5601,1,1775705732,,True,926,2026-04-09,train,24h,1775610000,included,1775609940,60,0.945,0.94,0.95,0.010000000000000009,,13.0,3
KXNBAGAME-26APR08MEMDEN,KXNBAGAME-26APR08MEMDEN-DEN,NBA,winner,Denver,Memphis,1775696400,2026-04-09T01:00:00+00:00,kalshi_milestone_start_date,2026-04-10T16:59:57.20184Z,a8af9bcd-f920-46bc-ab0f-4e80e17c5601,1,1775705732,,True,926,2026-04-09,train,6h,1775674800,included,1775674740,60,0.975,0.97,0.98,0.010000000000000009,0.97,5118.0,13
KXNBAGAME-26APR08MEMDEN,KXNBAGAME-26APR08MEMDEN-DEN,NBA,winner,Denver,Memphis,1775696400,2026-04-09T01:00:00+00:00,kalshi_milestone_start_date,2026-04-10T16:59:57.20184Z,a8af9bcd-f920-46bc-ab0f-4e80e17c5601,1,1775705732,,True,926,2026-04-09,train,1h,1775692800,included,1775692800,0,0.975,0.97,0.98,0.010000000000000009,,4319.0,26
KXNBAGAME-26APR08MEMDEN,KXNBAGAME-26APR08MEMDEN-DEN,NBA,winner,Denver,Memphis,1775696400,2026-04-09T01:00:00+00:00,kalshi_milestone_start_date,2026-04-10T16:59:57.20184Z,a8af9bcd-f920-46bc-ab0f-4e80e17c5601,1,1775705732,,True,926,2026-04-09,train,5m,1775696100,included,1775696100,0,0.975,0.97,0.98,0.010000000000000009,0.98,2528.0,44
KXNBAGAME-26APR08PORSAS,KXNBAGAME-26APR08PORSAS-SAS,NBA,winner,San Antonio,Portland,1775698200,2026-04-09T01:30:00+00:00,kalshi_milestone_start_date,2026-04-10T14:11:22.535014Z,b619f56c-3803-4104-a0d6-cf67ca7cd5b3,1,1775708162,,True,1313,2026-04-09,train,24h,1775611800,included,1775611740,60,0.605,0.6,0.61,0.010000000000000009,0.61,5199.0,23
KXNBAGAME-26APR08PORSAS,KXNBAGAME-26APR08PORSAS-SAS,NBA,winner,San Antonio,Portland,1775698200,2026-04-09T01:30:00+00:00,kalshi_milestone_start_date,2026-04-10T14:11:22.535014Z,b619f56c-3803-4104-a0d6-cf67ca7cd5b3,1,1775708162,,True,1313,2026-04-09,train,6h,1775676600,included,1775676600,0,0.595,0.59,0.6,0.010000000000000009,0.6,41451.0,60
KXNBAGAME-26APR08PORSAS,KXNBAGAME-26APR08PORSAS-SAS,NBA,winner,San Antonio,Portland,1775698200,2026-04-09T01:30:00+00:00,kalshi_milestone_start_date,2026-04-10T14:11:22.535014Z,b619f56c-3803-4104-a0d6-cf67ca7cd5b3,1,1775708162,,True,1313,2026-04-09,train,1h,1775694600,included,1775694600,0,0.605,0.6,0.61,0.010000000000000009,0.61,122818.0,60
KXNBAGAME-26APR08PORSAS,KXNBAGAME-26APR08PORSAS-SAS,NBA,winner,San Antonio,Portland,1775698200,2026-04-09T01:30:00+00:00,kalshi_milestone_start_date,2026-04-10T14:11:22.535014Z,b619f56c-3803-4104-a0d6-cf67ca7cd5b3,1,1775708162,,True,1313,2026-04-09,train,5m,1775697900,included,1775697900,0,0.595,0.59,0.6,0.010000000000000009,0.6,448577.0,60
KXNBAGAME-26APR08DALPHX,KXNBAGAME-26APR08DALPHX-PHX,NBA,winner,Phoenix,Dallas,1775700000,2026-04-09T02:00:00+00:00,kalshi_milestone_start_date,2026-04-10T07:10:51.214424Z,f24213dc-b706-4687-8cf8-b4550868dfd1,1,1775709742,,True,943,2026-04-09,train,6h,1775678400,included,1775678400,0,0.845,0.84,0.85,0.010000000000000009,,2766.0,28
KXNBAGAME-26APR08DALPHX,KXNBAGAME-26APR08DALPHX-PHX,NBA,winner,Phoenix,Dallas,1775700000,2026-04-09T02:00:00+00:00,kalshi_milestone_start_date,2026-04-10T07:10:51.214424Z,f24213dc-b706-4687-8cf8-b4550868dfd1,1,1775709742,,True,943,2026-04-09,train,1h,1775696400,included,1775696400,0,0.855,0.85,0.86,0.010000000000000009,0.86,15777.0,51
KXNBAGAME-26APR08DALPHX,KXNBAGAME-26APR08DALPHX-PHX,NBA,winner,Phoenix,Dallas,1775700000,2026-04-09T02:00:00+00:00,kalshi_milestone_start_date,2026-04-10T07:10:51.214424Z,f24213dc-b706-4687-8cf8-b4550868dfd1,1,1775709742,,True,943,2026-04-09,train,5m,1775699700,included,1775699700,0,0.855,0.85,0.86,0.010000000000000009,0.86,40453.0,55
KXNBAGAME-26APR08OKCLAC,KXNBAGAME-26APR08OKCLAC-LAC,NBA,winner,Los Angeles C,Oklahoma City,1775700000,2026-04-09T02:00:00+00:00,kalshi_milestone_start_date,2026-04-10T07:10:51.217116Z,7383b19a-6995-4cae-852b-ee2f066043fc,0,1775709352,,True,1093,2026-04-09,train,24h,1775613600,included,1775613480,120,0.325,0.32,0.33,0.010000000000000009,,67.0,3
KXNBAGAME-26APR08OKCLAC,KXNBAGAME-26APR08OKCLAC-LAC,NBA,winner,Los Angeles C,Oklahoma City,1775700000,2026-04-09T02:00:00+00:00,kalshi_milestone_start_date,2026-04-10T07:10:51.217116Z,7383b19a-6995-4cae-852b-ee2f066043fc,0,1775709352,,True,1093,2026-04-09,train,6h,1775678400,included,1775678400,0,0.305,0.3,0.31,0.010000000000000009,0.3,1887.0,25
KXNBAGAME-26APR08OKCLAC,KXNBAGAME-26APR08OKCLAC-LAC,NBA,winner,Los Angeles C,Oklahoma City,1775700000,2026-04-09T02:00:00+00:00,kalshi_milestone_start_date,2026-04-10T07:10:51.217116Z,7383b19a-6995-4cae-852b-ee2f066043fc,0,1775709352,,True,1093,2026-04-09,train,1h,1775696400,included,1775696400,0,0.255,0.25,0.26,0.010000000000000009,0.26,23456.0,52
KXNBAGAME-26APR08OKCLAC,KXNBAGAME-26APR08OKCLAC-LAC,NBA,winner,Los Angeles C,Oklahoma City,1775700000,2026-04-09T02:00:00+00:00,kalshi_milestone_start_date,2026-04-10T07:10:51.217116Z,7383b19a-6995-4cae-852b-ee2f066043fc,0,1775709352,,True,1093,2026-04-09,train,5m,1775699700,included,1775699700,0,0.245,0.24,0.25,0.010000000000000009,0.25,43448.0,60
KXNBAGAME-26APR09CHIWAS,KXNBAGAME-26APR09CHIWAS-WAS,NBA,winner,Washington,Chicago,1775775600,2026-04-09T23:00:00+00:00,kalshi_milestone_start_date,2026-04-11T14:03:54.354073Z,fc11c917-7813-4131-ae25-8cd6dc491b9b,0,1775785074,,True,698,2026-04-09,train,6h,1775754000,included,1775754000,0,0.305,0.3,0.31,0.010000000000000009,0.31,1013.0,18
KXNBAGAME-26APR09CHIWAS,KXNBAGAME-26APR09CHIWAS-WAS,NBA,winner,Washington,Chicago,1775775600,2026-04-09T23:00:00+00:00,kalshi_milestone_start_date,2026-04-11T14:03:54.354073Z,fc11c917-7813-4131-ae25-8cd6dc491b9b,0,1775785074,,True,698,2026-04-09,train,1h,1775772000,included,1775772000,0,0.295,0.29,0.3,0.010000000000000009,0.3,6815.0,51
KXNBAGAME-26APR09CHIWAS,KXNBAGAME-26APR09CHIWAS-WAS,NBA,winner,Washington,Chicago,1775775600,2026-04-09T23:00:00+00:00,kalshi_milestone_start_date,2026-04-11T14:03:54.354073Z,fc11c917-7813-4131-ae25-8cd6dc491b9b,0,1775785074,,True,698,2026-04-09,train,5m,1775775300,included,1775775300,0,0.28500000000000003,0.28,0.29,0.009999999999999953,0.29,21885.0,55
KXNBAGAME-26APR09MIATOR,KXNBAGAME-26APR09MIATOR-TOR,NBA,winner,Toronto,Miami,1775775600,2026-04-09T23:00:00+00:00,kalshi_milestone_start_date,2026-04-11T02:49:38.698613Z,e74d4641-f16c-478b-bc2e-e06a9bff4d55,1,1775785664,,True,1141,2026-04-09,train,6h,1775754000,included,1775754000,0,0.6,0.59,0.61,0.020000000000000018,0.61,17541.0,53
KXNBAGAME-26APR09MIATOR,KXNBAGAME-26APR09MIATOR-TOR,NBA,winner,Toronto,Miami,1775775600,2026-04-09T23:00:00+00:00,kalshi_milestone_start_date,2026-04-11T02:49:38.698613Z,e74d4641-f16c-478b-bc2e-e06a9bff4d55,1,1775785664,,True,1141,2026-04-09,train,1h,1775772000,included,1775772000,0,0.605,0.6,0.61,0.010000000000000009,0.61,126893.0,60
KXNBAGAME-26APR09MIATOR,KXNBAGAME-26APR09MIATOR-TOR,NBA,winner,Toronto,Miami,1775775600,2026-04-09T23:00:00+00:00,kalshi_milestone_start_date,2026-04-11T02:49:38.698613Z,e74d4641-f16c-478b-bc2e-e06a9bff4d55,1,1775785664,,True,1141,2026-04-09,train,5m,1775775300,included,1775775300,0,0.605,0.6,0.61,0.010000000000000009,0.61,198363.0,60
KXNBAGAME-26APR09BOSNYK,KXNBAGAME-26APR09BOSNYK-NYK,NBA,winner,New York,Boston,1775777400,2026-04-09T23:30:00+00:00,kalshi_milestone_start_date,2026-04-11T14:59:34.675503Z,252c5bab-4f68-4e38-be20-bdf26783c944,1,1775786624,,True,1141,2026-04-09,train,24h,1775691000,included,1775691000,0,0.52,0.5,0.54,0.040000000000000036,0.55,2515.0,26
KXNBAGAME-26APR09BOSNYK,KXNBAGAME-26APR09BOSNYK-NYK,NBA,winner,New York,Boston,1775777400,2026-04-09T23:30:00+00:00,kalshi_milestone_start_date,2026-04-11T14:59:34.675503Z,252c5bab-4f68-4e38-be20-bdf26783c944,1,1775786624,,True,1141,2026-04-09,train,6h,1775755800,included,1775755800,0,0.645,0.64,0.65,0.010000000000000009,0.65,168863.0,58
KXNBAGAME-26APR09BOSNYK,KXNBAGAME-26APR09BOSNYK-NYK,NBA,winner,New York,Boston,1775777400,2026-04-09T23:30:00+00:00,kalshi_milestone_start_date,2026-04-11T14:59:34.675503Z,252c5bab-4f68-4e38-be20-bdf26783c944,1,1775786624,,True,1141,2026-04-09,train,1h,1775773800,included,1775773800,0,0.625,0.62,0.63,0.010000000000000009,0.62,201506.0,60
KXNBAGAME-26APR09BOSNYK,KXNBAGAME-26APR09BOSNYK-NYK,NBA,winner,New York,Boston,1775777400,2026-04-09T23:30:00+00:00,kalshi_milestone_start_date,2026-04-11T14:59:34.675503Z,252c5bab-4f68-4e38-be20-bdf26783c944,1,1775786624,,True,1141,2026-04-09,train,5m,1775777100,included,1775777100,0,0.605,0.6,0.61,0.010000000000000009,0.61,257139.0,60
KXNBAGAME-26APR09INDBKN,KXNBAGAME-26APR09INDBKN-BKN,NBA,winner,Brooklyn,Indiana,1775777400,2026-04-09T23:30:00+00:00,kalshi_milestone_start_date,2026-04-11T02:49:38.714255Z,39056db6-caca-4381-b8f2-079967b92990,0,1775786384,,True,982,2026-04-09,train,6h,1775755800,included,1775755800,0,0.405,0.4,0.41,0.009999999999999953,0.4,1135.0,24
KXNBAGAME-26APR09INDBKN,KXNBAGAME-26APR09INDBKN-BKN,NBA,winner,Brooklyn,Indiana,1775777400,2026-04-09T23:30:00+00:00,kalshi_milestone_start_date,2026-04-11T02:49:38.714255Z,39056db6-caca-4381-b8f2-079967b92990,0,1775786384,,True,982,2026-04-09,train,1h,1775773800,included,1775773800,0,0.415,0.41,0.42,0.010000000000000009,0.42,57361.0,51
KXNBAGAME-26APR09INDBKN,KXNBAGAME-26APR09INDBKN-BKN,NBA,winner,Brooklyn,Indiana,1775777400,2026-04-09T23:30:00+00:00,kalshi_milestone_start_date,2026-04-11T02:49:38.714255Z,39056db6-caca-4381-b8f2-079967b92990,0,1775786384,,True,982,2026-04-09,train,5m,1775777100,included,1775777100,0,0.405,0.4,0.41,0.009999999999999953,0.41,32063.0,56
KXNBAGAME-26APR09PHIHOU,KXNBAGAME-26APR09PHIHOU-HOU,NBA,winner,Houston,Philadelphia,1775779200,2026-04-10T00:00:00+00:00,kalshi_milestone_start_date,2026-04-11T04:57:37.586347Z,1c20c034-7d24-4fa9-831a-41c3721ed40e,1,1775789534,,True,1133,2026-04-10,train,6h,1775757600,included,1775757600,0,0.665,0.66,0.67,0.010000000000000009,0.67,126851.0,58
KXNBAGAME-26APR09PHIHOU,KXNBAGAME-26APR09PHIHOU-HOU,NBA,winner,Houston,Philadelphia,1775779200,2026-04-10T00:00:00+00:00,kalshi_milestone_start_date,2026-04-11T04:57:37.586347Z,1c20c034-7d24-4fa9-831a-41c3721ed40e,1,1775789534,,True,1133,2026-04-10,train,1h,1775775600,included,1775775600,0,0.685,0.68,0.69,0.009999999999999898,0.69,134863.0,60
KXNBAGAME-26APR09PHIHOU,KXNBAGAME-26APR09PHIHOU-HOU,NBA,winner,Houston,Philadelphia,1775779200,2026-04-10T00:00:00+00:00,kalshi_milestone_start_date,2026-04-11T04:57:37.586347Z,1c20c034-7d24-4fa9-831a-41c3721ed40e,1,1775789534,,True,1133,2026-04-10,train,5m,1775778900,included,1775778900,0,0.695,0.69,0.7,0.010000000000000009,0.7,97739.0,60
KXNBAGAME-26APR09LALGSW,KXNBAGAME-26APR09LALGSW-GSW,NBA,winner,Golden State,Los Angeles L,1775786400,2026-04-10T02:00:00+00:00,kalshi_milestone_start_date,2026-04-11T14:59:34.67006Z,c8240e91-aee6-44af-b77c-f60a49105fc2,0,1775795974,,True,1217,2026-04-10,train,24h,1775700000,included,1775700000,0,0.645,0.63,0.66,0.030000000000000027,,674.0,20
KXNBAGAME-26APR09LALGSW,KXNBAGAME-26APR09LALGSW-GSW,NBA,winner,Golden State,Los Angeles L,1775786400,2026-04-10T02:00:00+00:00,kalshi_milestone_start_date,2026-04-11T14:59:34.67006Z,c8240e91-aee6-44af-b77c-f60a49105fc2,0,1775795974,,True,1217,2026-04-10,train,6h,1775764800,included,1775764800,0,0.555,0.55,0.56,0.010000000000000009,0.56,29096.0,57
KXNBAGAME-26APR09LALGSW,KXNBAGAME-26APR09LALGSW-GSW,NBA,winner,Golden State,Los Angeles L,1775786400,2026-04-10T02:00:00+00:00,kalshi_milestone_start_date,2026-04-11T14:59:34.67006Z,c8240e91-aee6-44af-b77c-f60a49105fc2,0,1775795974,,True,1217,2026-04-10,train,1h,1775782800,included,1775782800,0,0.525,0.52,0.53,0.010000000000000009,0.53,112772.0,60
KXNBAGAME-26APR09LALGSW,KXNBAGAME-26APR09LALGSW-GSW,NBA,winner,Golden State,Los Angeles L,1775786400,2026-04-10T02:00:00+00:00,kalshi_milestone_start_date,2026-04-11T14:59:34.67006Z,c8240e91-aee6-44af-b77c-f60a49105fc2,0,1775795974,,True,1217,2026-04-10,train,5m,1775786100,included,1775786100,0,0.525,0.52,0.53,0.010000000000000009,0.53,264512.0,60
KXNBAGAME-26APR10CLEATL,KXNBAGAME-26APR10CLEATL-ATL,NBA,winner,Atlanta,Cleveland,1775862000,2026-04-10T23:00:00+00:00,kalshi_milestone_start_date,2026-04-14T16:58:33.756776Z,a6cac80b-3b21-440d-be06-7432fea23b73,1,1775871589,,True,1166,2026-04-10,train,24h,1775775600,included,1775775600,0,0.69,0.68,0.7,0.019999999999999907,,315.0,15
KXNBAGAME-26APR10CLEATL,KXNBAGAME-26APR10CLEATL-ATL,NBA,winner,Atlanta,Cleveland,1775862000,2026-04-10T23:00:00+00:00,kalshi_milestone_start_date,2026-04-14T16:58:33.756776Z,a6cac80b-3b21-440d-be06-7432fea23b73,1,1775871589,,True,1166,2026-04-10,train,6h,1775840400,included,1775840340,60,0.75,0.74,0.76,0.020000000000000018,0.76,23219.0,49
KXNBAGAME-26APR10CLEATL,KXNBAGAME-26APR10CLEATL-ATL,NBA,winner,Atlanta,Cleveland,1775862000,2026-04-10T23:00:00+00:00,kalshi_milestone_start_date,2026-04-14T16:58:33.756776Z,a6cac80b-3b21-440d-be06-7432fea23b73,1,1775871589,,True,1166,2026-04-10,train,1h,1775858400,included,1775858400,0,0.755,0.75,0.76,0.010000000000000009,0.76,77072.0,56
KXNBAGAME-26APR10CLEATL,KXNBAGAME-26APR10CLEATL-ATL,NBA,winner,Atlanta,Cleveland,1775862000,2026-04-10T23:00:00+00:00,kalshi_milestone_start_date,2026-04-14T16:58:33.756776Z,a6cac80b-3b21-440d-be06-7432fea23b73,1,1775871589,,True,1166,2026-04-10,train,5m,1775861700,included,1775861700,0,0.755,0.75,0.76,0.010000000000000009,0.76,330820.0,59
KXNBAGAME-26APR10DETCHA,KXNBAGAME-26APR10DETCHA-CHA,NBA,winner,Charlotte,Detroit,1775862000,2026-04-10T23:00:00+00:00,kalshi_milestone_start_date,2026-04-12T03:57:37.718279Z,69f2a537-e7e6-44d6-8fdf-8d112221d7b5,0,1775872090,,True,1248,2026-04-10,train,24h,1775775600,included,1775775600,0,0.585,0.58,0.59,0.010000000000000009,,751.0,11
KXNBAGAME-26APR10DETCHA,KXNBAGAME-26APR10DETCHA-CHA,NBA,winner,Charlotte,Detroit,1775862000,2026-04-10T23:00:00+00:00,kalshi_milestone_start_date,2026-04-12T03:57:37.718279Z,69f2a537-e7e6-44d6-8fdf-8d112221d7b5,0,1775872090,,True,1248,2026-04-10,train,6h,1775840400,included,1775840400,0,0.645,0.64,0.65,0.010000000000000009,0.65,10834.0,55
KXNBAGAME-26APR10DETCHA,KXNBAGAME-26APR10DETCHA-CHA,NBA,winner,Charlotte,Detroit,1775862000,2026-04-10T23:00:00+00:00,kalshi_milestone_start_date,2026-04-12T03:57:37.718279Z,69f2a537-e7e6-44d6-8fdf-8d112221d7b5,0,1775872090,,True,1248,2026-04-10,train,1h,1775858400,included,1775858400,0,0.655,0.65,0.66,0.010000000000000009,0.66,114779.0,60
KXNBAGAME-26APR10DETCHA,KXNBAGAME-26APR10DETCHA-CHA,NBA,winner,Charlotte,Detroit,1775862000,2026-04-10T23:00:00+00:00,kalshi_milestone_start_date,2026-04-12T03:57:37.718279Z,69f2a537-e7e6-44d6-8fdf-8d112221d7b5,0,1775872090,,True,1248,2026-04-10,train,5m,1775861700,included,1775861700,0,0.655,0.65,0.66,0.010000000000000009,0.66,166687.0,60
KXNBAGAME-26APR10MIAWAS,KXNBAGAME-26APR10MIAWAS-WAS,NBA,winner,Washington,Miami,1775862000,2026-04-10T23:00:00+00:00,kalshi_milestone_start_date,2026-04-12T03:57:37.654056Z,5ea0e628-b781-4102-9817-e43d067e12a1,0,1775871589,,True,1194,2026-04-10,train,24h,1775775600,included,1775775600,0,0.065,0.06,0.07,0.010000000000000009,0.07,3860.0,30
KXNBAGAME-26APR10MIAWAS,KXNBAGAME-26APR10MIAWAS-WAS,NBA,winner,Washington,Miami,1775862000,2026-04-10T23:00:00+00:00,kalshi_milestone_start_date,2026-04-12T03:57:37.654056Z,5ea0e628-b781-4102-9817-e43d067e12a1,0,1775871589,,True,1194,2026-04-10,train,6h,1775840400,included,1775840400,0,0.065,0.06,0.07,0.010000000000000009,0.07,27887.0,41
KXNBAGAME-26APR10MIAWAS,KXNBAGAME-26APR10MIAWAS-WAS,NBA,winner,Washington,Miami,1775862000,2026-04-10T23:00:00+00:00,kalshi_milestone_start_date,2026-04-12T03:57:37.654056Z,5ea0e628-b781-4102-9817-e43d067e12a1,0,1775871589,,True,1194,2026-04-10,train,1h,1775858400,included,1775858400,0,0.08,0.07,0.09,0.01999999999999999,0.09,85872.0,58
KXNBAGAME-26APR10MIAWAS,KXNBAGAME-26APR10MIAWAS-WAS,NBA,winner,Washington,Miami,1775862000,2026-04-10T23:00:00+00:00,kalshi_milestone_start_date,2026-04-12T03:57:37.654056Z,5ea0e628-b781-4102-9817-e43d067e12a1,0,1775871589,,True,1194,2026-04-10,train,5m,1775861700,included,1775861700,0,0.08499999999999999,0.08,0.09,0.009999999999999995,0.08,48886.0,58
KXNBAGAME-26APR10NOPBOS,KXNBAGAME-26APR10NOPBOS-BOS,NBA,winner,Boston,New Orleans,1775863800,2026-04-10T23:30:00+00:00,kalshi_milestone_start_date,2026-04-12T02:57:37.592439Z,b8264690-5d70-49e5-8dfd-6dbac6c5d6a4,1,1775873000,,True,977,2026-04-10,train,24h,1775777400,included,1775777340,60,0.905,0.9,0.91,0.010000000000000009,,120.0,4
KXNBAGAME-26APR10NOPBOS,KXNBAGAME-26APR10NOPBOS-BOS,NBA,winner,Boston,New Orleans,1775863800,2026-04-10T23:30:00+00:00,kalshi_milestone_start_date,2026-04-12T02:57:37.592439Z,b8264690-5d70-49e5-8dfd-6dbac6c5d6a4,1,1775873000,,True,977,2026-04-10,train,6h,1775842200,included,1775842200,0,0.925,0.92,0.93,0.010000000000000009,0.93,32956.0,30
KXNBAGAME-26APR10NOPBOS,KXNBAGAME-26APR10NOPBOS-BOS,NBA,winner,Boston,New Orleans,1775863800,2026-04-10T23:30:00+00:00,kalshi_milestone_start_date,2026-04-12T02:57:37.592439Z,b8264690-5d70-49e5-8dfd-6dbac6c5d6a4,1,1775873000,,True,977,2026-04-10,train,1h,1775860200,included,1775860200,0,0.935,0.93,0.94,0.009999999999999898,0.94,104914.0,43
KXNBAGAME-26APR10NOPBOS,KXNBAGAME-26APR10NOPBOS-BOS,NBA,winner,Boston,New Orleans,1775863800,2026-04-10T23:30:00+00:00,kalshi_milestone_start_date,2026-04-12T02:57:37.592439Z,b8264690-5d70-49e5-8dfd-6dbac6c5d6a4,1,1775873000,,True,977,2026-04-10,train,5m,1775863500,included,1775863500,0,0.935,0.93,0.94,0.009999999999999898,0.94,130103.0,52
KXNBAGAME-26APR10PHIIND,KXNBAGAME-26APR10PHIIND-IND,NBA,winner,Indiana,Philadelphia,1775863800,2026-04-10T23:30:00+00:00,kalshi_milestone_start_date,2026-04-12T03:57:37.642737Z,55bbc68e-fd3e-444e-b098-e20fcaacddac,0,1775872783,,True,1143,2026-04-10,train,24h,1775777400,included,1775777340,60,0.125,0.12,0.13,0.010000000000000009,,154.0,5
KXNBAGAME-26APR10PHIIND,KXNBAGAME-26APR10PHIIND-IND,NBA,winner,Indiana,Philadelphia,1775863800,2026-04-10T23:30:00+00:00,kalshi_milestone_start_date,2026-04-12T03:57:37.642737Z,55bbc68e-fd3e-444e-b098-e20fcaacddac,0,1775872783,,True,1143,2026-04-10,train,6h,1775842200,included,1775842200,0,0.095,0.09,0.1,0.010000000000000009,,3170.0,30
KXNBAGAME-26APR10PHIIND,KXNBAGAME-26APR10PHIIND-IND,NBA,winner,Indiana,Philadelphia,1775863800,2026-04-10T23:30:00+00:00,kalshi_milestone_start_date,2026-04-12T03:57:37.642737Z,55bbc68e-fd3e-444e-b098-e20fcaacddac,0,1775872783,,True,1143,2026-04-10,train,1h,1775860200,included,1775860200,0,0.10500000000000001,0.1,0.11,0.009999999999999995,0.11,65310.0,51
KXNBAGAME-26APR10PHIIND,KXNBAGAME-26APR10PHIIND-IND,NBA,winner,Indiana,Philadelphia,1775863800,2026-04-10T23:30:00+00:00,kalshi_milestone_start_date,2026-04-12T03:57:37.642737Z,55bbc68e-fd3e-444e-b098-e20fcaacddac,0,1775872783,,True,1143,2026-04-10,train,5m,1775863500,included,1775863500,0,0.10500000000000001,0.1,0.11,0.009999999999999995,0.11,24199.0,51
KXNBAGAME-26APR10TORNYK,KXNBAGAME-26APR10TORNYK-NYK,NBA,winner,New York,Toronto,1775863800,2026-04-10T23:30:00+00:00,kalshi_milestone_start_date,2026-04-12T03:57:37.623649Z,fd540e78-d459-4687-b79c-9ee0f66748b5,1,1775873050,,True,1162,2026-04-10,train,24h,1775777400,included,1775777340,60,0.63,0.62,0.64,0.020000000000000018,,86.0,4
KXNBAGAME-26APR10TORNYK,KXNBAGAME-26APR10TORNYK-NYK,NBA,winner,New York,Toronto,1775863800,2026-04-10T23:30:00+00:00,kalshi_milestone_start_date,2026-04-12T03:57:37.623649Z,fd540e78-d459-4687-b79c-9ee0f66748b5,1,1775873050,,True,1162,2026-04-10,train,6h,1775842200,included,1775842200,0,0.705,0.7,0.71,0.010000000000000009,0.71,19771.0,48
KXNBAGAME-26APR10TORNYK,KXNBAGAME-26APR10TORNYK-NYK,NBA,winner,New York,Toronto,1775863800,2026-04-10T23:30:00+00:00,kalshi_milestone_start_date,2026-04-12T03:57:37.623649Z,fd540e78-d459-4687-b79c-9ee0f66748b5,1,1775873050,,True,1162,2026-04-10,train,1h,1775860200,included,1775860200,0,0.695,0.69,0.7,0.010000000000000009,0.7,31732.0,60
KXNBAGAME-26APR10TORNYK,KXNBAGAME-26APR10TORNYK-NYK,NBA,winner,New York,Toronto,1775863800,2026-04-10T23:30:00+00:00,kalshi_milestone_start_date,2026-04-12T03:57:37.623649Z,fd540e78-d459-4687-b79c-9ee0f66748b5,1,1775873050,,True,1162,2026-04-10,train,5m,1775863500,included,1775863500,0,0.705,0.7,0.71,0.010000000000000009,0.71,161121.0,60
KXNBAGAME-26APR10BKNMIL,KXNBAGAME-26APR10BKNMIL-MIL,NBA,winner,Milwaukee,Brooklyn,1775865600,2026-04-11T00:00:00+00:00,kalshi_milestone_start_date,2026-04-12T03:57:37.724215Z,f6ff9b19-9462-4d62-9f23-947cd9ab7083,1,1775874960,,True,909,2026-04-11,train,6h,1775844000,included,1775844000,0,0.815,0.81,0.82,0.009999999999999898,0.82,4327.0,17
KXNBAGAME-26APR10BKNMIL,KXNBAGAME-26APR10BKNMIL-MIL,NBA,winner,Milwaukee,Brooklyn,1775865600,2026-04-11T00:00:00+00:00,kalshi_milestone_start_date,2026-04-12T03:57:37.724215Z,f6ff9b19-9462-4d62-9f23-947cd9ab7083,1,1775874960,,True,909,2026-04-11,train,1h,1775862000,included,1775862000,0,0.815,0.81,0.82,0.009999999999999898,0.82,3043.0,29
KXNBAGAME-26APR10BKNMIL,KXNBAGAME-26APR10BKNMIL-MIL,NBA,winner,Milwaukee,Brooklyn,1775865600,2026-04-11T00:00:00+00:00,kalshi_milestone_start_date,2026-04-12T03:57:37.724215Z,f6ff9b19-9462-4d62-9f23-947cd9ab7083,1,1775874960,,True,909,2026-04-11,train,5m,1775865300,included,1775865300,0,0.805,0.8,0.81,0.010000000000000009,0.81,7781.0,42
KXNBAGAME-26APR10DALSAS,KXNBAGAME-26APR10DALSAS-SAS,NBA,winner,San Antonio,Dallas,1775865600,2026-04-11T00:00:00+00:00,kalshi_milestone_start_date,2026-04-12T02:57:37.687415Z,ea8d4b25-a505-45ae-b15d-60725a8775c9,1,1775874959,,True,858,2026-04-11,train,24h,1775779200,included,1775779200,0,0.905,0.89,0.92,0.030000000000000027,,58.0,3
KXNBAGAME-26APR10DALSAS,KXNBAGAME-26APR10DALSAS-SAS,NBA,winner,San Antonio,Dallas,1775865600,2026-04-11T00:00:00+00:00,kalshi_milestone_start_date,2026-04-12T02:57:37.687415Z,ea8d4b25-a505-45ae-b15d-60725a8775c9,1,1775874959,,True,858,2026-04-11,train,6h,1775844000,included,1775844000,0,0.935,0.93,0.94,0.009999999999999898,0.94,3887.0,19
KXNBAGAME-26APR10DALSAS,KXNBAGAME-26APR10DALSAS-SAS,NBA,winner,San Antonio,Dallas,1775865600,2026-04-11T00:00:00+00:00,kalshi_milestone_start_date,2026-04-12T02:57:37.687415Z,ea8d4b25-a505-45ae-b15d-60725a8775c9,1,1775874959,,True,858,2026-04-11,train,1h,1775862000,included,1775862000,0,0.935,0.93,0.94,0.009999999999999898,,7013.0,34
KXNBAGAME-26APR10DALSAS,KXNBAGAME-26APR10DALSAS-SAS,NBA,winner,San Antonio,Dallas,1775865600,2026-04-11T00:00:00+00:00,kalshi_milestone_start_date,2026-04-12T02:57:37.687415Z,ea8d4b25-a505-45ae-b15d-60725a8775c9,1,1775874959,,True,858,2026-04-11,train,5m,1775865300,included,1775865300,0,0.935,0.93,0.94,0.009999999999999898,0.94,85556.0,43
KXNBAGAME-26APR10ORLCHI,KXNBAGAME-26APR10ORLCHI-CHI,NBA,winner,Chicago,Orlando,1775865600,2026-04-11T00:00:00+00:00,kalshi_milestone_start_date,2026-04-12T02:57:37.628281Z,0e7c8995-3767-4cda-8338-c242951dcfda,0,1775875110,,True,945,2026-04-11,train,24h,1775779200,included,1775779200,0,0.12,0.11,0.13,0.020000000000000004,0.13,322.0,5
KXNBAGAME-26APR10ORLCHI,KXNBAGAME-26APR10ORLCHI-CHI,NBA,winner,Chicago,Orlando,1775865600,2026-04-11T00:00:00+00:00,kalshi_milestone_start_date,2026-04-12T02:57:37.628281Z,0e7c8995-3767-4cda-8338-c242951dcfda,0,1775875110,,True,945,2026-04-11,train,6h,1775844000,included,1775844000,0,0.095,0.09,0.1,0.010000000000000009,0.1,10200.0,24
KXNBAGAME-26APR10ORLCHI,KXNBAGAME-26APR10ORLCHI-CHI,NBA,winner,Chicago,Orlando,1775865600,2026-04-11T00:00:00+00:00,kalshi_milestone_start_date,2026-04-12T02:57:37.628281Z,0e7c8995-3767-4cda-8338-c242951dcfda,0,1775875110,,True,945,2026-04-11,train,1h,1775862000,included,1775862000,0,0.095,0.09,0.1,0.010000000000000009,0.1,19300.0,48
KXNBAGAME-26APR10ORLCHI,KXNBAGAME-26APR10ORLCHI-CHI,NBA,winner,Chicago,Orlando,1775865600,2026-04-11T00:00:00+00:00,kalshi_milestone_start_date,2026-04-12T02:57:37.628281Z,0e7c8995-3767-4cda-8338-c242951dcfda,0,1775875110,,True,945,2026-04-11,train,5m,1775865300,included,1775865300,0,0.095,0.09,0.1,0.010000000000000009,0.1,23045.0,55
KXNBAGAME-26APR10OKCDEN,KXNBAGAME-26APR10OKCDEN-DEN,NBA,winner,Denver,Oklahoma City,1775869200,2026-04-11T01:00:00+00:00,kalshi_milestone_start_date,2026-04-12T04:57:37.58643Z,c19e2f1a-6aaa-4d3f-a947-6a10ec8313dc,1,1775878020,,True,1202,2026-04-11,train,24h,1775782800,included,1775782800,0,0.72,0.7,0.74,0.040000000000000036,,1796.0,19
KXNBAGAME-26APR10OKCDEN,KXNBAGAME-26APR10OKCDEN-DEN,NBA,winner,Denver,Oklahoma City,1775869200,2026-04-11T01:00:00+00:00,kalshi_milestone_start_date,2026-04-12T04:57:37.58643Z,c19e2f1a-6aaa-4d3f-a947-6a10ec8313dc,1,1775878020,,True,1202,2026-04-11,train,6h,1775847600,included,1775847600,0,0.825,0.82,0.83,0.010000000000000009,0.83,18430.0,45
KXNBAGAME-26APR10OKCDEN,KXNBAGAME-26APR10OKCDEN-DEN,NBA,winner,Denver,Oklahoma City,1775869200,2026-04-11T01:00:00+00:00,kalshi_milestone_start_date,2026-04-12T04:57:37.58643Z,c19e2f1a-6aaa-4d3f-a947-6a10ec8313dc,1,1775878020,,True,1202,2026-04-11,train,1h,1775865600,included,1775865600,0,0.565,0.56,0.57,0.009999999999999898,0.57,219716.0,60
KXNBAGAME-26APR10OKCDEN,KXNBAGAME-26APR10OKCDEN-DEN,NBA,winner,Denver,Oklahoma City,1775869200,2026-04-11T01:00:00+00:00,kalshi_milestone_start_date,2026-04-12T04:57:37.58643Z,c19e2f1a-6aaa-4d3f-a947-6a10ec8313dc,1,1775878020,,True,1202,2026-04-11,train,5m,1775868900,included,1775868900,0,0.555,0.55,0.56,0.010000000000000009,0.56,208718.0,60
KXNBAGAME-26APR10MEMUTA,KXNBAGAME-26APR10MEMUTA-UTA,NBA,winner,Utah,Memphis,1775871000,2026-04-11T01:30:00+00:00,kalshi_milestone_start_date,2026-04-12T04:57:37.580249Z,f0d555f2-4eac-4337-a242-13b61b8c0338,1,1775880140,,True,854,2026-04-11,train,24h,1775784600,included,1775784540,60,0.62,0.61,0.63,0.020000000000000018,,71.0,3
KXNBAGAME-26APR10MEMUTA,KXNBAGAME-26APR10MEMUTA-UTA,NBA,winner,Utah,Memphis,1775871000,2026-04-11T01:30:00+00:00,kalshi_milestone_start_date,2026-04-12T04:57:37.580249Z,f0d555f2-4eac-4337-a242-13b61b8c0338,1,1775880140,,True,854,2026-04-11,train,6h,1775849400,included,1775849400,0,0.595,0.59,0.6,0.010000000000000009,,1827.0,29
KXNBAGAME-26APR10MEMUTA,KXNBAGAME-26APR10MEMUTA-UTA,NBA,winner,Utah,Memphis,1775871000,2026-04-11T01:30:00+00:00,kalshi_milestone_start_date,2026-04-12T04:57:37.580249Z,f0d555f2-4eac-4337-a242-13b61b8c0338,1,1775880140,,True,854,2026-04-11,train,1h,1775867400,included,1775867400,0,0.595,0.59,0.6,0.010000000000000009,0.61,11824.0,49
KXNBAGAME-26APR10MEMUTA,KXNBAGAME-26APR10MEMUTA-UTA,NBA,winner,Utah,Memphis,1775871000,2026-04-11T01:30:00+00:00,kalshi_milestone_start_date,2026-04-12T04:57:37.580249Z,f0d555f2-4eac-4337-a242-13b61b8c0338,1,1775880140,,True,854,2026-04-11,train,5m,1775870700,included,1775870700,0,0.635,0.63,0.64,0.010000000000000009,0.64,22561.0,46
KXNBAGAME-26APR10MINHOU,KXNBAGAME-26APR10MINHOU-HOU,NBA,winner,Houston,Minnesota,1775871000,2026-04-11T01:30:00+00:00,kalshi_milestone_start_date,2026-04-12T13:58:09.539932Z,12f8f059-9b40-4e61-8743-adbd7d083ab3,0,1775881190,,True,1041,2026-04-11,train,24h,1775784600,included,1775784600,0,0.725,0.72,0.73,0.010000000000000009,0.72,321.0,9
KXNBAGAME-26APR10MINHOU,KXNBAGAME-26APR10MINHOU-HOU,NBA,winner,Houston,Minnesota,1775871000,2026-04-11T01:30:00+00:00,kalshi_milestone_start_date,2026-04-12T13:58:09.539932Z,12f8f059-9b40-4e61-8743-adbd7d083ab3,0,1775881190,,True,1041,2026-04-11,train,6h,1775849400,included,1775849400,0,0.815,0.81,0.82,0.009999999999999898,0.82,2452.0,30
KXNBAGAME-26APR10MINHOU,KXNBAGAME-26APR10MINHOU-HOU,NBA,winner,Houston,Minnesota,1775871000,2026-04-11T01:30:00+00:00,kalshi_milestone_start_date,2026-04-12T13:58:09.539932Z,12f8f059-9b40-4e61-8743-adbd7d083ab3,0,1775881190,,True,1041,2026-04-11,train,1h,1775867400,included,1775867400,0,0.805,0.8,0.81,0.010000000000000009,0.81,44477.0,50
KXNBAGAME-26APR10MINHOU,KXNBAGAME-26APR10MINHOU-HOU,NBA,winner,Houston,Minnesota,1775871000,2026-04-11T01:30:00+00:00,kalshi_milestone_start_date,2026-04-12T13:58:09.539932Z,12f8f059-9b40-4e61-8743-adbd7d083ab3,0,1775881190,,True,1041,2026-04-11,train,5m,1775870700,included,1775870700,0,0.805,0.8,0.81,0.010000000000000009,0.81,138170.0,57
KXNBAGAME-26APR10GSWSAC,KXNBAGAME-26APR10GSWSAC-SAC,NBA,winner,Sacramento,Golden State,1775872800,2026-04-11T02:00:00+00:00,kalshi_milestone_start_date,2026-04-12T05:58:32.209783Z,f37fbad8-655c-4c29-85ea-d48a0bc2d694,1,1775883780,,True,1080,2026-04-11,train,24h,1775786400,included,1775786340,60,0.15500000000000003,0.14,0.17,0.03,,403.0,14
KXNBAGAME-26APR10GSWSAC,KXNBAGAME-26APR10GSWSAC-SAC,NBA,winner,Sacramento,Golden State,1775872800,2026-04-11T02:00:00+00:00,kalshi_milestone_start_date,2026-04-12T05:58:32.209783Z,f37fbad8-655c-4c29-85ea-d48a0bc2d694,1,1775883780,,True,1080,2026-04-11,train,6h,1775851200,included,1775851200,0,0.185,0.18,0.19,0.010000000000000009,,7373.0,20
KXNBAGAME-26APR10GSWSAC,KXNBAGAME-26APR10GSWSAC-SAC,NBA,winner,Sacramento,Golden State,1775872800,2026-04-11T02:00:00+00:00,kalshi_milestone_start_date,2026-04-12T05:58:32.209783Z,f37fbad8-655c-4c29-85ea-d48a0bc2d694,1,1775883780,,True,1080,2026-04-11,train,1h,1775869200,included,1775869200,0,0.185,0.18,0.19,0.010000000000000009,0.19,9256.0,39
KXNBAGAME-26APR10GSWSAC,KXNBAGAME-26APR10GSWSAC-SAC,NBA,winner,Sacramento,Golden State,1775872800,2026-04-11T02:00:00+00:00,kalshi_milestone_start_date,2026-04-12T05:58:32.209783Z,f37fbad8-655c-4c29-85ea-d48a0bc2d694,1,1775883780,,True,1080,2026-04-11,train,5m,1775872500,included,1775872500,0,0.185,0.18,0.19,0.010000000000000009,0.19,81818.0,53
KXNBAGAME-26APR10LACPOR,KXNBAGAME-26APR10LACPOR-POR,NBA,winner,Portland,Los Angeles C,1775872800,2026-04-11T02:00:00+00:00,kalshi_milestone_start_date,2026-04-12T05:58:32.187568Z,785c51e5-253a-49b1-acdf-96c80de13c40,1,1775882540,,True,1097,2026-04-11,train,6h,1775851200,included,1775851200,0,0.525,0.52,0.53,0.010000000000000009,,2171.0,30
KXNBAGAME-26APR10LACPOR,KXNBAGAME-26APR10LACPOR-POR,NBA,winner,Portland,Los Angeles C,1775872800,2026-04-11T02:00:00+00:00,kalshi_milestone_start_date,2026-04-12T05:58:32.187568Z,785c51e5-253a-49b1-acdf-96c80de13c40,1,1775882540,,True,1097,2026-04-11,train,1h,1775869200,included,1775869200,0,0.525,0.52,0.53,0.010000000000000009,0.53,38838.0,53
KXNBAGAME-26APR10LACPOR,KXNBAGAME-26APR10LACPOR-POR,NBA,winner,Portland,Los Angeles C,1775872800,2026-04-11T02:00:00+00:00,kalshi_milestone_start_date,2026-04-12T05:58:32.187568Z,785c51e5-253a-49b1-acdf-96c80de13c40,1,1775882540,,True,1097,2026-04-11,train,5m,1775872500,included,1775872500,0,0.535,0.53,0.54,0.010000000000000009,0.54,119738.0,60
KXNBAGAME-26APR10PHXLAL,KXNBAGAME-26APR10PHXLAL-LAL,NBA,winner,Los Angeles L,Phoenix,1775874600,2026-04-11T02:30:00+00:00,kalshi_milestone_start_date,2026-04-12T05:58:32.212505Z,5d81e289-a35d-480d-ae2e-52c4da08e72a,1,1775885019,,True,1300,2026-04-11,train,24h,1775788200,included,1775788200,0,0.345,0.34,0.35,0.009999999999999953,,931.0,10
KXNBAGAME-26APR10PHXLAL,KXNBAGAME-26APR10PHXLAL-LAL,NBA,winner,Los Angeles L,Phoenix,1775874600,2026-04-11T02:30:00+00:00,kalshi_milestone_start_date,2026-04-12T05:58:32.212505Z,5d81e289-a35d-480d-ae2e-52c4da08e72a,1,1775885019,,True,1300,2026-04-11,train,6h,1775853000,included,1775853000,0,0.435,0.43,0.44,0.010000000000000009,0.44,22124.0,55
KXNBAGAME-26APR10PHXLAL,KXNBAGAME-26APR10PHXLAL-LAL,NBA,winner,Los Angeles L,Phoenix,1775874600,2026-04-11T02:30:00+00:00,kalshi_milestone_start_date,2026-04-12T05:58:32.212505Z,5d81e289-a35d-480d-ae2e-52c4da08e72a,1,1775885019,,True,1300,2026-04-11,train,1h,1775871000,included,1775871000,0,0.44,0.43,0.45,0.020000000000000018,0.45,134428.0,60
KXNBAGAME-26APR10PHXLAL,KXNBAGAME-26APR10PHXLAL-LAL,NBA,winner,Los Angeles L,Phoenix,1775874600,2026-04-11T02:30:00+00:00,kalshi_milestone_start_date,2026-04-12T05:58:32.212505Z,5d81e289-a35d-480d-ae2e-52c4da08e72a,1,1775885019,,True,1300,2026-04-11,train,5m,1775874300,included,1775874300,0,0.445,0.44,0.45,0.010000000000000009,0.45,670261.0,60
KXNBAGAME-26APR12ATLMIA,KXNBAGAME-26APR12ATLMIA-MIA,NBA,winner,Miami,Atlanta,1776031200,2026-04-12T22:00:00+00:00,kalshi_milestone_start_date,2026-04-14T01:57:37.595959Z,be041e88-d336-4c98-8355-9de8e24ac092,1,1776040160,,True,1144,2026-04-12,train,24h,1775944800,included,1775944800,0,0.455,0.45,0.46,0.010000000000000009,0.46,5950.0,32
KXNBAGAME-26APR12ATLMIA,KXNBAGAME-26APR12ATLMIA-MIA,NBA,winner,Miami,Atlanta,1776031200,2026-04-12T22:00:00+00:00,kalshi_milestone_start_date,2026-04-14T01:57:37.595959Z,be041e88-d336-4c98-8355-9de8e24ac092,1,1776040160,,True,1144,2026-04-12,train,6h,1776009600,included,1776009600,0,0.655,0.65,0.66,0.010000000000000009,,19334.0,45
KXNBAGAME-26APR12ATLMIA,KXNBAGAME-26APR12ATLMIA-MIA,NBA,winner,Miami,Atlanta,1776031200,2026-04-12T22:00:00+00:00,kalshi_milestone_start_date,2026-04-14T01:57:37.595959Z,be041e88-d336-4c98-8355-9de8e24ac092,1,1776040160,,True,1144,2026-04-12,train,1h,1776027600,included,1776027600,0,0.785,0.78,0.79,0.010000000000000009,0.79,200778.0,54
KXNBAGAME-26APR12ATLMIA,KXNBAGAME-26APR12ATLMIA-MIA,NBA,winner,Miami,Atlanta,1776031200,2026-04-12T22:00:00+00:00,kalshi_milestone_start_date,2026-04-14T01:57:37.595959Z,be041e88-d336-4c98-8355-9de8e24ac092,1,1776040160,,True,1144,2026-04-12,train,5m,1776030900,included,1776030900,0,0.795,0.79,0.8,0.010000000000000009,0.8,190826.0,56
KXNBAGAME-26APR12BKNTOR,KXNBAGAME-26APR12BKNTOR-TOR,NBA,winner,Toronto,Brooklyn,1776031200,2026-04-12T22:00:00+00:00,kalshi_milestone_start_date,2026-04-14T00:57:37.574669Z,a853e72e-847a-4b54-afab-0ad1249e2705,1,1776040930,,True,813,2026-04-12,train,24h,1775944800,included,1775944800,0,0.955,0.95,0.96,0.010000000000000009,0.96,1011.0,22
KXNBAGAME-26APR12BKNTOR,KXNBAGAME-26APR12BKNTOR-TOR,NBA,winner,Toronto,Brooklyn,1776031200,2026-04-12T22:00:00+00:00,kalshi_milestone_start_date,2026-04-14T00:57:37.574669Z,a853e72e-847a-4b54-afab-0ad1249e2705,1,1776040930,,True,813,2026-04-12,train,6h,1776009600,included,1776009600,0,0.965,0.96,0.97,0.010000000000000009,,3522.0,15
KXNBAGAME-26APR12BKNTOR,KXNBAGAME-26APR12BKNTOR-TOR,NBA,winner,Toronto,Brooklyn,1776031200,2026-04-12T22:00:00+00:00,kalshi_milestone_start_date,2026-04-14T00:57:37.574669Z,a853e72e-847a-4b54-afab-0ad1249e2705,1,1776040930,,True,813,2026-04-12,train,1h,1776027600,included,1776027600,0,0.975,0.97,0.98,0.010000000000000009,0.98,4918.0,15
KXNBAGAME-26APR12BKNTOR,KXNBAGAME-26APR12BKNTOR-TOR,NBA,winner,Toronto,Brooklyn,1776031200,2026-04-12T22:00:00+00:00,kalshi_milestone_start_date,2026-04-14T00:57:37.574669Z,a853e72e-847a-4b54-afab-0ad1249e2705,1,1776040930,,True,813,2026-04-12,train,5m,1776030900,included,1776030780,120,0.975,0.97,0.98,0.010000000000000009,0.97,5268.0,17
KXNBAGAME-26APR12CHANYK,KXNBAGAME-26APR12CHANYK-NYK,NBA,winner,New York,Charlotte,1776031200,2026-04-12T22:00:00+00:00,kalshi_milestone_start_date,2026-04-14T00:57:37.615924Z,96a499cb-88a5-4d72-8669-8e0162a77a95,0,1776040520,,True,1476,2026-04-12,train,24h,1775944800,included,1775944800,0,0.245,0.23,0.26,0.03,0.26,67392.0,59
KXNBAGAME-26APR12CHANYK,KXNBAGAME-26APR12CHANYK-NYK,NBA,winner,New York,Charlotte,1776031200,2026-04-12T22:00:00+00:00,kalshi_milestone_start_date,2026-04-14T00:57:37.615924Z,96a499cb-88a5-4d72-8669-8e0162a77a95,0,1776040520,,True,1476,2026-04-12,train,6h,1776009600,included,1776009600,0,0.135,0.13,0.14,0.010000000000000009,0.14,75001.0,59
KXNBAGAME-26APR12CHANYK,KXNBAGAME-26APR12CHANYK-NYK,NBA,winner,New York,Charlotte,1776031200,2026-04-12T22:00:00+00:00,kalshi_milestone_start_date,2026-04-14T00:57:37.615924Z,96a499cb-88a5-4d72-8669-8e0162a77a95,0,1776040520,,True,1476,2026-04-12,train,1h,1776027600,included,1776027600,0,0.125,0.12,0.13,0.010000000000000009,0.13,342138.0,60
KXNBAGAME-26APR12CHANYK,KXNBAGAME-26APR12CHANYK-NYK,NBA,winner,New York,Charlotte,1776031200,2026-04-12T22:00:00+00:00,kalshi_milestone_start_date,2026-04-14T00:57:37.615924Z,96a499cb-88a5-4d72-8669-8e0162a77a95,0,1776040520,,True,1476,2026-04-12,train,5m,1776030900,included,1776030900,0,0.125,0.12,0.13,0.010000000000000009,0.13,171769.0,60
KXNBAGAME-26APR12DETIND,KXNBAGAME-26APR12DETIND-IND,NBA,winner,Indiana,Detroit,1776031200,2026-04-12T22:00:00+00:00,kalshi_milestone_start_date,2026-04-14T01:57:37.579552Z,b830172d-270b-44db-aa93-e85fdcc5881c,0,1776040640,,True,785,2026-04-12,train,24h,1775944800,included,1775944800,0,0.15000000000000002,0.14,0.16,0.01999999999999999,0.14,535.0,10
KXNBAGAME-26APR12DETIND,KXNBAGAME-26APR12DETIND-IND,NBA,winner,Indiana,Detroit,1776031200,2026-04-12T22:00:00+00:00,kalshi_milestone_start_date,2026-04-14T01:57:37.579552Z,b830172d-270b-44db-aa93-e85fdcc5881c,0,1776040640,,True,785,2026-04-12,train,6h,1776009600,included,1776009540,60,0.11499999999999999,0.11,0.12,0.009999999999999995,0.12,1468.0,17
KXNBAGAME-26APR12DETIND,KXNBAGAME-26APR12DETIND-IND,NBA,winner,Indiana,Detroit,1776031200,2026-04-12T22:00:00+00:00,kalshi_milestone_start_date,2026-04-14T01:57:37.579552Z,b830172d-270b-44db-aa93-e85fdcc5881c,0,1776040640,,True,785,2026-04-12,train,1h,1776027600,included,1776027600,0,0.10500000000000001,0.1,0.11,0.009999999999999995,0.11,5163.0,36
KXNBAGAME-26APR12DETIND,KXNBAGAME-26APR12DETIND-IND,NBA,winner,Indiana,Detroit,1776031200,2026-04-12T22:00:00+00:00,kalshi_milestone_start_date,2026-04-14T01:57:37.579552Z,b830172d-270b-44db-aa93-e85fdcc5881c,0,1776040640,,True,785,2026-04-12,train,5m,1776030900,included,1776030900,0,0.10500000000000001,0.1,0.11,0.009999999999999995,0.11,79595.0,51
KXNBAGAME-26APR12MILPHI,KXNBAGAME-26APR12MILPHI-PHI,NBA,winner,Philadelphia,Milwaukee,1776031200,2026-04-12T22:00:00+00:00,kalshi_milestone_start_date,2026-04-14T00:57:37.622535Z,87592994-649e-485e-a87a-6649d593a90d,1,1776039929,,True,1074,2026-04-12,train,24h,1775944800,included,1775944800,0,0.905,0.9,0.91,0.010000000000000009,0.91,2853.0,18
KXNBAGAME-26APR12MILPHI,KXNBAGAME-26APR12MILPHI-PHI,NBA,winner,Philadelphia,Milwaukee,1776031200,2026-04-12T22:00:00+00:00,kalshi_milestone_start_date,2026-04-14T00:57:37.622535Z,87592994-649e-485e-a87a-6649d593a90d,1,1776039929,,True,1074,2026-04-12,train,6h,1776009600,included,1776009600,0,0.905,0.9,0.91,0.010000000000000009,,445.0,17
KXNBAGAME-26APR12MILPHI,KXNBAGAME-26APR12MILPHI-PHI,NBA,winner,Philadelphia,Milwaukee,1776031200,2026-04-12T22:00:00+00:00,kalshi_milestone_start_date,2026-04-14T00:57:37.622535Z,87592994-649e-485e-a87a-6649d593a90d,1,1776039929,,True,1074,2026-04-12,train,1h,1776027600,included,1776027600,0,0.915,0.91,0.92,0.010000000000000009,0.92,6540.0,29
KXNBAGAME-26APR12MILPHI,KXNBAGAME-26APR12MILPHI-PHI,NBA,winner,Philadelphia,Milwaukee,1776031200,2026-04-12T22:00:00+00:00,kalshi_milestone_start_date,2026-04-14T00:57:37.622535Z,87592994-649e-485e-a87a-6649d593a90d,1,1776039929,,True,1074,2026-04-12,train,5m,1776030900,included,1776030900,0,0.915,0.91,0.92,0.010000000000000009,,20833.0,36
KXNBAGAME-26APR12ORLBOS,KXNBAGAME-26APR12ORLBOS-BOS,NBA,winner,Boston,Orlando,1776031200,2026-04-12T22:00:00+00:00,kalshi_milestone_start_date,2026-04-21T15:18:57.288227Z,1526b914-46f8-4f80-a0c8-2a5068c98dc4,1,1776041720,,True,1472,2026-04-12,train,24h,1775944800,included,1775944800,0,0.245,0.24,0.25,0.010000000000000009,0.24,37086.0,60
KXNBAGAME-26APR12ORLBOS,KXNBAGAME-26APR12ORLBOS-BOS,NBA,winner,Boston,Orlando,1776031200,2026-04-12T22:00:00+00:00,kalshi_milestone_start_date,2026-04-21T15:18:57.288227Z,1526b914-46f8-4f80-a0c8-2a5068c98dc4,1,1776041720,,True,1472,2026-04-12,train,6h,1776009600,included,1776009600,0,0.14500000000000002,0.14,0.15,0.009999999999999981,,59887.0,59
KXNBAGAME-26APR12ORLBOS,KXNBAGAME-26APR12ORLBOS-BOS,NBA,winner,Boston,Orlando,1776031200,2026-04-12T22:00:00+00:00,kalshi_milestone_start_date,2026-04-21T15:18:57.288227Z,1526b914-46f8-4f80-a0c8-2a5068c98dc4,1,1776041720,,True,1472,2026-04-12,train,1h,1776027600,included,1776027600,0,0.14500000000000002,0.14,0.15,0.009999999999999981,0.15,68734.0,60
KXNBAGAME-26APR12ORLBOS,KXNBAGAME-26APR12ORLBOS-BOS,NBA,winner,Boston,Orlando,1776031200,2026-04-12T22:00:00+00:00,kalshi_milestone_start_date,2026-04-21T15:18:57.288227Z,1526b914-46f8-4f80-a0c8-2a5068c98dc4,1,1776041720,,True,1472,2026-04-12,train,5m,1776030900,included,1776030900,0,0.14500000000000002,0.14,0.15,0.009999999999999981,0.15,167958.0,60
KXNBAGAME-26APR12WASCLE,KXNBAGAME-26APR12WASCLE-CLE,NBA,winner,Cleveland,Washington,1776031200,2026-04-12T22:00:00+00:00,kalshi_milestone_start_date,2026-04-14T00:57:37.584313Z,9d6f3d1d-f3ef-4164-a0a9-a666532b943f,1,1776040049,,True,905,2026-04-12,train,24h,1775944800,included,1775944800,0,0.875,0.87,0.88,0.010000000000000009,0.88,4012.0,24
KXNBAGAME-26APR12WASCLE,KXNBAGAME-26APR12WASCLE-CLE,NBA,winner,Cleveland,Washington,1776031200,2026-04-12T22:00:00+00:00,kalshi_milestone_start_date,2026-04-14T00:57:37.584313Z,9d6f3d1d-f3ef-4164-a0a9-a666532b943f,1,1776040049,,True,905,2026-04-12,train,6h,1776009600,included,1776009600,0,0.825,0.82,0.83,0.010000000000000009,0.83,16549.0,32
KXNBAGAME-26APR12WASCLE,KXNBAGAME-26APR12WASCLE-CLE,NBA,winner,Cleveland,Washington,1776031200,2026-04-12T22:00:00+00:00,kalshi_milestone_start_date,2026-04-14T00:57:37.584313Z,9d6f3d1d-f3ef-4164-a0a9-a666532b943f,1,1776040049,,True,905,2026-04-12,train,1h,1776027600,included,1776027600,0,0.815,0.81,0.82,0.009999999999999898,0.82,13862.0,42
KXNBAGAME-26APR12WASCLE,KXNBAGAME-26APR12WASCLE-CLE,NBA,winner,Cleveland,Washington,1776031200,2026-04-12T22:00:00+00:00,kalshi_milestone_start_date,2026-04-14T00:57:37.584313Z,9d6f3d1d-f3ef-4164-a0a9-a666532b943f,1,1776040049,,True,905,2026-04-12,train,5m,1776030900,included,1776030900,0,0.805,0.8,0.81,0.010000000000000009,0.81,22040.0,46
KXNBAGAME-26APR12CHIDAL,KXNBAGAME-26APR12CHIDAL-DAL,NBA,winner,Dallas,Chicago,1776040200,2026-04-13T00:30:00+00:00,kalshi_milestone_start_date,2026-04-14T03:58:41.89135Z,909ef743-feee-4fd5-a3b0-e119d924f5fe,1,1776049390,,True,703,2026-04-13,train,6h,1776018600,included,1776018600,0,0.705,0.7,0.71,0.010000000000000009,,2134.0,18
KXNBAGAME-26APR12CHIDAL,KXNBAGAME-26APR12CHIDAL-DAL,NBA,winner,Dallas,Chicago,1776040200,2026-04-13T00:30:00+00:00,kalshi_milestone_start_date,2026-04-14T03:58:41.89135Z,909ef743-feee-4fd5-a3b0-e119d924f5fe,1,1776049390,,True,703,2026-04-13,train,1h,1776036600,included,1776036600,0,0.695,0.69,0.7,0.010000000000000009,0.7,10802.0,49
KXNBAGAME-26APR12CHIDAL,KXNBAGAME-26APR12CHIDAL-DAL,NBA,winner,Dallas,Chicago,1776040200,2026-04-13T00:30:00+00:00,kalshi_milestone_start_date,2026-04-14T03:58:41.89135Z,909ef743-feee-4fd5-a3b0-e119d924f5fe,1,1776049390,,True,703,2026-04-13,train,5m,1776039900,included,1776039900,0,0.655,0.65,0.66,0.010000000000000009,0.66,73936.0,56
KXNBAGAME-26APR12DENSAS,KXNBAGAME-26APR12DENSAS-SAS,NBA,winner,San Antonio,Denver,1776040200,2026-04-13T00:30:00+00:00,kalshi_milestone_start_date,2026-04-14T06:57:53.595768Z,a07651b2-f694-4469-b0ef-79c2856f2372,0,1776049630,,True,951,2026-04-13,train,24h,1775953800,included,1775953800,0,0.805,0.8,0.81,0.010000000000000009,,2387.0,24
KXNBAGAME-26APR12DENSAS,KXNBAGAME-26APR12DENSAS-SAS,NBA,winner,San Antonio,Denver,1776040200,2026-04-13T00:30:00+00:00,kalshi_milestone_start_date,2026-04-14T06:57:53.595768Z,a07651b2-f694-4469-b0ef-79c2856f2372,0,1776049630,,True,951,2026-04-13,train,6h,1776018600,included,1776018600,0,0.825,0.82,0.83,0.010000000000000009,0.83,3702.0,19
KXNBAGAME-26APR12DENSAS,KXNBAGAME-26APR12DENSAS-SAS,NBA,winner,San Antonio,Denver,1776040200,2026-04-13T00:30:00+00:00,kalshi_milestone_start_date,2026-04-14T06:57:53.595768Z,a07651b2-f694-4469-b0ef-79c2856f2372,0,1776049630,,True,951,2026-04-13,train,1h,1776036600,included,1776036600,0,0.795,0.79,0.8,0.010000000000000009,0.79,126920.0,60
KXNBAGAME-26APR12DENSAS,KXNBAGAME-26APR12DENSAS-SAS,NBA,winner,San Antonio,Denver,1776040200,2026-04-13T00:30:00+00:00,kalshi_milestone_start_date,2026-04-14T06:57:53.595768Z,a07651b2-f694-4469-b0ef-79c2856f2372,0,1776049630,,True,951,2026-04-13,train,5m,1776039900,included,1776039900,0,0.785,0.78,0.79,0.010000000000000009,0.79,178534.0,60
KXNBAGAME-26APR12GSWLAC,KXNBAGAME-26APR12GSWLAC-LAC,NBA,winner,Los Angeles C,Golden State,1776040200,2026-04-13T00:30:00+00:00,kalshi_milestone_start_date,2026-04-14T03:58:41.881625Z,ba84edc3-4971-45c0-8747-25ce2f0187e5,1,1776049750,,True,816,2026-04-13,train,24h,1775953800,included,1775953740,60,0.6950000000000001,0.68,0.71,0.029999999999999916,0.71,13179.0,35
KXNBAGAME-26APR12GSWLAC,KXNBAGAME-26APR12GSWLAC-LAC,NBA,winner,Los Angeles C,Golden State,1776040200,2026-04-13T00:30:00+00:00,kalshi_milestone_start_date,2026-04-14T03:58:41.881625Z,ba84edc3-4971-45c0-8747-25ce2f0187e5,1,1776049750,,True,816,2026-04-13,train,6h,1776018600,included,1776018600,0,0.695,0.69,0.7,0.010000000000000009,0.7,10146.0,27
KXNBAGAME-26APR12GSWLAC,KXNBAGAME-26APR12GSWLAC-LAC,NBA,winner,Los Angeles C,Golden State,1776040200,2026-04-13T00:30:00+00:00,kalshi_milestone_start_date,2026-04-14T03:58:41.881625Z,ba84edc3-4971-45c0-8747-25ce2f0187e5,1,1776049750,,True,816,2026-04-13,train,1h,1776036600,included,1776036600,0,0.635,0.63,0.64,0.010000000000000009,0.64,29498.0,60
KXNBAGAME-26APR12GSWLAC,KXNBAGAME-26APR12GSWLAC-LAC,NBA,winner,Los Angeles C,Golden State,1776040200,2026-04-13T00:30:00+00:00,kalshi_milestone_start_date,2026-04-14T03:58:41.881625Z,ba84edc3-4971-45c0-8747-25ce2f0187e5,1,1776049750,,True,816,2026-04-13,train,5m,1776039900,included,1776039900,0,0.595,0.59,0.6,0.010000000000000009,0.6,97800.0,60
KXNBAGAME-26APR12MEMHOU,KXNBAGAME-26APR12MEMHOU-HOU,NBA,winner,Houston,Memphis,1776040200,2026-04-13T00:30:00+00:00,kalshi_milestone_start_date,2026-04-14T03:58:41.854877Z,14f65ad4-28c0-4800-8249-2d48d28f5b07,1,1776049320,,True,1155,2026-04-13,train,24h,1775953800,included,1775953800,0,0.875,0.87,0.88,0.010000000000000009,,178.0,7
KXNBAGAME-26APR12MEMHOU,KXNBAGAME-26APR12MEMHOU-HOU,NBA,winner,Houston,Memphis,1776040200,2026-04-13T00:30:00+00:00,kalshi_milestone_start_date,2026-04-14T03:58:41.854877Z,14f65ad4-28c0-4800-8249-2d48d28f5b07,1,1776049320,,True,1155,2026-04-13,train,1h,1776036600,included,1776036600,0,0.895,0.89,0.9,0.010000000000000009,0.9,9604.0,41
KXNBAGAME-26APR12MEMHOU,KXNBAGAME-26APR12MEMHOU-HOU,NBA,winner,Houston,Memphis,1776040200,2026-04-13T00:30:00+00:00,kalshi_milestone_start_date,2026-04-14T03:58:41.854877Z,14f65ad4-28c0-4800-8249-2d48d28f5b07,1,1776049320,,True,1155,2026-04-13,train,5m,1776039900,included,1776039900,0,0.895,0.89,0.9,0.010000000000000009,0.9,6250.0,43
KXNBAGAME-26APR12NOPMIN,KXNBAGAME-26APR12NOPMIN-MIN,NBA,winner,Minnesota,New Orleans,1776040200,2026-04-13T00:30:00+00:00,kalshi_milestone_start_date,2026-04-14T03:58:41.873329Z,fbbdb614-df6f-40d1-b520-bc98be8b44ec,1,1776050489,,True,1221,2026-04-13,train,24h,1775953800,included,1775953800,0,0.71,0.7,0.72,0.020000000000000018,0.72,1347.0,17
KXNBAGAME-26APR12NOPMIN,KXNBAGAME-26APR12NOPMIN-MIN,NBA,winner,Minnesota,New Orleans,1776040200,2026-04-13T00:30:00+00:00,kalshi_milestone_start_date,2026-04-14T03:58:41.873329Z,fbbdb614-df6f-40d1-b520-bc98be8b44ec,1,1776050489,,True,1221,2026-04-13,train,6h,1776018600,included,1776018600,0,0.665,0.66,0.67,0.010000000000000009,0.67,6865.0,41
KXNBAGAME-26APR12NOPMIN,KXNBAGAME-26APR12NOPMIN-MIN,NBA,winner,Minnesota,New Orleans,1776040200,2026-04-13T00:30:00+00:00,kalshi_milestone_start_date,2026-04-14T03:58:41.873329Z,fbbdb614-df6f-40d1-b520-bc98be8b44ec,1,1776050489,,True,1221,2026-04-13,train,1h,1776036600,included,1776036600,0,0.655,0.65,0.66,0.010000000000000009,0.66,22307.0,59
KXNBAGAME-26APR12NOPMIN,KXNBAGAME-26APR12NOPMIN-MIN,NBA,winner,Minnesota,New Orleans,1776040200,2026-04-13T00:30:00+00:00,kalshi_milestone_start_date,2026-04-14T03:58:41.873329Z,fbbdb614-df6f-40d1-b520-bc98be8b44ec,1,1776050489,,True,1221,2026-04-13,train,5m,1776039900,included,1776039900,0,0.615,0.61,0.62,0.010000000000000009,0.62,108652.0,59
KXNBAGAME-26APR12PHXOKC,KXNBAGAME-26APR12PHXOKC-OKC,NBA,winner,Oklahoma City,Phoenix,1776040200,2026-04-13T00:30:00+00:00,kalshi_milestone_start_date,2026-04-14T02:57:37.570056Z,85029a21-1634-4852-972c-376d0fd4096c,0,1776048440,,True,1048,2026-04-13,train,24h,1775953800,included,1775953800,0,0.705,0.7,0.71,0.010000000000000009,,11636.0,35
KXNBAGAME-26APR12PHXOKC,KXNBAGAME-26APR12PHXOKC-OKC,NBA,winner,Oklahoma City,Phoenix,1776040200,2026-04-13T00:30:00+00:00,kalshi_milestone_start_date,2026-04-14T02:57:37.570056Z,85029a21-1634-4852-972c-376d0fd4096c,0,1776048440,,True,1048,2026-04-13,train,6h,1776018600,included,1776018600,0,0.745,0.74,0.75,0.010000000000000009,,12100.0,35
KXNBAGAME-26APR12PHXOKC,KXNBAGAME-26APR12PHXOKC-OKC,NBA,winner,Oklahoma City,Phoenix,1776040200,2026-04-13T00:30:00+00:00,kalshi_milestone_start_date,2026-04-14T02:57:37.570056Z,85029a21-1634-4852-972c-376d0fd4096c,0,1776048440,,True,1048,2026-04-13,train,1h,1776036600,included,1776036600,0,0.745,0.74,0.75,0.010000000000000009,0.75,26695.0,59
KXNBAGAME-26APR12PHXOKC,KXNBAGAME-26APR12PHXOKC-OKC,NBA,winner,Oklahoma City,Phoenix,1776040200,2026-04-13T00:30:00+00:00,kalshi_milestone_start_date,2026-04-14T02:57:37.570056Z,85029a21-1634-4852-972c-376d0fd4096c,0,1776048440,,True,1048,2026-04-13,train,5m,1776039900,included,1776039900,0,0.735,0.73,0.74,0.010000000000000009,0.74,80643.0,60
KXNBAGAME-26APR12SACPOR,KXNBAGAME-26APR12SACPOR-POR,NBA,winner,Portland,Sacramento,1776040200,2026-04-13T00:30:00+00:00,kalshi_milestone_start_date,2026-04-14T03:58:41.870719Z,2a6a3a16-7f04-4d7e-97eb-6ea058edac27,1,1776049750,,True,658,2026-04-13,train,24h,1775953800,included,1775953680,120,0.915,0.91,0.92,0.010000000000000009,0.92,198.0,8
KXNBAGAME-26APR12SACPOR,KXNBAGAME-26APR12SACPOR-POR,NBA,winner,Portland,Sacramento,1776040200,2026-04-13T00:30:00+00:00,kalshi_milestone_start_date,2026-04-14T03:58:41.870719Z,2a6a3a16-7f04-4d7e-97eb-6ea058edac27,1,1776049750,,True,658,2026-04-13,train,1h,1776036600,included,1776036600,0,0.945,0.94,0.95,0.010000000000000009,,3727.0,30
KXNBAGAME-26APR12SACPOR,KXNBAGAME-26APR12SACPOR-POR,NBA,winner,Portland,Sacramento,1776040200,2026-04-13T00:30:00+00:00,kalshi_milestone_start_date,2026-04-14T03:58:41.870719Z,2a6a3a16-7f04-4d7e-97eb-6ea058edac27,1,1776049750,,True,658,2026-04-13,train,5m,1776039900,included,1776039900,0,0.945,0.94,0.95,0.010000000000000009,0.94,8210.0,36
KXNBAGAME-26APR12UTALAL,KXNBAGAME-26APR12UTALAL-LAL,NBA,winner,Los Angeles L,Utah,1776040200,2026-04-13T00:30:00+00:00,kalshi_milestone_start_date,2026-04-14T03:58:41.851294Z,564eb625-afa1-4ea4-823d-01f185b1c02c,1,1776049040,,True,1186,2026-04-13,train,24h,1775953800,included,1775953680,120,0.875,0.87,0.88,0.010000000000000009,0.88,1012.0,14
KXNBAGAME-26APR12UTALAL,KXNBAGAME-26APR12UTALAL-LAL,NBA,winner,Los Angeles L,Utah,1776040200,2026-04-13T00:30:00+00:00,kalshi_milestone_start_date,2026-04-14T03:58:41.851294Z,564eb625-afa1-4ea4-823d-01f185b1c02c,1,1776049040,,True,1186,2026-04-13,train,6h,1776018600,included,1776018600,0,0.885,0.88,0.89,0.010000000000000009,0.89,2629.0,30
KXNBAGAME-26APR12UTALAL,KXNBAGAME-26APR12UTALAL-LAL,NBA,winner,Los Angeles L,Utah,1776040200,2026-04-13T00:30:00+00:00,kalshi_milestone_start_date,2026-04-14T03:58:41.851294Z,564eb625-afa1-4ea4-823d-01f185b1c02c,1,1776049040,,True,1186,2026-04-13,train,1h,1776036600,included,1776036600,0,0.885,0.88,0.89,0.010000000000000009,0.89,34450.0,50
KXNBAGAME-26APR12UTALAL,KXNBAGAME-26APR12UTALAL-LAL,NBA,winner,Los Angeles L,Utah,1776040200,2026-04-13T00:30:00+00:00,kalshi_milestone_start_date,2026-04-14T03:58:41.851294Z,564eb625-afa1-4ea4-823d-01f185b1c02c,1,1776049040,,True,1186,2026-04-13,train,5m,1776039900,included,1776039900,0,0.895,0.89,0.9,0.010000000000000009,0.89,142418.0,52
KXNBAGAME-26APR14MIACHA,KXNBAGAME-26APR14MIACHA-CHA,NBA,winner,Charlotte,Miami,1776209400,2026-04-14T23:30:00+00:00,kalshi_milestone_start_date,2026-04-16T03:41:58.593056Z,f5b6e77a-3ce2-44a4-8e32-bc2d817a3611,1,1776219840,,True,1488,2026-04-14,train,24h,1776123000,included,1776123000,0,0.675,0.67,0.68,0.010000000000000009,0.68,34665.0,60
KXNBAGAME-26APR14MIACHA,KXNBAGAME-26APR14MIACHA-CHA,NBA,winner,Charlotte,Miami,1776209400,2026-04-14T23:30:00+00:00,kalshi_milestone_start_date,2026-04-16T03:41:58.593056Z,f5b6e77a-3ce2-44a4-8e32-bc2d817a3611,1,1776219840,,True,1488,2026-04-14,train,6h,1776187800,included,1776187800,0,0.695,0.69,0.7,0.010000000000000009,0.7,43897.0,60
KXNBAGAME-26APR14MIACHA,KXNBAGAME-26APR14MIACHA-CHA,NBA,winner,Charlotte,Miami,1776209400,2026-04-14T23:30:00+00:00,kalshi_milestone_start_date,2026-04-16T03:41:58.593056Z,f5b6e77a-3ce2-44a4-8e32-bc2d817a3611,1,1776219840,,True,1488,2026-04-14,train,1h,1776205800,included,1776205800,0,0.695,0.69,0.7,0.010000000000000009,0.69,166448.0,60
KXNBAGAME-26APR14MIACHA,KXNBAGAME-26APR14MIACHA-CHA,NBA,winner,Charlotte,Miami,1776209400,2026-04-14T23:30:00+00:00,kalshi_milestone_start_date,2026-04-16T03:41:58.593056Z,f5b6e77a-3ce2-44a4-8e32-bc2d817a3611,1,1776219840,,True,1488,2026-04-14,train,5m,1776209100,included,1776209100,0,0.695,0.69,0.7,0.010000000000000009,0.7,430218.0,60
KXNBAGAME-26APR14PORPHX,KXNBAGAME-26APR14PORPHX-PHX,NBA,winner,Phoenix,Portland,1776218400,2026-04-15T02:00:00+00:00,kalshi_milestone_start_date,2026-04-16T06:28:34.952599Z,e0144d0e-0a08-48dc-8c59-c3940435253b,0,1776228570,,True,1473,2026-04-15,train,24h,1776132000,included,1776132000,0,0.595,0.59,0.6,0.010000000000000009,0.6,31065.0,48
KXNBAGAME-26APR14PORPHX,KXNBAGAME-26APR14PORPHX-PHX,NBA,winner,Phoenix,Portland,1776218400,2026-04-15T02:00:00+00:00,kalshi_milestone_start_date,2026-04-16T06:28:34.952599Z,e0144d0e-0a08-48dc-8c59-c3940435253b,0,1776228570,,True,1473,2026-04-15,train,6h,1776196800,included,1776196800,0,0.585,0.58,0.59,0.010000000000000009,0.59,38187.0,60
KXNBAGAME-26APR14PORPHX,KXNBAGAME-26APR14PORPHX-PHX,NBA,winner,Phoenix,Portland,1776218400,2026-04-15T02:00:00+00:00,kalshi_milestone_start_date,2026-04-16T06:28:34.952599Z,e0144d0e-0a08-48dc-8c59-c3940435253b,0,1776228570,,True,1473,2026-04-15,train,1h,1776214800,included,1776214800,0,0.575,0.57,0.58,0.010000000000000009,0.58,102083.0,60
KXNBAGAME-26APR14PORPHX,KXNBAGAME-26APR14PORPHX-PHX,NBA,winner,Phoenix,Portland,1776218400,2026-04-15T02:00:00+00:00,kalshi_milestone_start_date,2026-04-16T06:28:34.952599Z,e0144d0e-0a08-48dc-8c59-c3940435253b,0,1776228570,,True,1473,2026-04-15,train,5m,1776218100,included,1776218100,0,0.575,0.57,0.58,0.010000000000000009,0.58,721936.0,60
KXNBAGAME-26APR15ORLPHI,KXNBAGAME-26APR15ORLPHI-PHI,NBA,winner,Philadelphia,Orlando,1776295800,2026-04-15T23:30:00+00:00,kalshi_milestone_start_date,2026-04-17T14:19:32.464886Z,59e35d88-0b14-4042-aea9-6f75972731bb,1,1776305810,,True,1248,2026-04-15,train,24h,1776209400,included,1776209400,0,0.535,0.53,0.54,0.010000000000000009,0.53,2948.0,40
KXNBAGAME-26APR15ORLPHI,KXNBAGAME-26APR15ORLPHI-PHI,NBA,winner,Philadelphia,Orlando,1776295800,2026-04-15T23:30:00+00:00,kalshi_milestone_start_date,2026-04-17T14:19:32.464886Z,59e35d88-0b14-4042-aea9-6f75972731bb,1,1776305810,,True,1248,2026-04-15,train,6h,1776274200,included,1776274200,0,0.535,0.53,0.54,0.010000000000000009,0.54,31473.0,59
KXNBAGAME-26APR15ORLPHI,KXNBAGAME-26APR15ORLPHI-PHI,NBA,winner,Philadelphia,Orlando,1776295800,2026-04-15T23:30:00+00:00,kalshi_milestone_start_date,2026-04-17T14:19:32.464886Z,59e35d88-0b14-4042-aea9-6f75972731bb,1,1776305810,,True,1248,2026-04-15,train,1h,1776292200,included,1776292200,0,0.525,0.52,0.53,0.010000000000000009,0.53,301640.0,60
KXNBAGAME-26APR15ORLPHI,KXNBAGAME-26APR15ORLPHI-PHI,NBA,winner,Philadelphia,Orlando,1776295800,2026-04-15T23:30:00+00:00,kalshi_milestone_start_date,2026-04-17T14:19:32.464886Z,59e35d88-0b14-4042-aea9-6f75972731bb,1,1776305810,,True,1248,2026-04-15,train,5m,1776295500,included,1776295500,0,0.505,0.5,0.51,0.010000000000000009,0.51,623805.0,60
KXNBAGAME-26APR15GSWLAC,KXNBAGAME-26APR15GSWLAC-LAC,NBA,winner,Los Angeles C,Golden State,1776304800,2026-04-16T02:00:00+00:00,kalshi_milestone_start_date,2026-04-17T14:19:32.495009Z,11f8c61a-1fee-4a25-aef6-fbb174611b92,0,1776314910,,True,1335,2026-04-16,train,24h,1776218400,included,1776218400,0,0.665,0.66,0.67,0.010000000000000009,0.67,1416.0,26
KXNBAGAME-26APR15GSWLAC,KXNBAGAME-26APR15GSWLAC-LAC,NBA,winner,Los Angeles C,Golden State,1776304800,2026-04-16T02:00:00+00:00,kalshi_milestone_start_date,2026-04-17T14:19:32.495009Z,11f8c61a-1fee-4a25-aef6-fbb174611b92,0,1776314910,,True,1335,2026-04-16,train,6h,1776283200,included,1776283200,0,0.665,0.66,0.67,0.010000000000000009,0.67,11144.0,25
KXNBAGAME-26APR15GSWLAC,KXNBAGAME-26APR15GSWLAC-LAC,NBA,winner,Los Angeles C,Golden State,1776304800,2026-04-16T02:00:00+00:00,kalshi_milestone_start_date,2026-04-17T14:19:32.495009Z,11f8c61a-1fee-4a25-aef6-fbb174611b92,0,1776314910,,True,1335,2026-04-16,train,1h,1776301200,included,1776301200,0,0.675,0.67,0.68,0.010000000000000009,0.68,72627.0,60
KXNBAGAME-26APR15GSWLAC,KXNBAGAME-26APR15GSWLAC-LAC,NBA,winner,Los Angeles C,Golden State,1776304800,2026-04-16T02:00:00+00:00,kalshi_milestone_start_date,2026-04-17T14:19:32.495009Z,11f8c61a-1fee-4a25-aef6-fbb174611b92,0,1776314910,,True,1335,2026-04-16,train,5m,1776304500,included,1776304500,0,0.665,0.66,0.67,0.010000000000000009,0.67,118319.0,60
KXNBAGAME-26APR17CHAORL,KXNBAGAME-26APR17CHAORL-ORL,NBA,winner,Orlando,Charlotte,1776468600,2026-04-17T23:30:00+00:00,kalshi_milestone_start_date,2026-04-19T19:18:57.419853Z,c183808b-e417-4422-915d-9effcd7317c7,1,1776479094,1776479400.0,True,1289,2026-04-17,train,24h,1776382200,included,1776382200,0,0.395,0.39,0.4,0.010000000000000009,0.4,83670.72,56
KXNBAGAME-26APR17CHAORL,KXNBAGAME-26APR17CHAORL-ORL,NBA,winner,Orlando,Charlotte,1776468600,2026-04-17T23:30:00+00:00,kalshi_milestone_start_date,2026-04-19T19:18:57.419853Z,c183808b-e417-4422-915d-9effcd7317c7,1,1776479094,1776479400.0,True,1289,2026-04-17,train,6h,1776447000,included,1776447000,0,0.405,0.4,0.41,0.009999999999999953,0.41,21005.16,60
KXNBAGAME-26APR17CHAORL,KXNBAGAME-26APR17CHAORL-ORL,NBA,winner,Orlando,Charlotte,1776468600,2026-04-17T23:30:00+00:00,kalshi_milestone_start_date,2026-04-19T19:18:57.419853Z,c183808b-e417-4422-915d-9effcd7317c7,1,1776479094,1776479400.0,True,1289,2026-04-17,train,1h,1776465000,included,1776465000,0,0.415,0.41,0.42,0.010000000000000009,0.42,224999.07,60
KXNBAGAME-26APR17CHAORL,KXNBAGAME-26APR17CHAORL-ORL,NBA,winner,Orlando,Charlotte,1776468600,2026-04-17T23:30:00+00:00,kalshi_milestone_start_date,2026-04-19T19:18:57.419853Z,c183808b-e417-4422-915d-9effcd7317c7,1,1776479094,1776479400.0,True,1289,2026-04-17,train,5m,1776468300,included,1776468300,0,0.425,0.42,0.43,0.010000000000000009,0.43,323000.97,60
KXNBAGAME-26APR17GSWPHX,KXNBAGAME-26APR17GSWPHX-PHX,NBA,winner,Phoenix,Golden State,1776477600,2026-04-18T02:00:00+00:00,kalshi_milestone_start_date,2026-04-19T19:18:57.431173Z,d97f41cf-a433-4b30-92b8-11f257437256,1,1776488034,1776488400.0,True,1197,2026-04-18,train,24h,1776391200,included,1776391080,120,0.58,0.57,0.59,0.020000000000000018,0.59,5770.56,38
KXNBAGAME-26APR17GSWPHX,KXNBAGAME-26APR17GSWPHX-PHX,NBA,winner,Phoenix,Golden State,1776477600,2026-04-18T02:00:00+00:00,kalshi_milestone_start_date,2026-04-19T19:18:57.431173Z,d97f41cf-a433-4b30-92b8-11f257437256,1,1776488034,1776488400.0,True,1197,2026-04-18,train,6h,1776456000,included,1776456000,0,0.575,0.57,0.58,0.010000000000000009,0.58,124593.31,58
KXNBAGAME-26APR17GSWPHX,KXNBAGAME-26APR17GSWPHX-PHX,NBA,winner,Phoenix,Golden State,1776477600,2026-04-18T02:00:00+00:00,kalshi_milestone_start_date,2026-04-19T19:18:57.431173Z,d97f41cf-a433-4b30-92b8-11f257437256,1,1776488034,1776488400.0,True,1197,2026-04-18,train,1h,1776474000,included,1776474000,0,0.575,0.57,0.58,0.010000000000000009,0.58,186726.96,60
KXNBAGAME-26APR17GSWPHX,KXNBAGAME-26APR17GSWPHX-PHX,NBA,winner,Phoenix,Golden State,1776477600,2026-04-18T02:00:00+00:00,kalshi_milestone_start_date,2026-04-19T19:18:57.431173Z,d97f41cf-a433-4b30-92b8-11f257437256,1,1776488034,1776488400.0,True,1197,2026-04-18,train,5m,1776477300,included,1776477300,0,0.575,0.57,0.58,0.010000000000000009,0.58,479157.91,60
KXNBAGAME-26APR18TORCLE,KXNBAGAME-26APR18TORCLE-CLE,NBA,winner,Cleveland,Toronto,1776531600,2026-04-18T17:00:00+00:00,kalshi_milestone_start_date,2026-04-21T01:20:50.207246Z,199b5a7c-e695-48ae-9b9e-d06044d9796f,1,1776541944,,True,1037,2026-04-18,train,24h,1776445200,included,1776445200,0,0.765,0.76,0.77,0.010000000000000009,,1093.9,20
KXNBAGAME-26APR18TORCLE,KXNBAGAME-26APR18TORCLE-CLE,NBA,winner,Cleveland,Toronto,1776531600,2026-04-18T17:00:00+00:00,kalshi_milestone_start_date,2026-04-21T01:20:50.207246Z,199b5a7c-e695-48ae-9b9e-d06044d9796f,1,1776541944,,True,1037,2026-04-18,train,6h,1776510000,included,1776510000,0,0.765,0.76,0.77,0.010000000000000009,0.77,14576.04,44
KXNBAGAME-26APR18TORCLE,KXNBAGAME-26APR18TORCLE-CLE,NBA,winner,Cleveland,Toronto,1776531600,2026-04-18T17:00:00+00:00,kalshi_milestone_start_date,2026-04-21T01:20:50.207246Z,199b5a7c-e695-48ae-9b9e-d06044d9796f,1,1776541944,,True,1037,2026-04-18,train,1h,1776528000,included,1776528000,0,0.765,0.76,0.77,0.010000000000000009,0.77,119159.67,60
KXNBAGAME-26APR18TORCLE,KXNBAGAME-26APR18TORCLE-CLE,NBA,winner,Cleveland,Toronto,1776531600,2026-04-18T17:00:00+00:00,kalshi_milestone_start_date,2026-04-21T01:20:50.207246Z,199b5a7c-e695-48ae-9b9e-d06044d9796f,1,1776541944,,True,1037,2026-04-18,train,5m,1776531300,included,1776531300,0,0.765,0.76,0.77,0.010000000000000009,0.77,550138.0,60
KXNBAGAME-26APR18MINDEN,KXNBAGAME-26APR18MINDEN-DEN,NBA,winner,Denver,Minnesota,1776540600,2026-04-18T19:30:00+00:00,kalshi_milestone_start_date,2026-04-21T01:20:50.188622Z,98e4d52f-75cc-4499-9f2d-c8f45d94d0bc,1,1776550654,1776551400.0,True,1084,2026-04-18,train,24h,1776454200,included,1776454200,0,0.705,0.7,0.71,0.010000000000000009,0.71,890.8,17
KXNBAGAME-26APR18MINDEN,KXNBAGAME-26APR18MINDEN-DEN,NBA,winner,Denver,Minnesota,1776540600,2026-04-18T19:30:00+00:00,kalshi_milestone_start_date,2026-04-21T01:20:50.188622Z,98e4d52f-75cc-4499-9f2d-c8f45d94d0bc,1,1776550654,1776551400.0,True,1084,2026-04-18,train,6h,1776519000,included,1776519000,0,0.705,0.7,0.71,0.010000000000000009,0.71,9554.0,56
KXNBAGAME-26APR18MINDEN,KXNBAGAME-26APR18MINDEN-DEN,NBA,winner,Denver,Minnesota,1776540600,2026-04-18T19:30:00+00:00,kalshi_milestone_start_date,2026-04-21T01:20:50.188622Z,98e4d52f-75cc-4499-9f2d-c8f45d94d0bc,1,1776550654,1776551400.0,True,1084,2026-04-18,train,1h,1776537000,included,1776537000,0,0.715,0.71,0.72,0.010000000000000009,0.72,51351.23,60
KXNBAGAME-26APR18MINDEN,KXNBAGAME-26APR18MINDEN-DEN,NBA,winner,Denver,Minnesota,1776540600,2026-04-18T19:30:00+00:00,kalshi_milestone_start_date,2026-04-21T01:20:50.188622Z,98e4d52f-75cc-4499-9f2d-c8f45d94d0bc,1,1776550654,1776551400.0,True,1084,2026-04-18,train,5m,1776540300,included,1776540300,0,0.725,0.72,0.73,0.010000000000000009,0.73,425451.02,60
KXNBAGAME-26APR18ATLNYK,KXNBAGAME-26APR18ATLNYK-NYK,NBA,winner,New York,Atlanta,1776549600,2026-04-18T22:00:00+00:00,kalshi_milestone_start_date,2026-04-21T01:20:50.177702Z,2b27f8ef-756e-45e8-af9f-1e953ae22fcd,1,1776559937,1776560400.0,True,1113,2026-04-18,train,24h,1776463200,included,1776463200,0,0.675,0.67,0.68,0.010000000000000009,,4771.19,20
KXNBAGAME-26APR18ATLNYK,KXNBAGAME-26APR18ATLNYK-NYK,NBA,winner,New York,Atlanta,1776549600,2026-04-18T22:00:00+00:00,kalshi_milestone_start_date,2026-04-21T01:20:50.177702Z,2b27f8ef-756e-45e8-af9f-1e953ae22fcd,1,1776559937,1776560400.0,True,1113,2026-04-18,train,6h,1776528000,included,1776528000,0,0.685,0.68,0.69,0.009999999999999898,0.69,15804.27,59
KXNBAGAME-26APR18ATLNYK,KXNBAGAME-26APR18ATLNYK-NYK,NBA,winner,New York,Atlanta,1776549600,2026-04-18T22:00:00+00:00,kalshi_milestone_start_date,2026-04-21T01:20:50.177702Z,2b27f8ef-756e-45e8-af9f-1e953ae22fcd,1,1776559937,1776560400.0,True,1113,2026-04-18,train,1h,1776546000,included,1776546000,0,0.685,0.68,0.69,0.009999999999999898,0.69,84675.36,60
KXNBAGAME-26APR18ATLNYK,KXNBAGAME-26APR18ATLNYK-NYK,NBA,winner,New York,Atlanta,1776549600,2026-04-18T22:00:00+00:00,kalshi_milestone_start_date,2026-04-21T01:20:50.177702Z,2b27f8ef-756e-45e8-af9f-1e953ae22fcd,1,1776559937,1776560400.0,True,1113,2026-04-18,train,5m,1776549300,included,1776549300,0,0.685,0.68,0.69,0.009999999999999898,0.69,608140.33,60
KXNBAGAME-26APR18HOULAL,KXNBAGAME-26APR18HOULAL-LAL,NBA,winner,Los Angeles L,Houston,1776558600,2026-04-19T00:30:00+00:00,kalshi_milestone_start_date,2026-04-21T01:20:50.201936Z,18b15ed7-a151-4bf1-b7d9-4677d8f59ff5,1,1776568974,1776569400.0,True,1362,2026-04-19,validation,24h,1776472200,included,1776472200,0,0.35,0.34,0.36,0.019999999999999962,0.36,8189.81,45
KXNBAGAME-26APR18HOULAL,KXNBAGAME-26APR18HOULAL-LAL,NBA,winner,Los Angeles L,Houston,1776558600,2026-04-19T00:30:00+00:00,kalshi_milestone_start_date,2026-04-21T01:20:50.201936Z,18b15ed7-a151-4bf1-b7d9-4677d8f59ff5,1,1776568974,1776569400.0,True,1362,2026-04-19,validation,6h,1776537000,included,1776537000,0,0.355,0.35,0.36,0.010000000000000009,0.36,48276.44,60
KXNBAGAME-26APR18HOULAL,KXNBAGAME-26APR18HOULAL-LAL,NBA,winner,Los Angeles L,Houston,1776558600,2026-04-19T00:30:00+00:00,kalshi_milestone_start_date,2026-04-21T01:20:50.201936Z,18b15ed7-a151-4bf1-b7d9-4677d8f59ff5,1,1776568974,1776569400.0,True,1362,2026-04-19,validation,1h,1776555000,included,1776555000,0,0.435,0.43,0.44,0.010000000000000009,0.44,1019738.55,60
KXNBAGAME-26APR18HOULAL,KXNBAGAME-26APR18HOULAL-LAL,NBA,winner,Los Angeles L,Houston,1776558600,2026-04-19T00:30:00+00:00,kalshi_milestone_start_date,2026-04-21T01:20:50.201936Z,18b15ed7-a151-4bf1-b7d9-4677d8f59ff5,1,1776568974,1776569400.0,True,1362,2026-04-19,validation,5m,1776558300,included,1776558300,0,0.435,0.43,0.44,0.010000000000000009,0.44,946622.63,60
KXNBAGAME-26APR19PHIBOS,KXNBAGAME-26APR19PHIBOS-BOS,NBA,winner,Boston,Philadelphia,1776618000,2026-04-19T17:00:00+00:00,kalshi_milestone_start_date,2026-04-22T01:12:48.593719Z,d49d3432-05b2-476f-ae4b-e0f911d01de8,1,1776627434,1776628800.0,True,1220,2026-04-19,validation,24h,1776531600,included,1776531600,0,0.865,0.86,0.87,0.010000000000000009,0.87,3726.26,22
KXNBAGAME-26APR19PHIBOS,KXNBAGAME-26APR19PHIBOS-BOS,NBA,winner,Boston,Philadelphia,1776618000,2026-04-19T17:00:00+00:00,kalshi_milestone_start_date,2026-04-22T01:12:48.593719Z,d49d3432-05b2-476f-ae4b-e0f911d01de8,1,1776627434,1776628800.0,True,1220,2026-04-19,validation,6h,1776596400,included,1776596400,0,0.865,0.86,0.87,0.010000000000000009,0.87,69473.59,51
KXNBAGAME-26APR19PHIBOS,KXNBAGAME-26APR19PHIBOS-BOS,NBA,winner,Boston,Philadelphia,1776618000,2026-04-19T17:00:00+00:00,kalshi_milestone_start_date,2026-04-22T01:12:48.593719Z,d49d3432-05b2-476f-ae4b-e0f911d01de8,1,1776627434,1776628800.0,True,1220,2026-04-19,validation,1h,1776614400,included,1776614400,0,0.875,0.87,0.88,0.010000000000000009,0.88,334343.43,60
KXNBAGAME-26APR19PHIBOS,KXNBAGAME-26APR19PHIBOS-BOS,NBA,winner,Boston,Philadelphia,1776618000,2026-04-19T17:00:00+00:00,kalshi_milestone_start_date,2026-04-22T01:12:48.593719Z,d49d3432-05b2-476f-ae4b-e0f911d01de8,1,1776627434,1776628800.0,True,1220,2026-04-19,validation,5m,1776617700,included,1776617700,0,0.875,0.87,0.88,0.010000000000000009,0.88,679543.1,60
KXNBAGAME-26APR19PHXOKC,KXNBAGAME-26APR19PHXOKC-OKC,NBA,winner,Oklahoma City,Phoenix,1776627000,2026-04-19T19:30:00+00:00,kalshi_milestone_start_date,2026-04-22T01:12:48.574705Z,b12fc58a-2492-4df6-b246-9638b41d38c3,1,1776636554,1776637800.0,True,1083,2026-04-19,validation,6h,1776605400,included,1776605400,0,0.895,0.89,0.9,0.010000000000000009,0.9,36184.9,49
KXNBAGAME-26APR19PHXOKC,KXNBAGAME-26APR19PHXOKC-OKC,NBA,winner,Oklahoma City,Phoenix,1776627000,2026-04-19T19:30:00+00:00,kalshi_milestone_start_date,2026-04-22T01:12:48.574705Z,b12fc58a-2492-4df6-b246-9638b41d38c3,1,1776636554,1776637800.0,True,1083,2026-04-19,validation,1h,1776623400,included,1776623400,0,0.905,0.9,0.91,0.010000000000000009,0.91,230427.65,60
KXNBAGAME-26APR19PHXOKC,KXNBAGAME-26APR19PHXOKC-OKC,NBA,winner,Oklahoma City,Phoenix,1776627000,2026-04-19T19:30:00+00:00,kalshi_milestone_start_date,2026-04-22T01:12:48.574705Z,b12fc58a-2492-4df6-b246-9638b41d38c3,1,1776636554,1776637800.0,True,1083,2026-04-19,validation,5m,1776626700,included,1776626700,0,0.905,0.9,0.91,0.010000000000000009,0.91,653451.0,60
KXNBAGAME-26APR19ORLDET,KXNBAGAME-26APR19ORLDET-DET,NBA,winner,Detroit,Orlando,1776637800,2026-04-19T22:30:00+00:00,kalshi_milestone_start_date,2026-04-22T01:12:48.588734Z,e3f894ec-0a62-4ea0-b65b-06aa0f3c3815,0,1776647324,1776648600.0,True,1162,2026-04-19,validation,6h,1776616200,included,1776616200,0,0.785,0.78,0.79,0.010000000000000009,0.79,14819.75,59
KXNBAGAME-26APR19ORLDET,KXNBAGAME-26APR19ORLDET-DET,NBA,winner,Detroit,Orlando,1776637800,2026-04-19T22:30:00+00:00,kalshi_milestone_start_date,2026-04-22T01:12:48.588734Z,e3f894ec-0a62-4ea0-b65b-06aa0f3c3815,0,1776647324,1776648600.0,True,1162,2026-04-19,validation,1h,1776634200,included,1776634200,0,0.785,0.78,0.79,0.010000000000000009,0.79,394301.76,60
KXNBAGAME-26APR19ORLDET,KXNBAGAME-26APR19ORLDET-DET,NBA,winner,Detroit,Orlando,1776637800,2026-04-19T22:30:00+00:00,kalshi_milestone_start_date,2026-04-22T01:12:48.588734Z,e3f894ec-0a62-4ea0-b65b-06aa0f3c3815,0,1776647324,1776648600.0,True,1162,2026-04-19,validation,5m,1776637500,included,1776637500,0,0.785,0.78,0.79,0.010000000000000009,0.79,872508.72,60
KXNBAGAME-26APR19PORSAS,KXNBAGAME-26APR19PORSAS-SAS,NBA,winner,San Antonio,Portland,1776646800,2026-04-20T01:00:00+00:00,kalshi_milestone_start_date,2026-04-21T14:18:57.376977Z,650dd1b9-e604-492b-9251-8eeb02d55a99,1,1776656841,1776657600.0,True,1274,2026-04-20,validation,24h,1776560400,included,1776560400,0,0.825,0.82,0.83,0.010000000000000009,0.83,1575.06,32
KXNBAGAME-26APR19PORSAS,KXNBAGAME-26APR19PORSAS-SAS,NBA,winner,San Antonio,Portland,1776646800,2026-04-20T01:00:00+00:00,kalshi_milestone_start_date,2026-04-21T14:18:57.376977Z,650dd1b9-e604-492b-9251-8eeb02d55a99,1,1776656841,1776657600.0,True,1274,2026-04-20,validation,6h,1776625200,included,1776625200,0,0.835,0.83,0.84,0.010000000000000009,0.84,100088.75,59
KXNBAGAME-26APR19PORSAS,KXNBAGAME-26APR19PORSAS-SAS,NBA,winner,San Antonio,Portland,1776646800,2026-04-20T01:00:00+00:00,kalshi_milestone_start_date,2026-04-21T14:18:57.376977Z,650dd1b9-e604-492b-9251-8eeb02d55a99,1,1776656841,1776657600.0,True,1274,2026-04-20,validation,1h,1776643200,included,1776643200,0,0.835,0.83,0.84,0.010000000000000009,0.84,463605.67,60
KXNBAGAME-26APR19PORSAS,KXNBAGAME-26APR19PORSAS-SAS,NBA,winner,San Antonio,Portland,1776646800,2026-04-20T01:00:00+00:00,kalshi_milestone_start_date,2026-04-21T14:18:57.376977Z,650dd1b9-e604-492b-9251-8eeb02d55a99,1,1776656841,1776657600.0,True,1274,2026-04-20,validation,5m,1776646500,included,1776646500,0,0.845,0.84,0.85,0.010000000000000009,0.85,924956.92,60
KXNBAGAME-26APR20TORCLE,KXNBAGAME-26APR20TORCLE-CLE,NBA,winner,Cleveland,Toronto,1776726000,2026-04-20T23:00:00+00:00,kalshi_milestone_start_date,2026-04-22T15:12:48.59274Z,644bfcef-c5a6-44f1-909d-1d114b73a8f4,1,1776735545,1776736800.0,True,1314,2026-04-20,validation,24h,1776639600,included,1776639480,120,0.765,0.76,0.77,0.010000000000000009,0.77,2720.27,27
KXNBAGAME-26APR20TORCLE,KXNBAGAME-26APR20TORCLE-CLE,NBA,winner,Cleveland,Toronto,1776726000,2026-04-20T23:00:00+00:00,kalshi_milestone_start_date,2026-04-22T15:12:48.59274Z,644bfcef-c5a6-44f1-909d-1d114b73a8f4,1,1776735545,1776736800.0,True,1314,2026-04-20,validation,6h,1776704400,included,1776704400,0,0.785,0.78,0.79,0.010000000000000009,0.79,22083.89,58
KXNBAGAME-26APR20TORCLE,KXNBAGAME-26APR20TORCLE-CLE,NBA,winner,Cleveland,Toronto,1776726000,2026-04-20T23:00:00+00:00,kalshi_milestone_start_date,2026-04-22T15:12:48.59274Z,644bfcef-c5a6-44f1-909d-1d114b73a8f4,1,1776735545,1776736800.0,True,1314,2026-04-20,validation,1h,1776722400,included,1776722400,0,0.795,0.79,0.8,0.010000000000000009,0.8,114638.83,60
KXNBAGAME-26APR20TORCLE,KXNBAGAME-26APR20TORCLE-CLE,NBA,winner,Cleveland,Toronto,1776726000,2026-04-20T23:00:00+00:00,kalshi_milestone_start_date,2026-04-22T15:12:48.59274Z,644bfcef-c5a6-44f1-909d-1d114b73a8f4,1,1776735545,1776736800.0,True,1314,2026-04-20,validation,5m,1776725700,included,1776725700,0,0.795,0.79,0.8,0.010000000000000009,0.8,439410.42,60
KXNBAGAME-26APR20ATLNYK,KXNBAGAME-26APR20ATLNYK-NYK,NBA,winner,New York,Atlanta,1776729600,2026-04-21T00:00:00+00:00,kalshi_milestone_start_date,2026-04-22T15:12:48.595708Z,85cc2065-3241-4196-b8ed-0e43c6e69859,0,1776739703,1776740400.0,True,1322,2026-04-21,validation,24h,1776643200,included,1776643200,0,0.685,0.68,0.69,0.009999999999999898,0.69,3214.05,32
KXNBAGAME-26APR20ATLNYK,KXNBAGAME-26APR20ATLNYK-NYK,NBA,winner,New York,Atlanta,1776729600,2026-04-21T00:00:00+00:00,kalshi_milestone_start_date,2026-04-22T15:12:48.595708Z,85cc2065-3241-4196-b8ed-0e43c6e69859,0,1776739703,1776740400.0,True,1322,2026-04-21,validation,6h,1776708000,included,1776708000,0,0.695,0.69,0.7,0.010000000000000009,0.7,82854.04000000001,59
KXNBAGAME-26APR20ATLNYK,KXNBAGAME-26APR20ATLNYK-NYK,NBA,winner,New York,Atlanta,1776729600,2026-04-21T00:00:00+00:00,kalshi_milestone_start_date,2026-04-22T15:12:48.595708Z,85cc2065-3241-4196-b8ed-0e43c6e69859,0,1776739703,1776740400.0,True,1322,2026-04-21,validation,1h,1776726000,included,1776726000,0,0.695,0.69,0.7,0.010000000000000009,0.7,108902.44,60
KXNBAGAME-26APR20ATLNYK,KXNBAGAME-26APR20ATLNYK-NYK,NBA,winner,New York,Atlanta,1776729600,2026-04-21T00:00:00+00:00,kalshi_milestone_start_date,2026-04-22T15:12:48.595708Z,85cc2065-3241-4196-b8ed-0e43c6e69859,0,1776739703,1776740400.0,True,1322,2026-04-21,validation,5m,1776729300,included,1776729300,0,0.685,0.68,0.69,0.009999999999999898,0.69,336002.61,60
KXNBAGAME-26APR20MINDEN,KXNBAGAME-26APR20MINDEN-DEN,NBA,winner,Denver,Minnesota,1776738600,2026-04-21T02:30:00+00:00,kalshi_milestone_start_date,2026-04-22T15:12:48.589787Z,294eb2da-2123-4bf0-aa14-d59e066bfd48,0,1776749353,1776749400.0,True,1279,2026-04-21,validation,24h,1776652200,included,1776652200,0,0.705,0.69,0.72,0.030000000000000027,0.72,3523.3,40
KXNBAGAME-26APR20MINDEN,KXNBAGAME-26APR20MINDEN-DEN,NBA,winner,Denver,Minnesota,1776738600,2026-04-21T02:30:00+00:00,kalshi_milestone_start_date,2026-04-22T15:12:48.589787Z,294eb2da-2123-4bf0-aa14-d59e066bfd48,0,1776749353,1776749400.0,True,1279,2026-04-21,validation,6h,1776717000,included,1776717000,0,0.735,0.73,0.74,0.010000000000000009,0.74,24413.22,59
KXNBAGAME-26APR20MINDEN,KXNBAGAME-26APR20MINDEN-DEN,NBA,winner,Denver,Minnesota,1776738600,2026-04-21T02:30:00+00:00,kalshi_milestone_start_date,2026-04-22T15:12:48.589787Z,294eb2da-2123-4bf0-aa14-d59e066bfd48,0,1776749353,1776749400.0,True,1279,2026-04-21,validation,1h,1776735000,included,1776735000,0,0.725,0.72,0.73,0.010000000000000009,0.73,70242.79,60
KXNBAGAME-26APR20MINDEN,KXNBAGAME-26APR20MINDEN-DEN,NBA,winner,Denver,Minnesota,1776738600,2026-04-21T02:30:00+00:00,kalshi_milestone_start_date,2026-04-22T15:12:48.589787Z,294eb2da-2123-4bf0-aa14-d59e066bfd48,0,1776749353,1776749400.0,True,1279,2026-04-21,validation,5m,1776738300,included,1776738300,0,0.725,0.72,0.73,0.010000000000000009,0.73,437007.74,60
KXNBAGAME-26APR21PHIBOS,KXNBAGAME-26APR21PHIBOS-BOS,NBA,winner,Boston,Philadelphia,1776812400,2026-04-21T23:00:00+00:00,kalshi_milestone_start_date,2026-04-23T14:14:47.417565Z,3693a346-baa9-42b9-a8f2-3404cff9f894,0,1776821443,1776823200.0,True,1331,2026-04-21,validation,24h,1776726000,included,1776726000,0,0.885,0.88,0.89,0.010000000000000009,,4536.66,22
KXNBAGAME-26APR21PHIBOS,KXNBAGAME-26APR21PHIBOS-BOS,NBA,winner,Boston,Philadelphia,1776812400,2026-04-21T23:00:00+00:00,kalshi_milestone_start_date,2026-04-23T14:14:47.417565Z,3693a346-baa9-42b9-a8f2-3404cff9f894,0,1776821443,1776823200.0,True,1331,2026-04-21,validation,6h,1776790800,included,1776790800,0,0.885,0.88,0.89,0.010000000000000009,0.89,22776.33,55
KXNBAGAME-26APR21PHIBOS,KXNBAGAME-26APR21PHIBOS-BOS,NBA,winner,Boston,Philadelphia,1776812400,2026-04-21T23:00:00+00:00,kalshi_milestone_start_date,2026-04-23T14:14:47.417565Z,3693a346-baa9-42b9-a8f2-3404cff9f894,0,1776821443,1776823200.0,True,1331,2026-04-21,validation,1h,1776808800,included,1776808800,0,0.875,0.87,0.88,0.010000000000000009,0.88,247846.96,60
KXNBAGAME-26APR21PHIBOS,KXNBAGAME-26APR21PHIBOS-BOS,NBA,winner,Boston,Philadelphia,1776812400,2026-04-21T23:00:00+00:00,kalshi_milestone_start_date,2026-04-23T14:14:47.417565Z,3693a346-baa9-42b9-a8f2-3404cff9f894,0,1776821443,1776823200.0,True,1331,2026-04-21,validation,5m,1776812100,included,1776812100,0,0.875,0.87,0.88,0.010000000000000009,0.88,515806.54,60
KXNBAGAME-26APR21PORSAS,KXNBAGAME-26APR21PORSAS-SAS,NBA,winner,San Antonio,Portland,1776816000,2026-04-22T00:00:00+00:00,kalshi_milestone_start_date,2026-04-23T03:53:08.132491Z,ec3df46f-2dbd-43cf-9337-9e88a1b0855c,0,1776825803,1776826800.0,True,1337,2026-04-22,validation,24h,1776729600,included,1776729600,0,0.855,0.85,0.86,0.010000000000000009,,1296.34,18
KXNBAGAME-26APR21PORSAS,KXNBAGAME-26APR21PORSAS-SAS,NBA,winner,San Antonio,Portland,1776816000,2026-04-22T00:00:00+00:00,kalshi_milestone_start_date,2026-04-23T03:53:08.132491Z,ec3df46f-2dbd-43cf-9337-9e88a1b0855c,0,1776825803,1776826800.0,True,1337,2026-04-22,validation,6h,1776794400,included,1776794400,0,0.855,0.85,0.86,0.010000000000000009,0.86,36879.78,57
KXNBAGAME-26APR21PORSAS,KXNBAGAME-26APR21PORSAS-SAS,NBA,winner,San Antonio,Portland,1776816000,2026-04-22T00:00:00+00:00,kalshi_milestone_start_date,2026-04-23T03:53:08.132491Z,ec3df46f-2dbd-43cf-9337-9e88a1b0855c,0,1776825803,1776826800.0,True,1337,2026-04-22,validation,1h,1776812400,included,1776812400,0,0.835,0.83,0.84,0.010000000000000009,0.84,80755.6,60
KXNBAGAME-26APR21PORSAS,KXNBAGAME-26APR21PORSAS-SAS,NBA,winner,San Antonio,Portland,1776816000,2026-04-22T00:00:00+00:00,kalshi_milestone_start_date,2026-04-23T03:53:08.132491Z,ec3df46f-2dbd-43cf-9337-9e88a1b0855c,0,1776825803,1776826800.0,True,1337,2026-04-22,validation,5m,1776815700,included,1776815700,0,0.835,0.83,0.84,0.010000000000000009,0.84,337357.68,60
KXNBAGAME-26APR21HOULAL,KXNBAGAME-26APR21HOULAL-LAL,NBA,winner,Los Angeles L,Houston,1776825000,2026-04-22T02:30:00+00:00,kalshi_milestone_start_date,2026-04-23T07:01:57.071854Z,e0340725-dd64-4acc-87f6-3d7d3129b9ac,1,1776835203,1776835800.0,True,1475,2026-04-22,validation,24h,1776738600,included,1776738600,0,0.37,0.36,0.38,0.020000000000000018,0.38,24991.010000000002,57
KXNBAGAME-26APR21HOULAL,KXNBAGAME-26APR21HOULAL-LAL,NBA,winner,Los Angeles L,Houston,1776825000,2026-04-22T02:30:00+00:00,kalshi_milestone_start_date,2026-04-23T07:01:57.071854Z,e0340725-dd64-4acc-87f6-3d7d3129b9ac,1,1776835203,1776835800.0,True,1475,2026-04-22,validation,6h,1776803400,included,1776803400,0,0.365,0.36,0.37,0.010000000000000009,0.37,89892.07,60
KXNBAGAME-26APR21HOULAL,KXNBAGAME-26APR21HOULAL-LAL,NBA,winner,Los Angeles L,Houston,1776825000,2026-04-22T02:30:00+00:00,kalshi_milestone_start_date,2026-04-23T07:01:57.071854Z,e0340725-dd64-4acc-87f6-3d7d3129b9ac,1,1776835203,1776835800.0,True,1475,2026-04-22,validation,1h,1776821400,included,1776821400,0,0.325,0.32,0.33,0.010000000000000009,0.33,352766.34,60
KXNBAGAME-26APR21HOULAL,KXNBAGAME-26APR21HOULAL-LAL,NBA,winner,Los Angeles L,Houston,1776825000,2026-04-22T02:30:00+00:00,kalshi_milestone_start_date,2026-04-23T07:01:57.071854Z,e0340725-dd64-4acc-87f6-3d7d3129b9ac,1,1776835203,1776835800.0,True,1475,2026-04-22,validation,5m,1776824700,included,1776824700,0,0.33,0.32,0.34,0.020000000000000018,0.33,1157820.36,60
KXNBAGAME-26APR22ORLDET,KXNBAGAME-26APR22ORLDET-DET,NBA,winner,Detroit,Orlando,1776898800,2026-04-22T23:00:00+00:00,kalshi_milestone_start_date,2026-05-02T04:17:41.624047Z,afb62909-f72f-4bd1-ba74-1e3a65ddd114,1,1776909133,1776909600.0,True,1347,2026-04-22,validation,24h,1776812400,included,1776812400,0,0.795,0.79,0.8,0.010000000000000009,,919.9,25
KXNBAGAME-26APR22ORLDET,KXNBAGAME-26APR22ORLDET-DET,NBA,winner,Detroit,Orlando,1776898800,2026-04-22T23:00:00+00:00,kalshi_milestone_start_date,2026-05-02T04:17:41.624047Z,afb62909-f72f-4bd1-ba74-1e3a65ddd114,1,1776909133,1776909600.0,True,1347,2026-04-22,validation,6h,1776877200,included,1776877200,0,0.775,0.77,0.78,0.010000000000000009,0.78,37865.88,58
KXNBAGAME-26APR22ORLDET,KXNBAGAME-26APR22ORLDET-DET,NBA,winner,Detroit,Orlando,1776898800,2026-04-22T23:00:00+00:00,kalshi_milestone_start_date,2026-05-02T04:17:41.624047Z,afb62909-f72f-4bd1-ba74-1e3a65ddd114,1,1776909133,1776909600.0,True,1347,2026-04-22,validation,1h,1776895200,included,1776895200,0,0.775,0.77,0.78,0.010000000000000009,0.78,200922.6,60
KXNBAGAME-26APR22ORLDET,KXNBAGAME-26APR22ORLDET-DET,NBA,winner,Detroit,Orlando,1776898800,2026-04-22T23:00:00+00:00,kalshi_milestone_start_date,2026-05-02T04:17:41.624047Z,afb62909-f72f-4bd1-ba74-1e3a65ddd114,1,1776909133,1776909600.0,True,1347,2026-04-22,validation,5m,1776898500,included,1776898500,0,0.775,0.77,0.78,0.010000000000000009,0.78,227002.42,60
KXNBAGAME-26APR22PHXOKC,KXNBAGAME-26APR22PHXOKC-OKC,NBA,winner,Oklahoma City,Phoenix,1776907800,2026-04-23T01:30:00+00:00,kalshi_milestone_start_date,2026-04-29T05:18:50.185675Z,35439a20-61c9-44b1-a14e-e11bde5251d2,1,1776918233,1776918600.0,True,1328,2026-04-23,validation,24h,1776821400,included,1776821400,0,0.925,0.92,0.93,0.010000000000000009,0.92,3685.29,16
KXNBAGAME-26APR22PHXOKC,KXNBAGAME-26APR22PHXOKC-OKC,NBA,winner,Oklahoma City,Phoenix,1776907800,2026-04-23T01:30:00+00:00,kalshi_milestone_start_date,2026-04-29T05:18:50.185675Z,35439a20-61c9-44b1-a14e-e11bde5251d2,1,1776918233,1776918600.0,True,1328,2026-04-23,validation,6h,1776886200,included,1776886200,0,0.915,0.91,0.92,0.010000000000000009,0.91,20137.77,58
KXNBAGAME-26APR22PHXOKC,KXNBAGAME-26APR22PHXOKC-OKC,NBA,winner,Oklahoma City,Phoenix,1776907800,2026-04-23T01:30:00+00:00,kalshi_milestone_start_date,2026-04-29T05:18:50.185675Z,35439a20-61c9-44b1-a14e-e11bde5251d2,1,1776918233,1776918600.0,True,1328,2026-04-23,validation,1h,1776904200,included,1776904200,0,0.915,0.91,0.92,0.010000000000000009,0.92,80284.94,60
KXNBAGAME-26APR22PHXOKC,KXNBAGAME-26APR22PHXOKC-OKC,NBA,winner,Oklahoma City,Phoenix,1776907800,2026-04-23T01:30:00+00:00,kalshi_milestone_start_date,2026-04-29T05:18:50.185675Z,35439a20-61c9-44b1-a14e-e11bde5251d2,1,1776918233,1776918600.0,True,1328,2026-04-23,validation,5m,1776907500,included,1776907500,0,0.915,0.91,0.92,0.010000000000000009,0.92,360863.7,59
KXNBAGAME-26APR23NYKATL,KXNBAGAME-26APR23NYKATL-ATL,NBA,winner,Atlanta,New York,1776985200,2026-04-23T23:00:00+00:00,kalshi_milestone_start_date,2026-04-25T14:36:15.833489Z,82a18926-562b-410e-8997-6998bd8404cc,1,1776995244,1776994543.0,True,1255,2026-04-23,validation,24h,1776898800,included,1776898800,0,0.505,0.5,0.51,0.010000000000000009,0.51,7227.84,45
KXNBAGAME-26APR23NYKATL,KXNBAGAME-26APR23NYKATL-ATL,NBA,winner,Atlanta,New York,1776985200,2026-04-23T23:00:00+00:00,kalshi_milestone_start_date,2026-04-25T14:36:15.833489Z,82a18926-562b-410e-8997-6998bd8404cc,1,1776995244,1776994543.0,True,1255,2026-04-23,validation,6h,1776963600,included,1776963600,0,0.485,0.48,0.49,0.010000000000000009,0.49,11534.23,56
KXNBAGAME-26APR23NYKATL,KXNBAGAME-26APR23NYKATL-ATL,NBA,winner,Atlanta,New York,1776985200,2026-04-23T23:00:00+00:00,kalshi_milestone_start_date,2026-04-25T14:36:15.833489Z,82a18926-562b-410e-8997-6998bd8404cc,1,1776995244,1776994543.0,True,1255,2026-04-23,validation,1h,1776981600,included,1776981600,0,0.495,0.49,0.5,0.010000000000000009,0.5,139206.72,60
KXNBAGAME-26APR23NYKATL,KXNBAGAME-26APR23NYKATL-ATL,NBA,winner,Atlanta,New York,1776985200,2026-04-23T23:00:00+00:00,kalshi_milestone_start_date,2026-04-25T14:36:15.833489Z,82a18926-562b-410e-8997-6998bd8404cc,1,1776995244,1776994543.0,True,1255,2026-04-23,validation,5m,1776984900,included,1776984900,0,0.495,0.49,0.5,0.010000000000000009,0.5,426633.28,60
KXNBAGAME-26APR23CLETOR,KXNBAGAME-26APR23CLETOR-TOR,NBA,winner,Toronto,Cleveland,1776988800,2026-04-24T00:00:00+00:00,kalshi_milestone_start_date,2026-05-02T04:17:41.635282Z,199ead96-82e2-41ab-a54c-24f3a6db14a2,1,1776998184,1776997409.0,True,1017,2026-04-24,validation,24h,1776902400,included,1776902400,0,0.415,0.41,0.42,0.010000000000000009,,518.61,13
KXNBAGAME-26APR23CLETOR,KXNBAGAME-26APR23CLETOR-TOR,NBA,winner,Toronto,Cleveland,1776988800,2026-04-24T00:00:00+00:00,kalshi_milestone_start_date,2026-05-02T04:17:41.635282Z,199ead96-82e2-41ab-a54c-24f3a6db14a2,1,1776998184,1776997409.0,True,1017,2026-04-24,validation,6h,1776967200,included,1776967200,0,0.425,0.42,0.43,0.010000000000000009,0.43,24463.989999999998,51
KXNBAGAME-26APR23CLETOR,KXNBAGAME-26APR23CLETOR-TOR,NBA,winner,Toronto,Cleveland,1776988800,2026-04-24T00:00:00+00:00,kalshi_milestone_start_date,2026-05-02T04:17:41.635282Z,199ead96-82e2-41ab-a54c-24f3a6db14a2,1,1776998184,1776997409.0,True,1017,2026-04-24,validation,1h,1776985200,included,1776985200,0,0.425,0.42,0.43,0.010000000000000009,0.43,92449.44,60
KXNBAGAME-26APR23CLETOR,KXNBAGAME-26APR23CLETOR-TOR,NBA,winner,Toronto,Cleveland,1776988800,2026-04-24T00:00:00+00:00,kalshi_milestone_start_date,2026-05-02T04:17:41.635282Z,199ead96-82e2-41ab-a54c-24f3a6db14a2,1,1776998184,1776997409.0,True,1017,2026-04-24,validation,5m,1776988500,included,1776988500,0,0.425,0.42,0.43,0.010000000000000009,0.43,118743.42,60
KXNBAGAME-26APR23DENMIN,KXNBAGAME-26APR23DENMIN-MIN,NBA,winner,Minnesota,Denver,1776994200,2026-04-24T01:30:00+00:00,kalshi_milestone_start_date,2026-04-25T14:36:15.829777Z,e8e66efc-3847-4a32-8ea5-4194835d65a1,1,1777004094,1777003388.0,True,1313,2026-04-24,validation,24h,1776907800,included,1776907800,0,0.455,0.45,0.46,0.010000000000000009,0.46,1737.89,35
KXNBAGAME-26APR23DENMIN,KXNBAGAME-26APR23DENMIN-MIN,NBA,winner,Minnesota,Denver,1776994200,2026-04-24T01:30:00+00:00,kalshi_milestone_start_date,2026-04-25T14:36:15.829777Z,e8e66efc-3847-4a32-8ea5-4194835d65a1,1,1777004094,1777003388.0,True,1313,2026-04-24,validation,6h,1776972600,included,1776972600,0,0.455,0.45,0.46,0.010000000000000009,0.46,36936.5,57
KXNBAGAME-26APR23DENMIN,KXNBAGAME-26APR23DENMIN-MIN,NBA,winner,Minnesota,Denver,1776994200,2026-04-24T01:30:00+00:00,kalshi_milestone_start_date,2026-04-25T14:36:15.829777Z,e8e66efc-3847-4a32-8ea5-4194835d65a1,1,1777004094,1777003388.0,True,1313,2026-04-24,validation,1h,1776990600,included,1776990600,0,0.515,0.51,0.52,0.010000000000000009,0.52,296691.89,60
KXNBAGAME-26APR23DENMIN,KXNBAGAME-26APR23DENMIN-MIN,NBA,winner,Minnesota,Denver,1776994200,2026-04-24T01:30:00+00:00,kalshi_milestone_start_date,2026-04-25T14:36:15.829777Z,e8e66efc-3847-4a32-8ea5-4194835d65a1,1,1777004094,1777003388.0,True,1313,2026-04-24,validation,5m,1776993900,included,1776993900,0,0.525,0.52,0.53,0.010000000000000009,0.53,209586.63,60
KXNBAGAME-26APR24BOSPHI,KXNBAGAME-26APR24BOSPHI-PHI,NBA,winner,Philadelphia,Boston,1777071600,2026-04-24T23:00:00+00:00,kalshi_milestone_start_date,2026-04-26T17:37:39.690514Z,f83e2442-93ff-4c56-8120-0fc97166ee52,0,1777081620,1777082400.0,True,1306,2026-04-24,validation,24h,1776985200,included,1776985200,0,0.275,0.27,0.28,0.010000000000000009,0.28,7796.85,48
KXNBAGAME-26APR24BOSPHI,KXNBAGAME-26APR24BOSPHI-PHI,NBA,winner,Philadelphia,Boston,1777071600,2026-04-24T23:00:00+00:00,kalshi_milestone_start_date,2026-04-26T17:37:39.690514Z,f83e2442-93ff-4c56-8120-0fc97166ee52,0,1777081620,1777082400.0,True,1306,2026-04-24,validation,6h,1777050000,included,1777050000,0,0.265,0.26,0.27,0.010000000000000009,0.27,79865.38,60
KXNBAGAME-26APR24BOSPHI,KXNBAGAME-26APR24BOSPHI-PHI,NBA,winner,Philadelphia,Boston,1777071600,2026-04-24T23:00:00+00:00,kalshi_milestone_start_date,2026-04-26T17:37:39.690514Z,f83e2442-93ff-4c56-8120-0fc97166ee52,0,1777081620,1777082400.0,True,1306,2026-04-24,validation,1h,1777068000,included,1777068000,0,0.245,0.24,0.25,0.010000000000000009,0.25,396343.15,60
KXNBAGAME-26APR24BOSPHI,KXNBAGAME-26APR24BOSPHI-PHI,NBA,winner,Philadelphia,Boston,1777071600,2026-04-24T23:00:00+00:00,kalshi_milestone_start_date,2026-04-26T17:37:39.690514Z,f83e2442-93ff-4c56-8120-0fc97166ee52,0,1777081620,1777082400.0,True,1306,2026-04-24,validation,5m,1777071300,included,1777071300,0,0.235,0.23,0.24,0.009999999999999981,0.24,528005.61,60
KXNBAGAME-26APR24LALHOU,KXNBAGAME-26APR24LALHOU-HOU,NBA,winner,Houston,Los Angeles L,1777075200,2026-04-25T00:00:00+00:00,kalshi_milestone_start_date,2026-04-26T17:37:39.634154Z,da987eed-fb3c-4c8b-b274-d6dcf5bd2bdb,0,1777086670,1777085548.0,True,1341,2026-04-25,validation,24h,1776988800,included,1776988800,0,0.745,0.74,0.75,0.010000000000000009,0.75,2238.67,31
KXNBAGAME-26APR24LALHOU,KXNBAGAME-26APR24LALHOU-HOU,NBA,winner,Houston,Los Angeles L,1777075200,2026-04-25T00:00:00+00:00,kalshi_milestone_start_date,2026-04-26T17:37:39.634154Z,da987eed-fb3c-4c8b-b274-d6dcf5bd2bdb,0,1777086670,1777085548.0,True,1341,2026-04-25,validation,6h,1777053600,included,1777053600,0,0.735,0.73,0.74,0.010000000000000009,0.74,24542.84,57
KXNBAGAME-26APR24LALHOU,KXNBAGAME-26APR24LALHOU-HOU,NBA,winner,Houston,Los Angeles L,1777075200,2026-04-25T00:00:00+00:00,kalshi_milestone_start_date,2026-04-26T17:37:39.634154Z,da987eed-fb3c-4c8b-b274-d6dcf5bd2bdb,0,1777086670,1777085548.0,True,1341,2026-04-25,validation,1h,1777071600,included,1777071600,0,0.635,0.63,0.64,0.010000000000000009,0.64,314266.79,60
KXNBAGAME-26APR24LALHOU,KXNBAGAME-26APR24LALHOU-HOU,NBA,winner,Houston,Los Angeles L,1777075200,2026-04-25T00:00:00+00:00,kalshi_milestone_start_date,2026-04-26T17:37:39.634154Z,da987eed-fb3c-4c8b-b274-d6dcf5bd2bdb,0,1777086670,1777085548.0,True,1341,2026-04-25,validation,5m,1777074900,included,1777074900,0,0.675,0.67,0.68,0.010000000000000009,0.68,488229.36,60
KXNBAGAME-26APR24SASPOR,KXNBAGAME-26APR24SASPOR-POR,NBA,winner,Portland,San Antonio,1777084200,2026-04-25T02:30:00+00:00,kalshi_milestone_start_date,2026-04-26T17:37:39.650466Z,d49305aa-c538-45af-a812-2df312509569,0,1777095160,1777093827.0,True,1395,2026-04-25,validation,24h,1776997800,included,1776997800,0,0.46499999999999997,0.46,0.47,0.009999999999999953,0.47,1987.16,26
KXNBAGAME-26APR24SASPOR,KXNBAGAME-26APR24SASPOR-POR,NBA,winner,Portland,San Antonio,1777084200,2026-04-25T02:30:00+00:00,kalshi_milestone_start_date,2026-04-26T17:37:39.650466Z,d49305aa-c538-45af-a812-2df312509569,0,1777095160,1777093827.0,True,1395,2026-04-25,validation,6h,1777062600,included,1777062600,0,0.425,0.42,0.43,0.010000000000000009,0.43,48858.31,60
KXNBAGAME-26APR24SASPOR,KXNBAGAME-26APR24SASPOR-POR,NBA,winner,Portland,San Antonio,1777084200,2026-04-25T02:30:00+00:00,kalshi_milestone_start_date,2026-04-26T17:37:39.650466Z,d49305aa-c538-45af-a812-2df312509569,0,1777095160,1777093827.0,True,1395,2026-04-25,validation,1h,1777080600,included,1777080600,0,0.46499999999999997,0.46,0.47,0.009999999999999953,0.47,447624.16000000003,60
KXNBAGAME-26APR24SASPOR,KXNBAGAME-26APR24SASPOR-POR,NBA,winner,Portland,San Antonio,1777084200,2026-04-25T02:30:00+00:00,kalshi_milestone_start_date,2026-04-26T17:37:39.650466Z,d49305aa-c538-45af-a812-2df312509569,0,1777095160,1777093827.0,True,1395,2026-04-25,validation,5m,1777083900,included,1777083900,0,0.475,0.47,0.48,0.010000000000000009,0.48,599191.87,60
KXNBAGAME-26APR25DETORL,KXNBAGAME-26APR25DETORL-ORL,NBA,winner,Orlando,Detroit,1777136400,2026-04-25T17:00:00+00:00,kalshi_milestone_start_date,2026-05-10T17:27:26.117799Z,b0930566-4c18-48f2-bcaa-63b7fa530441,1,1777146900,1777147200.0,True,1146,2026-04-25,validation,6h,1777114800,included,1777114800,0,0.435,0.43,0.44,0.010000000000000009,0.44,9047.01,42
KXNBAGAME-26APR25DETORL,KXNBAGAME-26APR25DETORL-ORL,NBA,winner,Orlando,Detroit,1777136400,2026-04-25T17:00:00+00:00,kalshi_milestone_start_date,2026-05-10T17:27:26.117799Z,b0930566-4c18-48f2-bcaa-63b7fa530441,1,1777146900,1777147200.0,True,1146,2026-04-25,validation,1h,1777132800,included,1777132800,0,0.455,0.45,0.46,0.010000000000000009,0.46,77419.91,60
KXNBAGAME-26APR25DETORL,KXNBAGAME-26APR25DETORL-ORL,NBA,winner,Orlando,Detroit,1777136400,2026-04-25T17:00:00+00:00,kalshi_milestone_start_date,2026-05-10T17:27:26.117799Z,b0930566-4c18-48f2-bcaa-63b7fa530441,1,1777146900,1777147200.0,True,1146,2026-04-25,validation,5m,1777136100,included,1777136100,0,0.46499999999999997,0.46,0.47,0.009999999999999953,0.47,339505.36,60
KXNBAGAME-26APR25OKCPHX,KXNBAGAME-26APR25OKCPHX-PHX,NBA,winner,Phoenix,Oklahoma City,1777145400,2026-04-25T19:30:00+00:00,kalshi_milestone_start_date,2026-04-29T05:18:50.14918Z,0df91d09-59f0-4d5d-8db2-7c9fc39fb4a7,0,1777154988,1777156200.0,True,1351,2026-04-25,validation,24h,1777059000,included,1777059000,0,0.22,0.21,0.23,0.020000000000000018,0.23,4329.34,29
KXNBAGAME-26APR25OKCPHX,KXNBAGAME-26APR25OKCPHX-PHX,NBA,winner,Phoenix,Oklahoma City,1777145400,2026-04-25T19:30:00+00:00,kalshi_milestone_start_date,2026-04-29T05:18:50.14918Z,0df91d09-59f0-4d5d-8db2-7c9fc39fb4a7,0,1777154988,1777156200.0,True,1351,2026-04-25,validation,6h,1777123800,included,1777123800,0,0.215,0.21,0.22,0.010000000000000009,0.22,157362.56,60
KXNBAGAME-26APR25OKCPHX,KXNBAGAME-26APR25OKCPHX-PHX,NBA,winner,Phoenix,Oklahoma City,1777145400,2026-04-25T19:30:00+00:00,kalshi_milestone_start_date,2026-04-29T05:18:50.14918Z,0df91d09-59f0-4d5d-8db2-7c9fc39fb4a7,0,1777154988,1777156200.0,True,1351,2026-04-25,validation,1h,1777141800,included,1777141800,0,0.225,0.22,0.23,0.010000000000000009,0.23,124699.08,60
KXNBAGAME-26APR25OKCPHX,KXNBAGAME-26APR25OKCPHX-PHX,NBA,winner,Phoenix,Oklahoma City,1777145400,2026-04-25T19:30:00+00:00,kalshi_milestone_start_date,2026-04-29T05:18:50.14918Z,0df91d09-59f0-4d5d-8db2-7c9fc39fb4a7,0,1777154988,1777156200.0,True,1351,2026-04-25,validation,5m,1777145100,included,1777145100,0,0.235,0.23,0.24,0.009999999999999981,0.24,451377.71,60
KXNBAGAME-26APR25NYKATL,KXNBAGAME-26APR25NYKATL-ATL,NBA,winner,Atlanta,New York,1777154400,2026-04-25T22:00:00+00:00,kalshi_milestone_start_date,2026-04-27T19:12:06.191404Z,7a46ad84-fbe3-4fc9-9d35-e50b3c96b8fe,0,1777164790,1777164045.0,True,1201,2026-04-25,validation,24h,1777068000,included,1777067940,60,0.46499999999999997,0.46,0.47,0.009999999999999953,0.47,989.35,15
KXNBAGAME-26APR25NYKATL,KXNBAGAME-26APR25NYKATL-ATL,NBA,winner,Atlanta,New York,1777154400,2026-04-25T22:00:00+00:00,kalshi_milestone_start_date,2026-04-27T19:12:06.191404Z,7a46ad84-fbe3-4fc9-9d35-e50b3c96b8fe,0,1777164790,1777164045.0,True,1201,2026-04-25,validation,6h,1777132800,included,1777132800,0,0.46499999999999997,0.46,0.47,0.009999999999999953,0.47,15725.17,56
KXNBAGAME-26APR25NYKATL,KXNBAGAME-26APR25NYKATL-ATL,NBA,winner,Atlanta,New York,1777154400,2026-04-25T22:00:00+00:00,kalshi_milestone_start_date,2026-04-27T19:12:06.191404Z,7a46ad84-fbe3-4fc9-9d35-e50b3c96b8fe,0,1777164790,1777164045.0,True,1201,2026-04-25,validation,1h,1777150800,included,1777150800,0,0.455,0.45,0.46,0.010000000000000009,0.46,130298.92,60
KXNBAGAME-26APR25NYKATL,KXNBAGAME-26APR25NYKATL-ATL,NBA,winner,Atlanta,New York,1777154400,2026-04-25T22:00:00+00:00,kalshi_milestone_start_date,2026-04-27T19:12:06.191404Z,7a46ad84-fbe3-4fc9-9d35-e50b3c96b8fe,0,1777164790,1777164045.0,True,1201,2026-04-25,validation,5m,1777154100,included,1777154100,0,0.46499999999999997,0.46,0.47,0.009999999999999953,0.47,693847.01,60
KXNBAGAME-26APR25DENMIN,KXNBAGAME-26APR25DENMIN-MIN,NBA,winner,Minnesota,Denver,1777163400,2026-04-26T00:30:00+00:00,kalshi_milestone_start_date,2026-04-28T02:41:43.332292Z,17d00430-0a3b-4632-914b-8a276d2d8bb6,1,1777173910,1777173239.0,True,1240,2026-04-26,validation,6h,1777141800,included,1777141800,0,0.485,0.48,0.49,0.010000000000000009,0.49,25059.72,58
KXNBAGAME-26APR25DENMIN,KXNBAGAME-26APR25DENMIN-MIN,NBA,winner,Minnesota,Denver,1777163400,2026-04-26T00:30:00+00:00,kalshi_milestone_start_date,2026-04-28T02:41:43.332292Z,17d00430-0a3b-4632-914b-8a276d2d8bb6,1,1777173910,1777173239.0,True,1240,2026-04-26,validation,1h,1777159800,included,1777159800,0,0.515,0.51,0.52,0.010000000000000009,0.52,207771.9,60
KXNBAGAME-26APR25DENMIN,KXNBAGAME-26APR25DENMIN-MIN,NBA,winner,Minnesota,Denver,1777163400,2026-04-26T00:30:00+00:00,kalshi_milestone_start_date,2026-04-28T02:41:43.332292Z,17d00430-0a3b-4632-914b-8a276d2d8bb6,1,1777173910,1777173239.0,True,1240,2026-04-26,validation,5m,1777163100,included,1777163100,0,0.475,0.47,0.48,0.010000000000000009,0.48,910825.37,60
KXNBAGAME-26APR26CLETOR,KXNBAGAME-26APR26CLETOR-TOR,NBA,winner,Toronto,Cleveland,1777222800,2026-04-26T17:00:00+00:00,kalshi_milestone_start_date,2026-04-28T17:41:59.111079Z,84afc13d-3944-4434-bc06-75d5763f39a9,1,1777233380,1777232514.0,True,1188,2026-04-26,validation,24h,1777136400,included,1777136400,0,0.395,0.39,0.4,0.010000000000000009,,610.68,12
KXNBAGAME-26APR26CLETOR,KXNBAGAME-26APR26CLETOR-TOR,NBA,winner,Toronto,Cleveland,1777222800,2026-04-26T17:00:00+00:00,kalshi_milestone_start_date,2026-04-28T17:41:59.111079Z,84afc13d-3944-4434-bc06-75d5763f39a9,1,1777233380,1777232514.0,True,1188,2026-04-26,validation,6h,1777201200,included,1777201200,0,0.395,0.39,0.4,0.010000000000000009,0.4,5605.54,33
KXNBAGAME-26APR26CLETOR,KXNBAGAME-26APR26CLETOR-TOR,NBA,winner,Toronto,Cleveland,1777222800,2026-04-26T17:00:00+00:00,kalshi_milestone_start_date,2026-04-28T17:41:59.111079Z,84afc13d-3944-4434-bc06-75d5763f39a9,1,1777233380,1777232514.0,True,1188,2026-04-26,validation,1h,1777219200,included,1777219200,0,0.385,0.38,0.39,0.010000000000000009,0.39,225601.86,60
KXNBAGAME-26APR26CLETOR,KXNBAGAME-26APR26CLETOR-TOR,NBA,winner,Toronto,Cleveland,1777222800,2026-04-26T17:00:00+00:00,kalshi_milestone_start_date,2026-04-28T17:41:59.111079Z,84afc13d-3944-4434-bc06-75d5763f39a9,1,1777233380,1777232514.0,True,1188,2026-04-26,validation,5m,1777222500,included,1777222500,0,0.385,0.38,0.39,0.010000000000000009,0.39,253939.99,60
KXNBAGAME-26APR26SASPOR,KXNBAGAME-26APR26SASPOR-POR,NBA,winner,Portland,San Antonio,1777231800,2026-04-26T19:30:00+00:00,kalshi_milestone_start_date,2026-04-29T19:42:02.070833Z,31932dea-c08e-44e9-a831-7ff02e777573,0,1777242220,1777241545.0,True,1296,2026-04-26,validation,24h,1777145400,included,1777145400,0,0.335,0.33,0.34,0.010000000000000009,0.34,2104.87,32
KXNBAGAME-26APR26SASPOR,KXNBAGAME-26APR26SASPOR-POR,NBA,winner,Portland,San Antonio,1777231800,2026-04-26T19:30:00+00:00,kalshi_milestone_start_date,2026-04-29T19:42:02.070833Z,31932dea-c08e-44e9-a831-7ff02e777573,0,1777242220,1777241545.0,True,1296,2026-04-26,validation,6h,1777210200,included,1777210200,0,0.345,0.34,0.35,0.009999999999999953,0.35,9661.07,50
KXNBAGAME-26APR26SASPOR,KXNBAGAME-26APR26SASPOR-POR,NBA,winner,Portland,San Antonio,1777231800,2026-04-26T19:30:00+00:00,kalshi_milestone_start_date,2026-04-29T19:42:02.070833Z,31932dea-c08e-44e9-a831-7ff02e777573,0,1777242220,1777241545.0,True,1296,2026-04-26,validation,1h,1777228200,included,1777228200,0,0.355,0.35,0.36,0.010000000000000009,0.36,94772.18000000001,60
KXNBAGAME-26APR26SASPOR,KXNBAGAME-26APR26SASPOR-POR,NBA,winner,Portland,San Antonio,1777231800,2026-04-26T19:30:00+00:00,kalshi_milestone_start_date,2026-04-29T19:42:02.070833Z,31932dea-c08e-44e9-a831-7ff02e777573,0,1777242220,1777241545.0,True,1296,2026-04-26,validation,5m,1777231500,included,1777231500,0,0.325,0.32,0.33,0.010000000000000009,0.33,409348.58,60
KXNBAGAME-26APR26BOSPHI,KXNBAGAME-26APR26BOSPHI-PHI,NBA,winner,Philadelphia,Boston,1777244400,2026-04-26T23:00:00+00:00,kalshi_milestone_start_date,2026-04-28T15:39:55.60331Z,962035e3-3709-4dab-9633-7e3e2aeab942,0,1777253900,1777255200.0,True,1295,2026-04-26,validation,24h,1777158000,included,1777157940,60,0.275,0.27,0.28,0.010000000000000009,,3093.2599999999998,32
KXNBAGAME-26APR26BOSPHI,KXNBAGAME-26APR26BOSPHI-PHI,NBA,winner,Philadelphia,Boston,1777244400,2026-04-26T23:00:00+00:00,kalshi_milestone_start_date,2026-04-28T15:39:55.60331Z,962035e3-3709-4dab-9633-7e3e2aeab942,0,1777253900,1777255200.0,True,1295,2026-04-26,validation,6h,1777222800,included,1777222800,0,0.265,0.26,0.27,0.010000000000000009,0.27,54362.24,60
KXNBAGAME-26APR26BOSPHI,KXNBAGAME-26APR26BOSPHI-PHI,NBA,winner,Philadelphia,Boston,1777244400,2026-04-26T23:00:00+00:00,kalshi_milestone_start_date,2026-04-28T15:39:55.60331Z,962035e3-3709-4dab-9633-7e3e2aeab942,0,1777253900,1777255200.0,True,1295,2026-04-26,validation,1h,1777240800,included,1777240800,0,0.305,0.3,0.31,0.010000000000000009,0.31,1122992.69,60
KXNBAGAME-26APR26BOSPHI,KXNBAGAME-26APR26BOSPHI-PHI,NBA,winner,Philadelphia,Boston,1777244400,2026-04-26T23:00:00+00:00,kalshi_milestone_start_date,2026-04-28T15:39:55.60331Z,962035e3-3709-4dab-9633-7e3e2aeab942,0,1777253900,1777255200.0,True,1295,2026-04-26,validation,5m,1777244100,included,1777244100,0,0.335,0.33,0.34,0.010000000000000009,0.34,2195444.34,60
KXNBAGAME-26APR26LALHOU,KXNBAGAME-26APR26LALHOU-HOU,NBA,winner,Houston,Los Angeles L,1777253400,2026-04-27T01:30:00+00:00,kalshi_milestone_start_date,2026-04-28T15:39:55.614496Z,b7196248-fbb3-4202-8f08-99ce283d241c,1,1777263480,1777262810.0,True,1196,2026-04-27,validation,24h,1777167000,included,1777167000,0,0.62,0.61,0.63,0.020000000000000018,0.63,1171.76,31
KXNBAGAME-26APR26LALHOU,KXNBAGAME-26APR26LALHOU-HOU,NBA,winner,Houston,Los Angeles L,1777253400,2026-04-27T01:30:00+00:00,kalshi_milestone_start_date,2026-04-28T15:39:55.614496Z,b7196248-fbb3-4202-8f08-99ce283d241c,1,1777263480,1777262810.0,True,1196,2026-04-27,validation,6h,1777231800,included,1777231800,0,0.565,0.56,0.57,0.009999999999999898,0.57,83780.25,56
KXNBAGAME-26APR26LALHOU,KXNBAGAME-26APR26LALHOU-HOU,NBA,winner,Houston,Los Angeles L,1777253400,2026-04-27T01:30:00+00:00,kalshi_milestone_start_date,2026-04-28T15:39:55.614496Z,b7196248-fbb3-4202-8f08-99ce283d241c,1,1777263480,1777262810.0,True,1196,2026-04-27,validation,1h,1777249800,included,1777249800,0,0.575,0.57,0.58,0.010000000000000009,0.58,252601.91,60
KXNBAGAME-26APR26LALHOU,KXNBAGAME-26APR26LALHOU-HOU,NBA,winner,Houston,Los Angeles L,1777253400,2026-04-27T01:30:00+00:00,kalshi_milestone_start_date,2026-04-28T15:39:55.614496Z,b7196248-fbb3-4202-8f08-99ce283d241c,1,1777263480,1777262810.0,True,1196,2026-04-27,validation,5m,1777253100,included,1777253100,0,0.595,0.59,0.6,0.010000000000000009,0.6,504225.42,60
KXNBAGAME-26APR27DETORL,KXNBAGAME-26APR27DETORL-ORL,NBA,winner,Orlando,Detroit,1777334400,2026-04-28T00:00:00+00:00,kalshi_milestone_start_date,2026-05-02T04:17:41.595742Z,33c13fba-3432-4e6c-95d7-2e2fcf8825d8,1,1777345129,1777345200.0,True,1318,2026-04-28,validation,24h,1777248000,included,1777247880,120,0.425,0.42,0.43,0.010000000000000009,0.43,1778.27,27
KXNBAGAME-26APR27DETORL,KXNBAGAME-26APR27DETORL-ORL,NBA,winner,Orlando,Detroit,1777334400,2026-04-28T00:00:00+00:00,kalshi_milestone_start_date,2026-05-02T04:17:41.595742Z,33c13fba-3432-4e6c-95d7-2e2fcf8825d8,1,1777345129,1777345200.0,True,1318,2026-04-28,validation,6h,1777312800,included,1777312800,0,0.415,0.41,0.42,0.010000000000000009,0.42,28422.76,60
KXNBAGAME-26APR27DETORL,KXNBAGAME-26APR27DETORL-ORL,NBA,winner,Orlando,Detroit,1777334400,2026-04-28T00:00:00+00:00,kalshi_milestone_start_date,2026-05-02T04:17:41.595742Z,33c13fba-3432-4e6c-95d7-2e2fcf8825d8,1,1777345129,1777345200.0,True,1318,2026-04-28,validation,1h,1777330800,included,1777330800,0,0.405,0.4,0.41,0.009999999999999953,0.41,434582.32,60
KXNBAGAME-26APR27DETORL,KXNBAGAME-26APR27DETORL-ORL,NBA,winner,Orlando,Detroit,1777334400,2026-04-28T00:00:00+00:00,kalshi_milestone_start_date,2026-05-02T04:17:41.595742Z,33c13fba-3432-4e6c-95d7-2e2fcf8825d8,1,1777345129,1777345200.0,True,1318,2026-04-28,validation,5m,1777334100,included,1777334100,0,0.395,0.39,0.4,0.010000000000000009,0.4,506310.21,60
KXNBAGAME-26APR27OKCPHX,KXNBAGAME-26APR27OKCPHX-PHX,NBA,winner,Phoenix,Oklahoma City,1777339800,2026-04-28T01:30:00+00:00,kalshi_milestone_start_date,2026-04-29T14:40:25.433787Z,367ba89f-5ec6-4bd7-bb0f-c96480ff1ad4,0,1777349939,1777350600.0,True,1300,2026-04-28,validation,24h,1777253400,included,1777253400,0,0.195,0.19,0.2,0.010000000000000009,0.2,5761.900000000001,39
KXNBAGAME-26APR27OKCPHX,KXNBAGAME-26APR27OKCPHX-PHX,NBA,winner,Phoenix,Oklahoma City,1777339800,2026-04-28T01:30:00+00:00,kalshi_milestone_start_date,2026-04-29T14:40:25.433787Z,367ba89f-5ec6-4bd7-bb0f-c96480ff1ad4,0,1777349939,1777350600.0,True,1300,2026-04-28,validation,6h,1777318200,included,1777318200,0,0.185,0.18,0.19,0.010000000000000009,0.19,47932.68,60
KXNBAGAME-26APR27OKCPHX,KXNBAGAME-26APR27OKCPHX-PHX,NBA,winner,Phoenix,Oklahoma City,1777339800,2026-04-28T01:30:00+00:00,kalshi_milestone_start_date,2026-04-29T14:40:25.433787Z,367ba89f-5ec6-4bd7-bb0f-c96480ff1ad4,0,1777349939,1777350600.0,True,1300,2026-04-28,validation,1h,1777336200,included,1777336200,0,0.185,0.18,0.19,0.010000000000000009,0.19,128699.14,60
KXNBAGAME-26APR27OKCPHX,KXNBAGAME-26APR27OKCPHX-PHX,NBA,winner,Phoenix,Oklahoma City,1777339800,2026-04-28T01:30:00+00:00,kalshi_milestone_start_date,2026-04-29T14:40:25.433787Z,367ba89f-5ec6-4bd7-bb0f-c96480ff1ad4,0,1777349939,1777350600.0,True,1300,2026-04-28,validation,5m,1777339500,included,1777339500,0,0.185,0.18,0.19,0.010000000000000009,0.19,256695.51,60
KXNBAGAME-26APR27MINDEN,KXNBAGAME-26APR27MINDEN-DEN,NBA,winner,Denver,Minnesota,1777343400,2026-04-28T02:30:00+00:00,kalshi_milestone_start_date,2026-04-29T14:40:25.440776Z,4430e1ef-6726-45d6-a0e0-d607cb3d3c21,1,1777353799,1777354200.0,True,1239,2026-04-28,validation,24h,1777257000,included,1777257000,0,0.805,0.8,0.81,0.010000000000000009,0.81,1498.18,35
KXNBAGAME-26APR27MINDEN,KXNBAGAME-26APR27MINDEN-DEN,NBA,winner,Denver,Minnesota,1777343400,2026-04-28T02:30:00+00:00,kalshi_milestone_start_date,2026-04-29T14:40:25.440776Z,4430e1ef-6726-45d6-a0e0-d607cb3d3c21,1,1777353799,1777354200.0,True,1239,2026-04-28,validation,6h,1777321800,included,1777321800,0,0.805,0.8,0.81,0.010000000000000009,0.81,340923.87,59
KXNBAGAME-26APR27MINDEN,KXNBAGAME-26APR27MINDEN-DEN,NBA,winner,Denver,Minnesota,1777343400,2026-04-28T02:30:00+00:00,kalshi_milestone_start_date,2026-04-29T14:40:25.440776Z,4430e1ef-6726-45d6-a0e0-d607cb3d3c21,1,1777353799,1777354200.0,True,1239,2026-04-28,validation,1h,1777339800,included,1777339800,0,0.815,0.81,0.82,0.009999999999999898,0.82,64156.8,60
KXNBAGAME-26APR27MINDEN,KXNBAGAME-26APR27MINDEN-DEN,NBA,winner,Denver,Minnesota,1777343400,2026-04-28T02:30:00+00:00,kalshi_milestone_start_date,2026-04-29T14:40:25.440776Z,4430e1ef-6726-45d6-a0e0-d607cb3d3c21,1,1777353799,1777354200.0,True,1239,2026-04-28,validation,5m,1777343100,included,1777343100,0,0.805,0.8,0.81,0.010000000000000009,0.8,258018.29,60
KXNBAGAME-26APR28PHIBOS,KXNBAGAME-26APR28PHIBOS-BOS,NBA,winner,Boston,Philadelphia,1777417200,2026-04-28T23:00:00+00:00,kalshi_milestone_start_date,2026-04-30T14:15:06.014057Z,658f0dbb-db04-418a-8308-a390fa5a278c,0,1777426524,1777428000.0,True,1220,2026-04-28,validation,24h,1777330800,included,1777330740,60,0.825,0.82,0.83,0.010000000000000009,0.83,1661.6599999999999,21
KXNBAGAME-26APR28PHIBOS,KXNBAGAME-26APR28PHIBOS-BOS,NBA,winner,Boston,Philadelphia,1777417200,2026-04-28T23:00:00+00:00,kalshi_milestone_start_date,2026-04-30T14:15:06.014057Z,658f0dbb-db04-418a-8308-a390fa5a278c,0,1777426524,1777428000.0,True,1220,2026-04-28,validation,6h,1777395600,included,1777395600,0,0.825,0.82,0.83,0.010000000000000009,0.83,9245.16,57
KXNBAGAME-26APR28PHIBOS,KXNBAGAME-26APR28PHIBOS-BOS,NBA,winner,Boston,Philadelphia,1777417200,2026-04-28T23:00:00+00:00,kalshi_milestone_start_date,2026-04-30T14:15:06.014057Z,658f0dbb-db04-418a-8308-a390fa5a278c,0,1777426524,1777428000.0,True,1220,2026-04-28,validation,1h,1777413600,included,1777413600,0,0.795,0.79,0.8,0.010000000000000009,0.8,336855.11,60
KXNBAGAME-26APR28PHIBOS,KXNBAGAME-26APR28PHIBOS-BOS,NBA,winner,Boston,Philadelphia,1777417200,2026-04-28T23:00:00+00:00,kalshi_milestone_start_date,2026-04-30T14:15:06.014057Z,658f0dbb-db04-418a-8308-a390fa5a278c,0,1777426524,1777428000.0,True,1220,2026-04-28,validation,5m,1777416900,included,1777416900,0,0.795,0.79,0.8,0.010000000000000009,0.8,224993.69,60
KXNBAGAME-26APR28ATLNYK,KXNBAGAME-26APR28ATLNYK-NYK,NBA,winner,New York,Atlanta,1777420800,2026-04-29T00:00:00+00:00,kalshi_milestone_start_date,2026-04-30T14:15:06.040406Z,6c937ee0-13a3-4521-965c-309ddac503cd,1,1777430924,1777431600.0,True,1463,2026-04-29,validation,24h,1777334400,included,1777334400,0,0.715,0.71,0.72,0.010000000000000009,,511.71,14
KXNBAGAME-26APR28ATLNYK,KXNBAGAME-26APR28ATLNYK-NYK,NBA,winner,New York,Atlanta,1777420800,2026-04-29T00:00:00+00:00,kalshi_milestone_start_date,2026-04-30T14:15:06.040406Z,6c937ee0-13a3-4521-965c-309ddac503cd,1,1777430924,1777431600.0,True,1463,2026-04-29,validation,6h,1777399200,included,1777399200,0,0.695,0.69,0.7,0.010000000000000009,0.7,27610.45,59
KXNBAGAME-26APR28ATLNYK,KXNBAGAME-26APR28ATLNYK-NYK,NBA,winner,New York,Atlanta,1777420800,2026-04-29T00:00:00+00:00,kalshi_milestone_start_date,2026-04-30T14:15:06.040406Z,6c937ee0-13a3-4521-965c-309ddac503cd,1,1777430924,1777431600.0,True,1463,2026-04-29,validation,1h,1777417200,included,1777417200,0,0.695,0.69,0.7,0.010000000000000009,0.7,83369.62,60
KXNBAGAME-26APR28ATLNYK,KXNBAGAME-26APR28ATLNYK-NYK,NBA,winner,New York,Atlanta,1777420800,2026-04-29T00:00:00+00:00,kalshi_milestone_start_date,2026-04-30T14:15:06.040406Z,6c937ee0-13a3-4521-965c-309ddac503cd,1,1777430924,1777431600.0,True,1463,2026-04-29,validation,5m,1777420500,included,1777420500,0,0.695,0.69,0.7,0.010000000000000009,0.7,193430.22,60
KXNBAGAME-26APR28PORSAS,KXNBAGAME-26APR28PORSAS-SAS,NBA,winner,San Antonio,Portland,1777426200,2026-04-29T01:30:00+00:00,kalshi_milestone_start_date,2026-04-30T14:15:05.989981Z,334548ce-7b34-4d78-962b-b13f0bba9c89,1,1777436884,1777437000.0,True,1218,2026-04-29,validation,24h,1777339800,included,1777339800,0,0.835,0.83,0.84,0.010000000000000009,0.84,455.06,17
KXNBAGAME-26APR28PORSAS,KXNBAGAME-26APR28PORSAS-SAS,NBA,winner,San Antonio,Portland,1777426200,2026-04-29T01:30:00+00:00,kalshi_milestone_start_date,2026-04-30T14:15:05.989981Z,334548ce-7b34-4d78-962b-b13f0bba9c89,1,1777436884,1777437000.0,True,1218,2026-04-29,validation,6h,1777404600,included,1777404600,0,0.835,0.83,0.84,0.010000000000000009,0.84,18038.57,55
KXNBAGAME-26APR28PORSAS,KXNBAGAME-26APR28PORSAS-SAS,NBA,winner,San Antonio,Portland,1777426200,2026-04-29T01:30:00+00:00,kalshi_milestone_start_date,2026-04-30T14:15:05.989981Z,334548ce-7b34-4d78-962b-b13f0bba9c89,1,1777436884,1777437000.0,True,1218,2026-04-29,validation,1h,1777422600,included,1777422600,0,0.825,0.82,0.83,0.010000000000000009,0.83,78451.91,60
KXNBAGAME-26APR28PORSAS,KXNBAGAME-26APR28PORSAS-SAS,NBA,winner,San Antonio,Portland,1777426200,2026-04-29T01:30:00+00:00,kalshi_milestone_start_date,2026-04-30T14:15:05.989981Z,334548ce-7b34-4d78-962b-b13f0bba9c89,1,1777436884,1777437000.0,True,1218,2026-04-29,validation,5m,1777425900,included,1777425900,0,0.825,0.82,0.83,0.010000000000000009,0.83,157787.99,60
KXNBAGAME-26APR29ORLDET,KXNBAGAME-26APR29ORLDET-DET,NBA,winner,Detroit,Orlando,1777503600,2026-04-29T23:00:00+00:00,kalshi_milestone_start_date,2026-05-01T16:15:11.498501Z,d5d887be-6f8d-4eff-ae5f-47d984209557,1,1777513464,1777514400.0,True,1187,2026-04-29,validation,24h,1777417200,included,1777417200,0,0.765,0.76,0.77,0.010000000000000009,,746.18,16
KXNBAGAME-26APR29ORLDET,KXNBAGAME-26APR29ORLDET-DET,NBA,winner,Detroit,Orlando,1777503600,2026-04-29T23:00:00+00:00,kalshi_milestone_start_date,2026-05-01T16:15:11.498501Z,d5d887be-6f8d-4eff-ae5f-47d984209557,1,1777513464,1777514400.0,True,1187,2026-04-29,validation,6h,1777482000,included,1777482000,0,0.765,0.76,0.77,0.010000000000000009,0.77,13781.74,55
KXNBAGAME-26APR29ORLDET,KXNBAGAME-26APR29ORLDET-DET,NBA,winner,Detroit,Orlando,1777503600,2026-04-29T23:00:00+00:00,kalshi_milestone_start_date,2026-05-01T16:15:11.498501Z,d5d887be-6f8d-4eff-ae5f-47d984209557,1,1777513464,1777514400.0,True,1187,2026-04-29,validation,1h,1777500000,included,1777500000,0,0.775,0.77,0.78,0.010000000000000009,0.78,333918.31,60
KXNBAGAME-26APR29ORLDET,KXNBAGAME-26APR29ORLDET-DET,NBA,winner,Detroit,Orlando,1777503600,2026-04-29T23:00:00+00:00,kalshi_milestone_start_date,2026-05-01T16:15:11.498501Z,d5d887be-6f8d-4eff-ae5f-47d984209557,1,1777513464,1777514400.0,True,1187,2026-04-29,validation,5m,1777503300,included,1777503300,0,0.785,0.78,0.79,0.010000000000000009,0.78,481503.75,60
KXNBAGAME-26APR29TORCLE,KXNBAGAME-26APR29TORCLE-CLE,NBA,winner,Cleveland,Toronto,1777505400,2026-04-29T23:30:00+00:00,kalshi_milestone_start_date,2026-05-01T16:15:11.487013Z,69391a79-39fd-4c62-a734-4bf864ddbd6a,1,1777515574,1777516200.0,True,1106,2026-04-29,validation,24h,1777419000,included,1777419000,0,0.765,0.76,0.77,0.010000000000000009,0.77,151.22,12
KXNBAGAME-26APR29TORCLE,KXNBAGAME-26APR29TORCLE-CLE,NBA,winner,Cleveland,Toronto,1777505400,2026-04-29T23:30:00+00:00,kalshi_milestone_start_date,2026-05-01T16:15:11.487013Z,69391a79-39fd-4c62-a734-4bf864ddbd6a,1,1777515574,1777516200.0,True,1106,2026-04-29,validation,6h,1777483800,included,1777483800,0,0.765,0.76,0.77,0.010000000000000009,0.77,13168.86,56
KXNBAGAME-26APR29TORCLE,KXNBAGAME-26APR29TORCLE-CLE,NBA,winner,Cleveland,Toronto,1777505400,2026-04-29T23:30:00+00:00,kalshi_milestone_start_date,2026-05-01T16:15:11.487013Z,69391a79-39fd-4c62-a734-4bf864ddbd6a,1,1777515574,1777516200.0,True,1106,2026-04-29,validation,1h,1777501800,included,1777501800,0,0.775,0.77,0.78,0.010000000000000009,0.78,92007.98,58
KXNBAGAME-26APR29TORCLE,KXNBAGAME-26APR29TORCLE-CLE,NBA,winner,Cleveland,Toronto,1777505400,2026-04-29T23:30:00+00:00,kalshi_milestone_start_date,2026-05-01T16:15:11.487013Z,69391a79-39fd-4c62-a734-4bf864ddbd6a,1,1777515574,1777516200.0,True,1106,2026-04-29,validation,5m,1777505100,included,1777505100,0,0.775,0.77,0.78,0.010000000000000009,0.78,128200.94,60
KXNBAGAME-26APR29HOULAL,KXNBAGAME-26APR29HOULAL-LAL,NBA,winner,Los Angeles L,Houston,1777514400,2026-04-30T02:00:00+00:00,kalshi_milestone_start_date,2026-05-01T16:15:11.518101Z,3c1b637a-7a46-42b8-a62c-6931e5fc50e4,0,1777524564,1777525200.0,True,1459,2026-04-30,validation,24h,1777428000,included,1777428000,0,0.625,0.62,0.63,0.010000000000000009,0.63,44314.71,58
KXNBAGAME-26APR29HOULAL,KXNBAGAME-26APR29HOULAL-LAL,NBA,winner,Los Angeles L,Houston,1777514400,2026-04-30T02:00:00+00:00,kalshi_milestone_start_date,2026-05-01T16:15:11.518101Z,3c1b637a-7a46-42b8-a62c-6931e5fc50e4,0,1777524564,1777525200.0,True,1459,2026-04-30,validation,6h,1777492800,included,1777492800,0,0.605,0.6,0.61,0.010000000000000009,0.61,81020.77,60
KXNBAGAME-26APR29HOULAL,KXNBAGAME-26APR29HOULAL-LAL,NBA,winner,Los Angeles L,Houston,1777514400,2026-04-30T02:00:00+00:00,kalshi_milestone_start_date,2026-05-01T16:15:11.518101Z,3c1b637a-7a46-42b8-a62c-6931e5fc50e4,0,1777524564,1777525200.0,True,1459,2026-04-30,validation,1h,1777510800,included,1777510800,0,0.605,0.6,0.61,0.010000000000000009,0.61,195583.91,60
KXNBAGAME-26APR29HOULAL,KXNBAGAME-26APR29HOULAL-LAL,NBA,winner,Los Angeles L,Houston,1777514400,2026-04-30T02:00:00+00:00,kalshi_milestone_start_date,2026-05-01T16:15:11.518101Z,3c1b637a-7a46-42b8-a62c-6931e5fc50e4,0,1777524564,1777525200.0,True,1459,2026-04-30,validation,5m,1777514100,included,1777514100,0,0.595,0.59,0.6,0.010000000000000009,0.6,817867.03,60
KXNBAGAME-26APR30NYKATL,KXNBAGAME-26APR30NYKATL-ATL,NBA,winner,Atlanta,New York,1777590000,2026-04-30T23:00:00+00:00,kalshi_milestone_start_date,2026-05-02T15:19:22.009509Z,29851e19-ffdb-4a68-8535-a171c65eee61,0,1777599916,1777599600.0,True,1159,2026-04-30,validation,24h,1777503600,included,1777503600,0,0.445,0.44,0.45,0.010000000000000009,,946.55,18
KXNBAGAME-26APR30NYKATL,KXNBAGAME-26APR30NYKATL-ATL,NBA,winner,Atlanta,New York,1777590000,2026-04-30T23:00:00+00:00,kalshi_milestone_start_date,2026-05-02T15:19:22.009509Z,29851e19-ffdb-4a68-8535-a171c65eee61,0,1777599916,1777599600.0,True,1159,2026-04-30,validation,6h,1777568400,included,1777568400,0,0.435,0.43,0.44,0.010000000000000009,0.44,21916.32,54
KXNBAGAME-26APR30NYKATL,KXNBAGAME-26APR30NYKATL-ATL,NBA,winner,Atlanta,New York,1777590000,2026-04-30T23:00:00+00:00,kalshi_milestone_start_date,2026-05-02T15:19:22.009509Z,29851e19-ffdb-4a68-8535-a171c65eee61,0,1777599916,1777599600.0,True,1159,2026-04-30,validation,1h,1777586400,included,1777586400,0,0.425,0.42,0.43,0.010000000000000009,0.43,186208.21,60
KXNBAGAME-26APR30NYKATL,KXNBAGAME-26APR30NYKATL-ATL,NBA,winner,Atlanta,New York,1777590000,2026-04-30T23:00:00+00:00,kalshi_milestone_start_date,2026-05-02T15:19:22.009509Z,29851e19-ffdb-4a68-8535-a171c65eee61,0,1777599916,1777599600.0,True,1159,2026-04-30,validation,5m,1777589700,included,1777589700,0,0.415,0.41,0.42,0.010000000000000009,0.42,395466.0,60
KXNBAGAME-26APR30BOSPHI,KXNBAGAME-26APR30BOSPHI-PHI,NBA,winner,Philadelphia,Boston,1777593600,2026-05-01T00:00:00+00:00,kalshi_milestone_start_date,2026-05-02T15:19:22.00366Z,c9244070-f6e4-4afd-a7b6-36bbc6871a0b,1,1777602807,1777602600.0,True,1189,2026-05-01,validation,6h,1777572000,included,1777571940,60,0.315,0.31,0.32,0.010000000000000009,0.32,44302.31,59
KXNBAGAME-26APR30BOSPHI,KXNBAGAME-26APR30BOSPHI-PHI,NBA,winner,Philadelphia,Boston,1777593600,2026-05-01T00:00:00+00:00,kalshi_milestone_start_date,2026-05-02T15:19:22.00366Z,c9244070-f6e4-4afd-a7b6-36bbc6871a0b,1,1777602807,1777602600.0,True,1189,2026-05-01,validation,1h,1777590000,included,1777590000,0,0.315,0.31,0.32,0.010000000000000009,0.32,201836.67,60
KXNBAGAME-26APR30BOSPHI,KXNBAGAME-26APR30BOSPHI-PHI,NBA,winner,Philadelphia,Boston,1777593600,2026-05-01T00:00:00+00:00,kalshi_milestone_start_date,2026-05-02T15:19:22.00366Z,c9244070-f6e4-4afd-a7b6-36bbc6871a0b,1,1777602807,1777602600.0,True,1189,2026-05-01,validation,5m,1777593300,included,1777593300,0,0.315,0.31,0.32,0.010000000000000009,0.32,768501.0,60
KXNBAGAME-26APR30DENMIN,KXNBAGAME-26APR30DENMIN-MIN,NBA,winner,Minnesota,Denver,1777599000,2026-05-01T01:30:00+00:00,kalshi_milestone_start_date,2026-05-02T15:19:22.075533Z,77d53b3d-e0ee-4661-95c5-afa496f598d7,1,1777609457,1777609200.0,True,1255,2026-05-01,validation,24h,1777512600,included,1777512600,0,0.335,0.33,0.34,0.010000000000000009,0.34,1448.76,28
KXNBAGAME-26APR30DENMIN,KXNBAGAME-26APR30DENMIN-MIN,NBA,winner,Minnesota,Denver,1777599000,2026-05-01T01:30:00+00:00,kalshi_milestone_start_date,2026-05-02T15:19:22.075533Z,77d53b3d-e0ee-4661-95c5-afa496f598d7,1,1777609457,1777609200.0,True,1255,2026-05-01,validation,6h,1777577400,included,1777577400,0,0.325,0.32,0.33,0.010000000000000009,0.33,25806.86,59
KXNBAGAME-26APR30DENMIN,KXNBAGAME-26APR30DENMIN-MIN,NBA,winner,Minnesota,Denver,1777599000,2026-05-01T01:30:00+00:00,kalshi_milestone_start_date,2026-05-02T15:19:22.075533Z,77d53b3d-e0ee-4661-95c5-afa496f598d7,1,1777609457,1777609200.0,True,1255,2026-05-01,validation,1h,1777595400,included,1777595400,0,0.28500000000000003,0.28,0.29,0.009999999999999953,0.29,304120.09,60
KXNBAGAME-26APR30DENMIN,KXNBAGAME-26APR30DENMIN-MIN,NBA,winner,Minnesota,Denver,1777599000,2026-05-01T01:30:00+00:00,kalshi_milestone_start_date,2026-05-02T15:19:22.075533Z,77d53b3d-e0ee-4661-95c5-afa496f598d7,1,1777609457,1777609200.0,True,1255,2026-05-01,validation,5m,1777598700,included,1777598700,0,0.275,0.27,0.28,0.010000000000000009,0.28,475925.51,60
KXNBAGAME-26MAY01DETORL,KXNBAGAME-26MAY01DETORL-ORL,NBA,winner,Orlando,Detroit,1777676400,2026-05-01T23:00:00+00:00,kalshi_milestone_start_date,2026-05-03T18:13:37.781389Z,5c29f690-6bcc-4998-86e9-0b69ed7c0ef0,0,1777686227,1777686000.0,True,1366,2026-05-01,validation,24h,1777590000,included,1777590000,0,0.405,0.4,0.41,0.009999999999999953,,1497.9,27
KXNBAGAME-26MAY01DETORL,KXNBAGAME-26MAY01DETORL-ORL,NBA,winner,Orlando,Detroit,1777676400,2026-05-01T23:00:00+00:00,kalshi_milestone_start_date,2026-05-03T18:13:37.781389Z,5c29f690-6bcc-4998-86e9-0b69ed7c0ef0,0,1777686227,1777686000.0,True,1366,2026-05-01,validation,6h,1777654800,included,1777654800,0,0.395,0.39,0.4,0.010000000000000009,0.4,57647.979999999996,60
KXNBAGAME-26MAY01DETORL,KXNBAGAME-26MAY01DETORL-ORL,NBA,winner,Orlando,Detroit,1777676400,2026-05-01T23:00:00+00:00,kalshi_milestone_start_date,2026-05-03T18:13:37.781389Z,5c29f690-6bcc-4998-86e9-0b69ed7c0ef0,0,1777686227,1777686000.0,True,1366,2026-05-01,validation,1h,1777672800,included,1777672800,0,0.405,0.4,0.41,0.009999999999999953,0.41,367289.16,60
KXNBAGAME-26MAY01DETORL,KXNBAGAME-26MAY01DETORL-ORL,NBA,winner,Orlando,Detroit,1777676400,2026-05-01T23:00:00+00:00,kalshi_milestone_start_date,2026-05-03T18:13:37.781389Z,5c29f690-6bcc-4998-86e9-0b69ed7c0ef0,0,1777686227,1777686000.0,True,1366,2026-05-01,validation,5m,1777676100,included,1777676100,0,0.405,0.4,0.41,0.009999999999999953,0.41,862403.36,60
KXNBAGAME-26MAY01CLETOR,KXNBAGAME-26MAY01CLETOR-TOR,NBA,winner,Toronto,Cleveland,1777678200,2026-05-01T23:30:00+00:00,kalshi_milestone_start_date,2026-05-03T03:16:50.337831Z,9e4e8adb-b7aa-4238-8d9a-3c66fcd677d0,1,1777689307,1777689000.0,True,1333,2026-05-01,validation,24h,1777591800,included,1777591680,120,0.395,0.39,0.4,0.010000000000000009,0.4,455.0,21
KXNBAGAME-26MAY01CLETOR,KXNBAGAME-26MAY01CLETOR-TOR,NBA,winner,Toronto,Cleveland,1777678200,2026-05-01T23:30:00+00:00,kalshi_milestone_start_date,2026-05-03T03:16:50.337831Z,9e4e8adb-b7aa-4238-8d9a-3c66fcd677d0,1,1777689307,1777689000.0,True,1333,2026-05-01,validation,6h,1777656600,included,1777656600,0,0.375,0.37,0.38,0.010000000000000009,0.38,23935.34,57
KXNBAGAME-26MAY01CLETOR,KXNBAGAME-26MAY01CLETOR-TOR,NBA,winner,Toronto,Cleveland,1777678200,2026-05-01T23:30:00+00:00,kalshi_milestone_start_date,2026-05-03T03:16:50.337831Z,9e4e8adb-b7aa-4238-8d9a-3c66fcd677d0,1,1777689307,1777689000.0,True,1333,2026-05-01,validation,1h,1777674600,included,1777674600,0,0.355,0.35,0.36,0.010000000000000009,0.36,99098.6,60
KXNBAGAME-26MAY01CLETOR,KXNBAGAME-26MAY01CLETOR-TOR,NBA,winner,Toronto,Cleveland,1777678200,2026-05-01T23:30:00+00:00,kalshi_milestone_start_date,2026-05-03T03:16:50.337831Z,9e4e8adb-b7aa-4238-8d9a-3c66fcd677d0,1,1777689307,1777689000.0,True,1333,2026-05-01,validation,5m,1777677900,included,1777677900,0,0.365,0.36,0.37,0.010000000000000009,0.37,176725.81,60
KXNBAGAME-26MAY01LALHOU,KXNBAGAME-26MAY01LALHOU-HOU,NBA,winner,Houston,Los Angeles L,1777685400,2026-05-02T01:30:00+00:00,kalshi_milestone_start_date,2026-05-03T06:14:37.610108Z,372ee29b-7049-48e2-bc9f-23038dabcefe,0,1777695547,1777696200.0,True,1294,2026-05-02,validation,24h,1777599000,included,1777598940,60,0.615,0.61,0.62,0.010000000000000009,0.62,2198.36,25
KXNBAGAME-26MAY01LALHOU,KXNBAGAME-26MAY01LALHOU-HOU,NBA,winner,Houston,Los Angeles L,1777685400,2026-05-02T01:30:00+00:00,kalshi_milestone_start_date,2026-05-03T06:14:37.610108Z,372ee29b-7049-48e2-bc9f-23038dabcefe,0,1777695547,1777696200.0,True,1294,2026-05-02,validation,6h,1777663800,included,1777663800,0,0.595,0.59,0.6,0.010000000000000009,0.6,15955.84,57
KXNBAGAME-26MAY01LALHOU,KXNBAGAME-26MAY01LALHOU-HOU,NBA,winner,Houston,Los Angeles L,1777685400,2026-05-02T01:30:00+00:00,kalshi_milestone_start_date,2026-05-03T06:14:37.610108Z,372ee29b-7049-48e2-bc9f-23038dabcefe,0,1777695547,1777696200.0,True,1294,2026-05-02,validation,1h,1777681800,included,1777681800,0,0.595,0.59,0.6,0.010000000000000009,0.6,112751.67,60
KXNBAGAME-26MAY01LALHOU,KXNBAGAME-26MAY01LALHOU-HOU,NBA,winner,Houston,Los Angeles L,1777685400,2026-05-02T01:30:00+00:00,kalshi_milestone_start_date,2026-05-03T06:14:37.610108Z,372ee29b-7049-48e2-bc9f-23038dabcefe,0,1777695547,1777696200.0,True,1294,2026-05-02,validation,5m,1777685100,included,1777685100,0,0.605,0.6,0.61,0.010000000000000009,0.61,426107.49,60
KXNBAGAME-26MAY04PHINYK,KXNBAGAME-26MAY04PHINYK-NYK,NBA,winner,New York,Philadelphia,1777939200,2026-05-05T00:00:00+00:00,kalshi_milestone_start_date,2026-05-06T17:14:54.66175Z,180c1cd9-e3fb-426a-9053-bef5165a9a0a,1,1777949301,1777950000.0,True,1362,2026-05-05,validation,24h,1777852800,included,1777852680,120,0.715,0.71,0.72,0.010000000000000009,,6231.68,43
KXNBAGAME-26MAY04PHINYK,KXNBAGAME-26MAY04PHINYK-NYK,NBA,winner,New York,Philadelphia,1777939200,2026-05-05T00:00:00+00:00,kalshi_milestone_start_date,2026-05-06T17:14:54.66175Z,180c1cd9-e3fb-426a-9053-bef5165a9a0a,1,1777949301,1777950000.0,True,1362,2026-05-05,validation,6h,1777917600,included,1777917600,0,0.705,0.7,0.71,0.010000000000000009,0.71,43637.71,60
KXNBAGAME-26MAY04PHINYK,KXNBAGAME-26MAY04PHINYK-NYK,NBA,winner,New York,Philadelphia,1777939200,2026-05-05T00:00:00+00:00,kalshi_milestone_start_date,2026-05-06T17:14:54.66175Z,180c1cd9-e3fb-426a-9053-bef5165a9a0a,1,1777949301,1777950000.0,True,1362,2026-05-05,validation,1h,1777935600,included,1777935600,0,0.705,0.7,0.71,0.010000000000000009,0.71,236975.75,60
KXNBAGAME-26MAY04PHINYK,KXNBAGAME-26MAY04PHINYK-NYK,NBA,winner,New York,Philadelphia,1777939200,2026-05-05T00:00:00+00:00,kalshi_milestone_start_date,2026-05-06T17:14:54.66175Z,180c1cd9-e3fb-426a-9053-bef5165a9a0a,1,1777949301,1777950000.0,True,1362,2026-05-05,validation,5m,1777938900,included,1777938900,0,0.715,0.71,0.72,0.010000000000000009,0.72,425224.76,60
KXNBAGAME-26MAY04MINSAS,KXNBAGAME-26MAY04MINSAS-SAS,NBA,winner,San Antonio,Minnesota,1777944600,2026-05-05T01:30:00+00:00,kalshi_milestone_start_date,2026-05-06T17:14:54.647891Z,946388c0-9211-4e57-8edb-f82e44540aa9,0,1777954552,1777954200.0,True,1477,2026-05-05,validation,24h,1777858200,included,1777858200,0,0.845,0.84,0.85,0.010000000000000009,,2930.44,38
KXNBAGAME-26MAY04MINSAS,KXNBAGAME-26MAY04MINSAS-SAS,NBA,winner,San Antonio,Minnesota,1777944600,2026-05-05T01:30:00+00:00,kalshi_milestone_start_date,2026-05-06T17:14:54.647891Z,946388c0-9211-4e57-8edb-f82e44540aa9,0,1777954552,1777954200.0,True,1477,2026-05-05,validation,6h,1777923000,included,1777923000,0,0.755,0.75,0.76,0.010000000000000009,0.76,173104.61000000002,60
KXNBAGAME-26MAY04MINSAS,KXNBAGAME-26MAY04MINSAS-SAS,NBA,winner,San Antonio,Minnesota,1777944600,2026-05-05T01:30:00+00:00,kalshi_milestone_start_date,2026-05-06T17:14:54.647891Z,946388c0-9211-4e57-8edb-f82e44540aa9,0,1777954552,1777954200.0,True,1477,2026-05-05,validation,1h,1777941000,included,1777941000,0,0.775,0.77,0.78,0.010000000000000009,0.78,104150.75,60
KXNBAGAME-26MAY04MINSAS,KXNBAGAME-26MAY04MINSAS-SAS,NBA,winner,San Antonio,Minnesota,1777944600,2026-05-05T01:30:00+00:00,kalshi_milestone_start_date,2026-05-06T17:14:54.647891Z,946388c0-9211-4e57-8edb-f82e44540aa9,0,1777954552,1777954200.0,True,1477,2026-05-05,validation,5m,1777944300,included,1777944300,0,0.775,0.77,0.78,0.010000000000000009,0.78,292744.49,60
KXNBAGAME-26MAY05CLEDET,KXNBAGAME-26MAY05CLEDET-DET,NBA,winner,Detroit,Cleveland,1778022000,2026-05-05T23:00:00+00:00,kalshi_milestone_start_date,2026-05-07T16:30:02.099503Z,24aee02e-9086-4c29-8e76-4148b999180f,1,1778031641,1778032800.0,True,1305,2026-05-05,validation,24h,1777935600,included,1777935540,60,0.585,0.58,0.59,0.010000000000000009,0.59,1947.6100000000001,25
KXNBAGAME-26MAY05CLEDET,KXNBAGAME-26MAY05CLEDET-DET,NBA,winner,Detroit,Cleveland,1778022000,2026-05-05T23:00:00+00:00,kalshi_milestone_start_date,2026-05-07T16:30:02.099503Z,24aee02e-9086-4c29-8e76-4148b999180f,1,1778031641,1778032800.0,True,1305,2026-05-05,validation,6h,1778000400,included,1778000400,0,0.585,0.58,0.59,0.010000000000000009,0.59,31628.170000000002,59
KXNBAGAME-26MAY05CLEDET,KXNBAGAME-26MAY05CLEDET-DET,NBA,winner,Detroit,Cleveland,1778022000,2026-05-05T23:00:00+00:00,kalshi_milestone_start_date,2026-05-07T16:30:02.099503Z,24aee02e-9086-4c29-8e76-4148b999180f,1,1778031641,1778032800.0,True,1305,2026-05-05,validation,1h,1778018400,included,1778018400,0,0.585,0.58,0.59,0.010000000000000009,0.59,249587.43,60
KXNBAGAME-26MAY05CLEDET,KXNBAGAME-26MAY05CLEDET-DET,NBA,winner,Detroit,Cleveland,1778022000,2026-05-05T23:00:00+00:00,kalshi_milestone_start_date,2026-05-07T16:30:02.099503Z,24aee02e-9086-4c29-8e76-4148b999180f,1,1778031641,1778032800.0,True,1305,2026-05-05,validation,5m,1778021700,included,1778021700,0,0.595,0.59,0.6,0.010000000000000009,0.6,352636.92,60
KXNBAGAME-26MAY05LALOKC,KXNBAGAME-26MAY05LALOKC-OKC,NBA,winner,Oklahoma City,Los Angeles L,1778027400,2026-05-06T00:30:00+00:00,kalshi_milestone_start_date,2026-05-07T16:30:02.108757Z,d1a73501-ff6f-4988-99f9-de193f8f9222,1,1778036862,1778038200.0,True,1352,2026-05-06,validation,24h,1777941000,included,1777941000,0,0.875,0.87,0.88,0.010000000000000009,0.87,4017.96,33
KXNBAGAME-26MAY05LALOKC,KXNBAGAME-26MAY05LALOKC-OKC,NBA,winner,Oklahoma City,Los Angeles L,1778027400,2026-05-06T00:30:00+00:00,kalshi_milestone_start_date,2026-05-07T16:30:02.108757Z,d1a73501-ff6f-4988-99f9-de193f8f9222,1,1778036862,1778038200.0,True,1352,2026-05-06,validation,6h,1778005800,included,1778005800,0,0.865,0.86,0.87,0.010000000000000009,0.87,32123.47,59
KXNBAGAME-26MAY05LALOKC,KXNBAGAME-26MAY05LALOKC-OKC,NBA,winner,Oklahoma City,Los Angeles L,1778027400,2026-05-06T00:30:00+00:00,kalshi_milestone_start_date,2026-05-07T16:30:02.108757Z,d1a73501-ff6f-4988-99f9-de193f8f9222,1,1778036862,1778038200.0,True,1352,2026-05-06,validation,1h,1778023800,included,1778023800,0,0.855,0.85,0.86,0.010000000000000009,0.85,232565.07,60
KXNBAGAME-26MAY05LALOKC,KXNBAGAME-26MAY05LALOKC-OKC,NBA,winner,Oklahoma City,Los Angeles L,1778027400,2026-05-06T00:30:00+00:00,kalshi_milestone_start_date,2026-05-07T16:30:02.108757Z,d1a73501-ff6f-4988-99f9-de193f8f9222,1,1778036862,1778038200.0,True,1352,2026-05-06,validation,5m,1778027100,included,1778027100,0,0.855,0.85,0.86,0.010000000000000009,0.86,668018.08,60
KXNBAGAME-26MAY06PHINYK,KXNBAGAME-26MAY06PHINYK-NYK,NBA,winner,New York,Philadelphia,1778108400,2026-05-06T23:00:00+00:00,kalshi_milestone_start_date,2026-05-11T01:29:05.166867Z,0f6fb7e1-3e43-4897-b96a-5e296dc6ea42,1,1778118882,1778119200.0,True,1377,2026-05-06,validation,24h,1778022000,included,1778022000,0,0.71,0.7,0.72,0.020000000000000018,0.72,1918.11,34
KXNBAGAME-26MAY06PHINYK,KXNBAGAME-26MAY06PHINYK-NYK,NBA,winner,New York,Philadelphia,1778108400,2026-05-06T23:00:00+00:00,kalshi_milestone_start_date,2026-05-11T01:29:05.166867Z,0f6fb7e1-3e43-4897-b96a-5e296dc6ea42,1,1778118882,1778119200.0,True,1377,2026-05-06,validation,6h,1778086800,included,1778086800,0,0.775,0.77,0.78,0.010000000000000009,0.78,965480.75,60
KXNBAGAME-26MAY06PHINYK,KXNBAGAME-26MAY06PHINYK-NYK,NBA,winner,New York,Philadelphia,1778108400,2026-05-06T23:00:00+00:00,kalshi_milestone_start_date,2026-05-11T01:29:05.166867Z,0f6fb7e1-3e43-4897-b96a-5e296dc6ea42,1,1778118882,1778119200.0,True,1377,2026-05-06,validation,1h,1778104800,included,1778104800,0,0.795,0.79,0.8,0.010000000000000009,0.8,237312.84,60
KXNBAGAME-26MAY06PHINYK,KXNBAGAME-26MAY06PHINYK-NYK,NBA,winner,New York,Philadelphia,1778108400,2026-05-06T23:00:00+00:00,kalshi_milestone_start_date,2026-05-11T01:29:05.166867Z,0f6fb7e1-3e43-4897-b96a-5e296dc6ea42,1,1778118882,1778119200.0,True,1377,2026-05-06,validation,5m,1778108100,included,1778108100,0,0.795,0.79,0.8,0.010000000000000009,0.8,272709.55,60
KXNBAGAME-26MAY06MINSAS,KXNBAGAME-26MAY06MINSAS-SAS,NBA,winner,San Antonio,Minnesota,1778117400,2026-05-07T01:30:00+00:00,kalshi_milestone_start_date,2026-05-12T16:31:10.981649Z,785864fc-c9f2-4403-9b6b-754364ac44f3,1,1778127861,1778127600.0,True,1400,2026-05-07,validation,24h,1778031000,included,1778031000,0,0.775,0.77,0.78,0.010000000000000009,0.78,3315.47,39
KXNBAGAME-26MAY06MINSAS,KXNBAGAME-26MAY06MINSAS-SAS,NBA,winner,San Antonio,Minnesota,1778117400,2026-05-07T01:30:00+00:00,kalshi_milestone_start_date,2026-05-12T16:31:10.981649Z,785864fc-c9f2-4403-9b6b-754364ac44f3,1,1778127861,1778127600.0,True,1400,2026-05-07,validation,6h,1778095800,included,1778095800,0,0.775,0.77,0.78,0.010000000000000009,0.78,24654.76,59
KXNBAGAME-26MAY06MINSAS,KXNBAGAME-26MAY06MINSAS-SAS,NBA,winner,San Antonio,Minnesota,1778117400,2026-05-07T01:30:00+00:00,kalshi_milestone_start_date,2026-05-12T16:31:10.981649Z,785864fc-c9f2-4403-9b6b-754364ac44f3,1,1778127861,1778127600.0,True,1400,2026-05-07,validation,1h,1778113800,included,1778113800,0,0.775,0.77,0.78,0.010000000000000009,0.78,114006.29,60
KXNBAGAME-26MAY06MINSAS,KXNBAGAME-26MAY06MINSAS-SAS,NBA,winner,San Antonio,Minnesota,1778117400,2026-05-07T01:30:00+00:00,kalshi_milestone_start_date,2026-05-12T16:31:10.981649Z,785864fc-c9f2-4403-9b6b-754364ac44f3,1,1778127861,1778127600.0,True,1400,2026-05-07,validation,5m,1778117100,included,1778117100,0,0.775,0.77,0.78,0.010000000000000009,0.78,113700.16,60
KXNBAGAME-26MAY07CLEDET,KXNBAGAME-26MAY07CLEDET-DET,NBA,winner,Detroit,Cleveland,1778194800,2026-05-07T23:00:00+00:00,kalshi_milestone_start_date,2026-05-09T15:26:13.295133Z,0dcf4f85-1b1c-48d2-bb38-3d14e3450a49,1,1778204635,1778205600.0,True,1296,2026-05-07,validation,24h,1778108400,included,1778108400,0,0.595,0.59,0.6,0.010000000000000009,0.6,4688.45,40
KXNBAGAME-26MAY07CLEDET,KXNBAGAME-26MAY07CLEDET-DET,NBA,winner,Detroit,Cleveland,1778194800,2026-05-07T23:00:00+00:00,kalshi_milestone_start_date,2026-05-09T15:26:13.295133Z,0dcf4f85-1b1c-48d2-bb38-3d14e3450a49,1,1778204635,1778205600.0,True,1296,2026-05-07,validation,6h,1778173200,included,1778173200,0,0.605,0.6,0.61,0.010000000000000009,0.61,25713.0,60
KXNBAGAME-26MAY07CLEDET,KXNBAGAME-26MAY07CLEDET-DET,NBA,winner,Detroit,Cleveland,1778194800,2026-05-07T23:00:00+00:00,kalshi_milestone_start_date,2026-05-09T15:26:13.295133Z,0dcf4f85-1b1c-48d2-bb38-3d14e3450a49,1,1778204635,1778205600.0,True,1296,2026-05-07,validation,1h,1778191200,included,1778191200,0,0.605,0.6,0.61,0.010000000000000009,0.61,308919.62,60
KXNBAGAME-26MAY07CLEDET,KXNBAGAME-26MAY07CLEDET-DET,NBA,winner,Detroit,Cleveland,1778194800,2026-05-07T23:00:00+00:00,kalshi_milestone_start_date,2026-05-09T15:26:13.295133Z,0dcf4f85-1b1c-48d2-bb38-3d14e3450a49,1,1778204635,1778205600.0,True,1296,2026-05-07,validation,5m,1778194500,included,1778194500,0,0.615,0.61,0.62,0.010000000000000009,0.62,435726.2,60
KXNBAGAME-26MAY07LALOKC,KXNBAGAME-26MAY07LALOKC-OKC,NBA,winner,Oklahoma City,Los Angeles L,1778203800,2026-05-08T01:30:00+00:00,kalshi_milestone_start_date,2026-05-09T15:26:13.340598Z,fba7ad0d-b1b1-4ba2-a0c2-115aef8d2c50,1,1778214065,1778214600.0,True,1317,2026-05-08,validation,24h,1778117400,included,1778117400,0,0.875,0.87,0.88,0.010000000000000009,0.88,8581.73,31
KXNBAGAME-26MAY07LALOKC,KXNBAGAME-26MAY07LALOKC-OKC,NBA,winner,Oklahoma City,Los Angeles L,1778203800,2026-05-08T01:30:00+00:00,kalshi_milestone_start_date,2026-05-09T15:26:13.340598Z,fba7ad0d-b1b1-4ba2-a0c2-115aef8d2c50,1,1778214065,1778214600.0,True,1317,2026-05-08,validation,6h,1778182200,included,1778182200,0,0.875,0.87,0.88,0.010000000000000009,0.88,381975.68,58
KXNBAGAME-26MAY07LALOKC,KXNBAGAME-26MAY07LALOKC-OKC,NBA,winner,Oklahoma City,Los Angeles L,1778203800,2026-05-08T01:30:00+00:00,kalshi_milestone_start_date,2026-05-09T15:26:13.340598Z,fba7ad0d-b1b1-4ba2-a0c2-115aef8d2c50,1,1778214065,1778214600.0,True,1317,2026-05-08,validation,1h,1778200200,included,1778200200,0,0.875,0.87,0.88,0.010000000000000009,0.88,174475.08000000002,60
KXNBAGAME-26MAY07LALOKC,KXNBAGAME-26MAY07LALOKC-OKC,NBA,winner,Oklahoma City,Los Angeles L,1778203800,2026-05-08T01:30:00+00:00,kalshi_milestone_start_date,2026-05-09T15:26:13.340598Z,fba7ad0d-b1b1-4ba2-a0c2-115aef8d2c50,1,1778214065,1778214600.0,True,1317,2026-05-08,validation,5m,1778203500,included,1778203500,0,0.885,0.88,0.89,0.010000000000000009,0.89,2213403.5,60
KXNBAGAME-26MAY08NYKPHI,KXNBAGAME-26MAY08NYKPHI-PHI,NBA,winner,Philadelphia,New York,1778281200,2026-05-08T23:00:00+00:00,kalshi_milestone_start_date,2026-05-10T22:32:18.507461Z,701fb833-e904-4da4-871f-c84fdf1c0a5d,0,1778291577,1778292000.0,True,1367,2026-05-08,validation,24h,1778194800,included,1778194800,0,0.505,0.5,0.51,0.010000000000000009,0.51,2756.54,42
KXNBAGAME-26MAY08NYKPHI,KXNBAGAME-26MAY08NYKPHI-PHI,NBA,winner,Philadelphia,New York,1778281200,2026-05-08T23:00:00+00:00,kalshi_milestone_start_date,2026-05-10T22:32:18.507461Z,701fb833-e904-4da4-871f-c84fdf1c0a5d,0,1778291577,1778292000.0,True,1367,2026-05-08,validation,6h,1778259600,included,1778259600,0,0.515,0.51,0.52,0.010000000000000009,0.52,86340.03,60
KXNBAGAME-26MAY08NYKPHI,KXNBAGAME-26MAY08NYKPHI-PHI,NBA,winner,Philadelphia,New York,1778281200,2026-05-08T23:00:00+00:00,kalshi_milestone_start_date,2026-05-10T22:32:18.507461Z,701fb833-e904-4da4-871f-c84fdf1c0a5d,0,1778291577,1778292000.0,True,1367,2026-05-08,validation,1h,1778277600,included,1778277600,0,0.605,0.6,0.61,0.010000000000000009,0.61,339804.26,60
KXNBAGAME-26MAY08NYKPHI,KXNBAGAME-26MAY08NYKPHI-PHI,NBA,winner,Philadelphia,New York,1778281200,2026-05-08T23:00:00+00:00,kalshi_milestone_start_date,2026-05-10T22:32:18.507461Z,701fb833-e904-4da4-871f-c84fdf1c0a5d,0,1778291577,1778292000.0,True,1367,2026-05-08,validation,5m,1778280900,included,1778280900,0,0.585,0.58,0.59,0.010000000000000009,0.59,643348.72,60
KXNBAGAME-26MAY08SASMIN,KXNBAGAME-26MAY08SASMIN-MIN,NBA,winner,Minnesota,San Antonio,1778290200,2026-05-09T01:30:00+00:00,kalshi_milestone_start_date,2026-05-10T15:35:47.238156Z,3717bd78-5fb3-4eb4-9de0-92b0a7269de3,0,1778301097,1778300700.0,True,1391,2026-05-09,validation,24h,1778203800,included,1778203800,0,0.355,0.35,0.36,0.010000000000000009,0.36,2892.66,37
KXNBAGAME-26MAY08SASMIN,KXNBAGAME-26MAY08SASMIN-MIN,NBA,winner,Minnesota,San Antonio,1778290200,2026-05-09T01:30:00+00:00,kalshi_milestone_start_date,2026-05-10T15:35:47.238156Z,3717bd78-5fb3-4eb4-9de0-92b0a7269de3,0,1778301097,1778300700.0,True,1391,2026-05-09,validation,6h,1778268600,included,1778268600,0,0.345,0.34,0.35,0.009999999999999953,0.35,203641.76,60
KXNBAGAME-26MAY08SASMIN,KXNBAGAME-26MAY08SASMIN-MIN,NBA,winner,Minnesota,San Antonio,1778290200,2026-05-09T01:30:00+00:00,kalshi_milestone_start_date,2026-05-10T15:35:47.238156Z,3717bd78-5fb3-4eb4-9de0-92b0a7269de3,0,1778301097,1778300700.0,True,1391,2026-05-09,validation,1h,1778286600,included,1778286600,0,0.335,0.33,0.34,0.010000000000000009,0.34,285114.3,60
KXNBAGAME-26MAY08SASMIN,KXNBAGAME-26MAY08SASMIN-MIN,NBA,winner,Minnesota,San Antonio,1778290200,2026-05-09T01:30:00+00:00,kalshi_milestone_start_date,2026-05-10T15:35:47.238156Z,3717bd78-5fb3-4eb4-9de0-92b0a7269de3,0,1778301097,1778300700.0,True,1391,2026-05-09,validation,5m,1778289900,included,1778289900,0,0.345,0.34,0.35,0.009999999999999953,0.35,630900.56,60
KXNBAGAME-26MAY09DETCLE,KXNBAGAME-26MAY09DETCLE-CLE,NBA,winner,Cleveland,Detroit,1778353200,2026-05-09T19:00:00+00:00,kalshi_milestone_start_date,2026-05-11T16:26:13.4287Z,27f155dc-aa07-484f-9e07-ceaa9d5779b4,1,1778363677,1778364000.0,True,1296,2026-05-09,validation,24h,1778266800,included,1778266800,0,0.615,0.61,0.62,0.010000000000000009,,904.36,23
KXNBAGAME-26MAY09DETCLE,KXNBAGAME-26MAY09DETCLE-CLE,NBA,winner,Cleveland,Detroit,1778353200,2026-05-09T19:00:00+00:00,kalshi_milestone_start_date,2026-05-11T16:26:13.4287Z,27f155dc-aa07-484f-9e07-ceaa9d5779b4,1,1778363677,1778364000.0,True,1296,2026-05-09,validation,6h,1778331600,included,1778331600,0,0.615,0.61,0.62,0.010000000000000009,0.62,20790.14,58
KXNBAGAME-26MAY09DETCLE,KXNBAGAME-26MAY09DETCLE-CLE,NBA,winner,Cleveland,Detroit,1778353200,2026-05-09T19:00:00+00:00,kalshi_milestone_start_date,2026-05-11T16:26:13.4287Z,27f155dc-aa07-484f-9e07-ceaa9d5779b4,1,1778363677,1778364000.0,True,1296,2026-05-09,validation,1h,1778349600,included,1778349600,0,0.625,0.62,0.63,0.010000000000000009,0.62,170201.72,59
KXNBAGAME-26MAY09DETCLE,KXNBAGAME-26MAY09DETCLE-CLE,NBA,winner,Cleveland,Detroit,1778353200,2026-05-09T19:00:00+00:00,kalshi_milestone_start_date,2026-05-11T16:26:13.4287Z,27f155dc-aa07-484f-9e07-ceaa9d5779b4,1,1778363677,1778364000.0,True,1296,2026-05-09,validation,5m,1778352900,included,1778352900,0,0.625,0.62,0.63,0.010000000000000009,0.62,344687.05,60
KXNBAGAME-26MAY09OKCLAL,KXNBAGAME-26MAY09OKCLAL-LAL,NBA,winner,Los Angeles L,Oklahoma City,1778373000,2026-05-10T00:30:00+00:00,kalshi_milestone_start_date,2026-05-11T17:06:44.04313Z,31608685-6e6b-4470-bc79-bc96cfe13b1c,0,1778381986,1778383800.0,True,1483,2026-05-10,validation,24h,1778286600,included,1778286600,0,0.235,0.23,0.24,0.009999999999999981,,30054.87,58
KXNBAGAME-26MAY09OKCLAL,KXNBAGAME-26MAY09OKCLAL-LAL,NBA,winner,Los Angeles L,Oklahoma City,1778373000,2026-05-10T00:30:00+00:00,kalshi_milestone_start_date,2026-05-11T17:06:44.04313Z,31608685-6e6b-4470-bc79-bc96cfe13b1c,0,1778381986,1778383800.0,True,1483,2026-05-10,validation,6h,1778351400,included,1778351400,0,0.245,0.24,0.25,0.010000000000000009,0.25,236055.02,60
KXNBAGAME-26MAY09OKCLAL,KXNBAGAME-26MAY09OKCLAL-LAL,NBA,winner,Los Angeles L,Oklahoma City,1778373000,2026-05-10T00:30:00+00:00,kalshi_milestone_start_date,2026-05-11T17:06:44.04313Z,31608685-6e6b-4470-bc79-bc96cfe13b1c,0,1778381986,1778383800.0,True,1483,2026-05-10,validation,1h,1778369400,included,1778369400,0,0.245,0.24,0.25,0.010000000000000009,0.25,1037499.68,60
KXNBAGAME-26MAY09OKCLAL,KXNBAGAME-26MAY09OKCLAL-LAL,NBA,winner,Los Angeles L,Oklahoma City,1778373000,2026-05-10T00:30:00+00:00,kalshi_milestone_start_date,2026-05-11T17:06:44.04313Z,31608685-6e6b-4470-bc79-bc96cfe13b1c,0,1778381986,1778383800.0,True,1483,2026-05-10,validation,5m,1778372700,included,1778372700,0,0.245,0.24,0.25,0.010000000000000009,0.25,1595461.1199999999,60
KXNBAGAME-26MAY10NYKPHI,KXNBAGAME-26MAY10NYKPHI-PHI,NBA,winner,Philadelphia,New York,1778441400,2026-05-10T19:30:00+00:00,kalshi_milestone_start_date,2026-05-12T14:31:33.129857Z,c63be695-60c3-43e3-ac00-7f7f9f03f321,0,1778451173,1778452200.0,True,1292,2026-05-10,validation,24h,1778355000,included,1778354940,60,0.475,0.47,0.48,0.010000000000000009,0.48,1347.23,21
KXNBAGAME-26MAY10NYKPHI,KXNBAGAME-26MAY10NYKPHI-PHI,NBA,winner,Philadelphia,New York,1778441400,2026-05-10T19:30:00+00:00,kalshi_milestone_start_date,2026-05-12T14:31:33.129857Z,c63be695-60c3-43e3-ac00-7f7f9f03f321,0,1778451173,1778452200.0,True,1292,2026-05-10,validation,6h,1778419800,included,1778419800,0,0.475,0.47,0.48,0.010000000000000009,0.48,26525.43,56
KXNBAGAME-26MAY10NYKPHI,KXNBAGAME-26MAY10NYKPHI-PHI,NBA,winner,Philadelphia,New York,1778441400,2026-05-10T19:30:00+00:00,kalshi_milestone_start_date,2026-05-12T14:31:33.129857Z,c63be695-60c3-43e3-ac00-7f7f9f03f321,0,1778451173,1778452200.0,True,1292,2026-05-10,validation,1h,1778437800,included,1778437800,0,0.475,0.47,0.48,0.010000000000000009,0.48,168225.33,60
KXNBAGAME-26MAY10NYKPHI,KXNBAGAME-26MAY10NYKPHI-PHI,NBA,winner,Philadelphia,New York,1778441400,2026-05-10T19:30:00+00:00,kalshi_milestone_start_date,2026-05-12T14:31:33.129857Z,c63be695-60c3-43e3-ac00-7f7f9f03f321,0,1778451173,1778452200.0,True,1292,2026-05-10,validation,5m,1778441100,included,1778441100,0,0.455,0.45,0.46,0.010000000000000009,0.46,576957.59,60
KXNBAGAME-26MAY10SASMIN,KXNBAGAME-26MAY10SASMIN-MIN,NBA,winner,Minnesota,San Antonio,1778455800,2026-05-10T23:30:00+00:00,kalshi_milestone_start_date,2026-05-12T14:31:33.219996Z,125b2b40-071e-449f-bf29-5c2f58c33941,1,1778466106,1778443200.0,True,1456,2026-05-10,validation,24h,1778369400,included,1778369400,0,0.365,0.36,0.37,0.010000000000000009,0.37,4533.43,43
KXNBAGAME-26MAY10SASMIN,KXNBAGAME-26MAY10SASMIN-MIN,NBA,winner,Minnesota,San Antonio,1778455800,2026-05-10T23:30:00+00:00,kalshi_milestone_start_date,2026-05-12T14:31:33.219996Z,125b2b40-071e-449f-bf29-5c2f58c33941,1,1778466106,1778443200.0,True,1456,2026-05-10,validation,6h,1778434200,included,1778434200,0,0.355,0.35,0.36,0.010000000000000009,0.36,38729.41,60
KXNBAGAME-26MAY10SASMIN,KXNBAGAME-26MAY10SASMIN-MIN,NBA,winner,Minnesota,San Antonio,1778455800,2026-05-10T23:30:00+00:00,kalshi_milestone_start_date,2026-05-12T14:31:33.219996Z,125b2b40-071e-449f-bf29-5c2f58c33941,1,1778466106,1778443200.0,True,1456,2026-05-10,validation,1h,1778452200,included,1778452200,0,0.365,0.36,0.37,0.010000000000000009,0.37,771403.72,60
KXNBAGAME-26MAY10SASMIN,KXNBAGAME-26MAY10SASMIN-MIN,NBA,winner,Minnesota,San Antonio,1778455800,2026-05-10T23:30:00+00:00,kalshi_milestone_start_date,2026-05-12T14:31:33.219996Z,125b2b40-071e-449f-bf29-5c2f58c33941,1,1778466106,1778443200.0,True,1456,2026-05-10,validation,5m,1778455500,included,1778455500,0,0.365,0.36,0.37,0.010000000000000009,0.37,1107140.89,60
KXNBAGAME-26MAY11DETCLE,KXNBAGAME-26MAY11DETCLE-CLE,NBA,winner,Cleveland,Detroit,1778544000,2026-05-12T00:00:00+00:00,kalshi_milestone_start_date,2026-05-13T15:30:37.009266Z,fb24470d-850e-45bc-afd1-adfc2c934190,1,1778553775,1778554800.0,True,1406,2026-05-12,test,24h,1778457600,included,1778457600,0,0.595,0.59,0.6,0.010000000000000009,,4150.28,30
KXNBAGAME-26MAY11DETCLE,KXNBAGAME-26MAY11DETCLE-CLE,NBA,winner,Cleveland,Detroit,1778544000,2026-05-12T00:00:00+00:00,kalshi_milestone_start_date,2026-05-13T15:30:37.009266Z,fb24470d-850e-45bc-afd1-adfc2c934190,1,1778553775,1778554800.0,True,1406,2026-05-12,test,6h,1778522400,included,1778522400,0,0.605,0.6,0.61,0.010000000000000009,0.61,35290.73,60
KXNBAGAME-26MAY11DETCLE,KXNBAGAME-26MAY11DETCLE-CLE,NBA,winner,Cleveland,Detroit,1778544000,2026-05-12T00:00:00+00:00,kalshi_milestone_start_date,2026-05-13T15:30:37.009266Z,fb24470d-850e-45bc-afd1-adfc2c934190,1,1778553775,1778554800.0,True,1406,2026-05-12,test,1h,1778540400,included,1778540400,0,0.595,0.59,0.6,0.010000000000000009,0.59,191290.11,60
KXNBAGAME-26MAY11DETCLE,KXNBAGAME-26MAY11DETCLE-CLE,NBA,winner,Cleveland,Detroit,1778544000,2026-05-12T00:00:00+00:00,kalshi_milestone_start_date,2026-05-13T15:30:37.009266Z,fb24470d-850e-45bc-afd1-adfc2c934190,1,1778553775,1778554800.0,True,1406,2026-05-12,test,5m,1778543700,included,1778543700,0,0.595,0.59,0.6,0.010000000000000009,0.6,291291.83,60
KXNBAGAME-26MAY11OKCLAL,KXNBAGAME-26MAY11OKCLAL-LAL,NBA,winner,Los Angeles L,Oklahoma City,1778553000,2026-05-12T02:30:00+00:00,kalshi_milestone_start_date,2026-05-13T15:30:37.086742Z,d215575f-5a28-4adf-afe5-267329809baf,0,1778563916,1778563800.0,True,1496,2026-05-12,test,24h,1778466600,included,1778466600,0,0.185,0.18,0.19,0.010000000000000009,0.19,96346.57,59
KXNBAGAME-26MAY11OKCLAL,KXNBAGAME-26MAY11OKCLAL-LAL,NBA,winner,Los Angeles L,Oklahoma City,1778553000,2026-05-12T02:30:00+00:00,kalshi_milestone_start_date,2026-05-13T15:30:37.086742Z,d215575f-5a28-4adf-afe5-267329809baf,0,1778563916,1778563800.0,True,1496,2026-05-12,test,6h,1778531400,included,1778531400,0,0.185,0.18,0.19,0.010000000000000009,0.19,294063.89,60
KXNBAGAME-26MAY11OKCLAL,KXNBAGAME-26MAY11OKCLAL-LAL,NBA,winner,Los Angeles L,Oklahoma City,1778553000,2026-05-12T02:30:00+00:00,kalshi_milestone_start_date,2026-05-13T15:30:37.086742Z,d215575f-5a28-4adf-afe5-267329809baf,0,1778563916,1778563800.0,True,1496,2026-05-12,test,1h,1778549400,included,1778549400,0,0.175,0.17,0.18,0.009999999999999981,0.18,967109.02,60
KXNBAGAME-26MAY11OKCLAL,KXNBAGAME-26MAY11OKCLAL-LAL,NBA,winner,Los Angeles L,Oklahoma City,1778553000,2026-05-12T02:30:00+00:00,kalshi_milestone_start_date,2026-05-13T15:30:37.086742Z,d215575f-5a28-4adf-afe5-267329809baf,0,1778563916,1778563800.0,True,1496,2026-05-12,test,5m,1778552700,included,1778552700,0,0.175,0.17,0.18,0.009999999999999981,0.18,2318074.85,60
KXNBAGAME-26MAY12MINSAS,KXNBAGAME-26MAY12MINSAS-SAS,NBA,winner,San Antonio,Minnesota,1778630400,2026-05-13T00:00:00+00:00,kalshi_milestone_start_date,2026-05-14T13:21:36.640062Z,2505d49a-f1ef-42ea-a911-24b522297901,1,1778640205,1778639700.0,True,1493,2026-05-13,test,24h,1778544000,included,1778544000,0,0.775,0.77,0.78,0.010000000000000009,,5346.6,52
KXNBAGAME-26MAY12MINSAS,KXNBAGAME-26MAY12MINSAS-SAS,NBA,winner,San Antonio,Minnesota,1778630400,2026-05-13T00:00:00+00:00,kalshi_milestone_start_date,2026-05-14T13:21:36.640062Z,2505d49a-f1ef-42ea-a911-24b522297901,1,1778640205,1778639700.0,True,1493,2026-05-13,test,6h,1778608800,included,1778608800,0,0.775,0.77,0.78,0.010000000000000009,0.78,42521.46,60
KXNBAGAME-26MAY12MINSAS,KXNBAGAME-26MAY12MINSAS-SAS,NBA,winner,San Antonio,Minnesota,1778630400,2026-05-13T00:00:00+00:00,kalshi_milestone_start_date,2026-05-14T13:21:36.640062Z,2505d49a-f1ef-42ea-a911-24b522297901,1,1778640205,1778639700.0,True,1493,2026-05-13,test,1h,1778626800,included,1778626800,0,0.785,0.78,0.79,0.010000000000000009,0.79,205635.52,60
KXNBAGAME-26MAY12MINSAS,KXNBAGAME-26MAY12MINSAS-SAS,NBA,winner,San Antonio,Minnesota,1778630400,2026-05-13T00:00:00+00:00,kalshi_milestone_start_date,2026-05-14T13:21:36.640062Z,2505d49a-f1ef-42ea-a911-24b522297901,1,1778640205,1778639700.0,True,1493,2026-05-13,test,5m,1778630100,included,1778630100,0,0.785,0.78,0.79,0.010000000000000009,0.79,341584.85,60
KXNBAGAME-26MAY13CLEDET,KXNBAGAME-26MAY13CLEDET-DET,NBA,winner,Detroit,Cleveland,1778716800,2026-05-14T00:00:00+00:00,kalshi_milestone_start_date,2026-05-15T14:20:14.993896Z,6d4589ef-8bbc-4cc2-8a02-c96f99c6cba0,0,1778728094,1778727600.0,True,1458,2026-05-14,test,24h,1778630400,included,1778630400,0,0.615,0.61,0.62,0.010000000000000009,0.62,17097.62,58
KXNBAGAME-26MAY13CLEDET,KXNBAGAME-26MAY13CLEDET-DET,NBA,winner,Detroit,Cleveland,1778716800,2026-05-14T00:00:00+00:00,kalshi_milestone_start_date,2026-05-15T14:20:14.993896Z,6d4589ef-8bbc-4cc2-8a02-c96f99c6cba0,0,1778728094,1778727600.0,True,1458,2026-05-14,test,6h,1778695200,included,1778695200,0,0.615,0.61,0.62,0.010000000000000009,0.62,37921.96,60
KXNBAGAME-26MAY13CLEDET,KXNBAGAME-26MAY13CLEDET-DET,NBA,winner,Detroit,Cleveland,1778716800,2026-05-14T00:00:00+00:00,kalshi_milestone_start_date,2026-05-15T14:20:14.993896Z,6d4589ef-8bbc-4cc2-8a02-c96f99c6cba0,0,1778728094,1778727600.0,True,1458,2026-05-14,test,1h,1778713200,included,1778713200,0,0.615,0.61,0.62,0.010000000000000009,0.62,412156.88,60
KXNBAGAME-26MAY13CLEDET,KXNBAGAME-26MAY13CLEDET-DET,NBA,winner,Detroit,Cleveland,1778716800,2026-05-14T00:00:00+00:00,kalshi_milestone_start_date,2026-05-15T14:20:14.993896Z,6d4589ef-8bbc-4cc2-8a02-c96f99c6cba0,0,1778728094,1778727600.0,True,1458,2026-05-14,test,5m,1778716500,included,1778716500,0,0.615,0.61,0.62,0.010000000000000009,0.62,491996.98,60
KXNBAGAME-26MAY15DETCLE,KXNBAGAME-26MAY15DETCLE-CLE,NBA,winner,Cleveland,Detroit,1778886000,2026-05-15T23:00:00+00:00,kalshi_milestone_start_date,2026-05-17T14:23:21.581421Z,db234c90-80d7-4b0c-afb7-516c53095518,0,1778896201,1778895900.0,True,1443,2026-05-15,test,24h,1778799600,included,1778799600,0,0.615,0.61,0.62,0.010000000000000009,0.62,67279.04,58
KXNBAGAME-26MAY15DETCLE,KXNBAGAME-26MAY15DETCLE-CLE,NBA,winner,Cleveland,Detroit,1778886000,2026-05-15T23:00:00+00:00,kalshi_milestone_start_date,2026-05-17T14:23:21.581421Z,db234c90-80d7-4b0c-afb7-516c53095518,0,1778896201,1778895900.0,True,1443,2026-05-15,test,6h,1778864400,included,1778864400,0,0.615,0.61,0.62,0.010000000000000009,0.62,25714.55,59
KXNBAGAME-26MAY15DETCLE,KXNBAGAME-26MAY15DETCLE-CLE,NBA,winner,Cleveland,Detroit,1778886000,2026-05-15T23:00:00+00:00,kalshi_milestone_start_date,2026-05-17T14:23:21.581421Z,db234c90-80d7-4b0c-afb7-516c53095518,0,1778896201,1778895900.0,True,1443,2026-05-15,test,1h,1778882400,included,1778882400,0,0.615,0.61,0.62,0.010000000000000009,0.61,156422.56,60
KXNBAGAME-26MAY15DETCLE,KXNBAGAME-26MAY15DETCLE-CLE,NBA,winner,Cleveland,Detroit,1778886000,2026-05-15T23:00:00+00:00,kalshi_milestone_start_date,2026-05-17T14:23:21.581421Z,db234c90-80d7-4b0c-afb7-516c53095518,0,1778896201,1778895900.0,True,1443,2026-05-15,test,5m,1778885700,included,1778885700,0,0.615,0.61,0.62,0.010000000000000009,0.62,338709.95,60
KXNBAGAME-26MAY15SASMIN,KXNBAGAME-26MAY15SASMIN-MIN,NBA,winner,Minnesota,San Antonio,1778895000,2026-05-16T01:30:00+00:00,kalshi_milestone_start_date,2026-05-17T14:23:21.521495Z,8d329936-c313-4475-9c74-c5e6eec85358,0,1778905612,1778875200.0,True,1438,2026-05-16,test,24h,1778808600,included,1778808600,0,0.345,0.34,0.35,0.009999999999999953,0.35,21194.77,59
KXNBAGAME-26MAY15SASMIN,KXNBAGAME-26MAY15SASMIN-MIN,NBA,winner,Minnesota,San Antonio,1778895000,2026-05-16T01:30:00+00:00,kalshi_milestone_start_date,2026-05-17T14:23:21.521495Z,8d329936-c313-4475-9c74-c5e6eec85358,0,1778905612,1778875200.0,True,1438,2026-05-16,test,6h,1778873400,included,1778873400,0,0.335,0.33,0.34,0.010000000000000009,0.34,95439.86,60
KXNBAGAME-26MAY15SASMIN,KXNBAGAME-26MAY15SASMIN-MIN,NBA,winner,Minnesota,San Antonio,1778895000,2026-05-16T01:30:00+00:00,kalshi_milestone_start_date,2026-05-17T14:23:21.521495Z,8d329936-c313-4475-9c74-c5e6eec85358,0,1778905612,1778875200.0,True,1438,2026-05-16,test,1h,1778891400,included,1778891400,0,0.325,0.32,0.33,0.010000000000000009,0.33,260936.43,60
KXNBAGAME-26MAY15SASMIN,KXNBAGAME-26MAY15SASMIN-MIN,NBA,winner,Minnesota,San Antonio,1778895000,2026-05-16T01:30:00+00:00,kalshi_milestone_start_date,2026-05-17T14:23:21.521495Z,8d329936-c313-4475-9c74-c5e6eec85358,0,1778905612,1778875200.0,True,1438,2026-05-16,test,5m,1778894700,included,1778894700,0,0.325,0.32,0.33,0.010000000000000009,0.33,572177.42,60
KXNBAGAME-26MAY18SASOKC,KXNBAGAME-26MAY18SASOKC-OKC,NBA,winner,Oklahoma City,San Antonio,1779150600,2026-05-19T00:30:00+00:00,kalshi_milestone_start_date,2026-05-20T14:13:59.93149Z,33eb6edb-b1e7-4e19-af03-8ac66c83f6ed,0,1779162342,1779161400.0,True,1427,2026-05-19,test,24h,1779064200,included,1779064200,0,0.685,0.68,0.69,0.009999999999999898,0.69,6704.58,55
KXNBAGAME-26MAY18SASOKC,KXNBAGAME-26MAY18SASOKC-OKC,NBA,winner,Oklahoma City,San Antonio,1779150600,2026-05-19T00:30:00+00:00,kalshi_milestone_start_date,2026-05-20T14:13:59.93149Z,33eb6edb-b1e7-4e19-af03-8ac66c83f6ed,0,1779162342,1779161400.0,True,1427,2026-05-19,test,6h,1779129000,included,1779129000,0,0.675,0.67,0.68,0.010000000000000009,0.67,37552.8,60
KXNBAGAME-26MAY18SASOKC,KXNBAGAME-26MAY18SASOKC-OKC,NBA,winner,Oklahoma City,San Antonio,1779150600,2026-05-19T00:30:00+00:00,kalshi_milestone_start_date,2026-05-20T14:13:59.93149Z,33eb6edb-b1e7-4e19-af03-8ac66c83f6ed,0,1779162342,1779161400.0,True,1427,2026-05-19,test,1h,1779147000,included,1779147000,0,0.675,0.67,0.68,0.010000000000000009,0.68,278328.15,60
KXNBAGAME-26MAY18SASOKC,KXNBAGAME-26MAY18SASOKC-OKC,NBA,winner,Oklahoma City,San Antonio,1779150600,2026-05-19T00:30:00+00:00,kalshi_milestone_start_date,2026-05-20T14:13:59.93149Z,33eb6edb-b1e7-4e19-af03-8ac66c83f6ed,0,1779162342,1779161400.0,True,1427,2026-05-19,test,5m,1779150300,included,1779150300,0,0.695,0.69,0.7,0.010000000000000009,0.7,5210801.2299999995,60
KXNBAGAME-26MAY19CLENYK,KXNBAGAME-26MAY19CLENYK-NYK,NBA,winner,New York,Cleveland,1779235200,2026-05-20T00:00:00+00:00,kalshi_milestone_start_date,2026-05-21T14:29:07.199302Z,ec32f9b9-f3b9-4dcd-8fa1-bd5d85a58bb0,1,1779246132,1779246000.0,True,1466,2026-05-20,test,24h,1779148800,included,1779148800,0,0.705,0.7,0.71,0.010000000000000009,0.71,6992.49,58
KXNBAGAME-26MAY19CLENYK,KXNBAGAME-26MAY19CLENYK-NYK,NBA,winner,New York,Cleveland,1779235200,2026-05-20T00:00:00+00:00,kalshi_milestone_start_date,2026-05-21T14:29:07.199302Z,ec32f9b9-f3b9-4dcd-8fa1-bd5d85a58bb0,1,1779246132,1779246000.0,True,1466,2026-05-20,test,6h,1779213600,included,1779213600,0,0.685,0.68,0.69,0.009999999999999898,0.69,93713.85,60
KXNBAGAME-26MAY19CLENYK,KXNBAGAME-26MAY19CLENYK-NYK,NBA,winner,New York,Cleveland,1779235200,2026-05-20T00:00:00+00:00,kalshi_milestone_start_date,2026-05-21T14:29:07.199302Z,ec32f9b9-f3b9-4dcd-8fa1-bd5d85a58bb0,1,1779246132,1779246000.0,True,1466,2026-05-20,test,1h,1779231600,included,1779231600,0,0.675,0.67,0.68,0.010000000000000009,0.68,499490.58,60
KXNBAGAME-26MAY19CLENYK,KXNBAGAME-26MAY19CLENYK-NYK,NBA,winner,New York,Cleveland,1779235200,2026-05-20T00:00:00+00:00,kalshi_milestone_start_date,2026-05-21T14:29:07.199302Z,ec32f9b9-f3b9-4dcd-8fa1-bd5d85a58bb0,1,1779246132,1779246000.0,True,1466,2026-05-20,test,5m,1779234900,included,1779234900,0,0.675,0.67,0.68,0.010000000000000009,0.68,904451.61,60
KXNBAGAME-26MAY20SASOKC,KXNBAGAME-26MAY20SASOKC-OKC,NBA,winner,Oklahoma City,San Antonio,1779323400,2026-05-21T00:30:00+00:00,kalshi_milestone_start_date,2026-05-22T14:31:49.890298Z,c6907b97-5056-4335-b1c4-c1f355cdc7e8,1,1779332872,1779334200.0,True,1468,2026-05-21,test,24h,1779237000,included,1779237000,0,0.675,0.67,0.68,0.010000000000000009,0.68,9937.140000000001,50
KXNBAGAME-26MAY20SASOKC,KXNBAGAME-26MAY20SASOKC-OKC,NBA,winner,Oklahoma City,San Antonio,1779323400,2026-05-21T00:30:00+00:00,kalshi_milestone_start_date,2026-05-22T14:31:49.890298Z,c6907b97-5056-4335-b1c4-c1f355cdc7e8,1,1779332872,1779334200.0,True,1468,2026-05-21,test,6h,1779301800,included,1779301800,0,0.685,0.68,0.69,0.009999999999999898,0.69,92908.15,60
KXNBAGAME-26MAY20SASOKC,KXNBAGAME-26MAY20SASOKC-OKC,NBA,winner,Oklahoma City,San Antonio,1779323400,2026-05-21T00:30:00+00:00,kalshi_milestone_start_date,2026-05-22T14:31:49.890298Z,c6907b97-5056-4335-b1c4-c1f355cdc7e8,1,1779332872,1779334200.0,True,1468,2026-05-21,test,1h,1779319800,included,1779319800,0,0.685,0.68,0.69,0.009999999999999898,0.69,494054.32,60
KXNBAGAME-26MAY20SASOKC,KXNBAGAME-26MAY20SASOKC-OKC,NBA,winner,Oklahoma City,San Antonio,1779323400,2026-05-21T00:30:00+00:00,kalshi_milestone_start_date,2026-05-22T14:31:49.890298Z,c6907b97-5056-4335-b1c4-c1f355cdc7e8,1,1779332872,1779334200.0,True,1468,2026-05-21,test,5m,1779323100,included,1779323100,0,0.685,0.68,0.69,0.009999999999999898,0.69,912260.96,60
KXNBAGAME-26MAY21CLENYK,KXNBAGAME-26MAY21CLENYK-NYK,NBA,winner,New York,Cleveland,1779408000,2026-05-22T00:00:00+00:00,kalshi_milestone_start_date,2026-06-15T17:18:25.481631Z,6e923cd1-ca9c-4576-a58a-050112f1f0b2,1,1779417902,1779418800.0,True,1383,2026-05-22,test,24h,1779321600,included,1779321600,0,0.675,0.67,0.68,0.010000000000000009,0.68,7452.54,46
KXNBAGAME-26MAY21CLENYK,KXNBAGAME-26MAY21CLENYK-NYK,NBA,winner,New York,Cleveland,1779408000,2026-05-22T00:00:00+00:00,kalshi_milestone_start_date,2026-06-15T17:18:25.481631Z,6e923cd1-ca9c-4576-a58a-050112f1f0b2,1,1779417902,1779418800.0,True,1383,2026-05-22,test,6h,1779386400,included,1779386400,0,0.655,0.65,0.66,0.010000000000000009,0.66,115487.7,60
KXNBAGAME-26MAY21CLENYK,KXNBAGAME-26MAY21CLENYK-NYK,NBA,winner,New York,Cleveland,1779408000,2026-05-22T00:00:00+00:00,kalshi_milestone_start_date,2026-06-15T17:18:25.481631Z,6e923cd1-ca9c-4576-a58a-050112f1f0b2,1,1779417902,1779418800.0,True,1383,2026-05-22,test,1h,1779404400,included,1779404400,0,0.645,0.64,0.65,0.010000000000000009,0.65,363188.31,60
KXNBAGAME-26MAY21CLENYK,KXNBAGAME-26MAY21CLENYK-NYK,NBA,winner,New York,Cleveland,1779408000,2026-05-22T00:00:00+00:00,kalshi_milestone_start_date,2026-06-15T17:18:25.481631Z,6e923cd1-ca9c-4576-a58a-050112f1f0b2,1,1779417902,1779418800.0,True,1383,2026-05-22,test,5m,1779407700,included,1779407700,0,0.645,0.64,0.65,0.010000000000000009,0.65,707066.02,60
KXNBAGAME-26MAY22OKCSAS,KXNBAGAME-26MAY22OKCSAS-SAS,NBA,winner,San Antonio,Oklahoma City,1779496200,2026-05-23T00:30:00+00:00,kalshi_milestone_start_date,2026-05-24T14:29:33.526965Z,bab9b386-696c-425a-a136-fba77560ae05,0,1779506752,1779507000.0,True,1494,2026-05-23,test,24h,1779409800,included,1779409800,0,0.535,0.53,0.54,0.010000000000000009,0.54,14215.31,60
KXNBAGAME-26MAY22OKCSAS,KXNBAGAME-26MAY22OKCSAS-SAS,NBA,winner,San Antonio,Oklahoma City,1779496200,2026-05-23T00:30:00+00:00,kalshi_milestone_start_date,2026-05-24T14:29:33.526965Z,bab9b386-696c-425a-a136-fba77560ae05,0,1779506752,1779507000.0,True,1494,2026-05-23,test,6h,1779474600,included,1779474600,0,0.545,0.54,0.55,0.010000000000000009,0.55,230540.42,60
KXNBAGAME-26MAY22OKCSAS,KXNBAGAME-26MAY22OKCSAS-SAS,NBA,winner,San Antonio,Oklahoma City,1779496200,2026-05-23T00:30:00+00:00,kalshi_milestone_start_date,2026-05-24T14:29:33.526965Z,bab9b386-696c-425a-a136-fba77560ae05,0,1779506752,1779507000.0,True,1494,2026-05-23,test,1h,1779492600,included,1779492600,0,0.545,0.54,0.55,0.010000000000000009,0.55,729435.4400000001,60
KXNBAGAME-26MAY22OKCSAS,KXNBAGAME-26MAY22OKCSAS-SAS,NBA,winner,San Antonio,Oklahoma City,1779496200,2026-05-23T00:30:00+00:00,kalshi_milestone_start_date,2026-05-24T14:29:33.526965Z,bab9b386-696c-425a-a136-fba77560ae05,0,1779506752,1779507000.0,True,1494,2026-05-23,test,5m,1779495900,included,1779495900,0,0.575,0.57,0.58,0.010000000000000009,0.58,1830770.03,60
KXNBAGAME-26MAY23NYKCLE,KXNBAGAME-26MAY23NYKCLE-CLE,NBA,winner,Cleveland,New York,1779580800,2026-05-24T00:00:00+00:00,kalshi_milestone_start_date,2026-05-25T17:27:19.818477Z,f322e908-bef2-4d99-88ca-55cf70f4265e,0,1779590862,1779591600.0,True,1409,2026-05-24,test,24h,1779494400,included,1779494400,0,0.545,0.54,0.55,0.010000000000000009,0.55,3916.41,34
KXNBAGAME-26MAY23NYKCLE,KXNBAGAME-26MAY23NYKCLE-CLE,NBA,winner,Cleveland,New York,1779580800,2026-05-24T00:00:00+00:00,kalshi_milestone_start_date,2026-05-25T17:27:19.818477Z,f322e908-bef2-4d99-88ca-55cf70f4265e,0,1779590862,1779591600.0,True,1409,2026-05-24,test,6h,1779559200,included,1779559200,0,0.555,0.55,0.56,0.010000000000000009,0.56,73820.24,60
KXNBAGAME-26MAY23NYKCLE,KXNBAGAME-26MAY23NYKCLE-CLE,NBA,winner,Cleveland,New York,1779580800,2026-05-24T00:00:00+00:00,kalshi_milestone_start_date,2026-05-25T17:27:19.818477Z,f322e908-bef2-4d99-88ca-55cf70f4265e,0,1779590862,1779591600.0,True,1409,2026-05-24,test,1h,1779577200,included,1779577200,0,0.565,0.56,0.57,0.009999999999999898,0.57,334501.27999999997,60
KXNBAGAME-26MAY23NYKCLE,KXNBAGAME-26MAY23NYKCLE-CLE,NBA,winner,Cleveland,New York,1779580800,2026-05-24T00:00:00+00:00,kalshi_milestone_start_date,2026-05-25T17:27:19.818477Z,f322e908-bef2-4d99-88ca-55cf70f4265e,0,1779590862,1779591600.0,True,1409,2026-05-24,test,5m,1779580500,included,1779580500,0,0.565,0.56,0.57,0.009999999999999898,0.57,774735.11,60
KXNBAGAME-26MAY24OKCSAS,KXNBAGAME-26MAY24OKCSAS-SAS,NBA,winner,San Antonio,Oklahoma City,1779667200,2026-05-25T00:00:00+00:00,kalshi_milestone_start_date,2026-05-26T07:27:44.607845Z,2c651f7b-17f7-4c71-a729-528277797ca4,1,1779677582,1779678000.0,True,1482,2026-05-25,test,24h,1779580800,included,1779580800,0,0.555,0.55,0.56,0.010000000000000009,0.55,138887.63,54
KXNBAGAME-26MAY24OKCSAS,KXNBAGAME-26MAY24OKCSAS-SAS,NBA,winner,San Antonio,Oklahoma City,1779667200,2026-05-25T00:00:00+00:00,kalshi_milestone_start_date,2026-05-26T07:27:44.607845Z,2c651f7b-17f7-4c71-a729-528277797ca4,1,1779677582,1779678000.0,True,1482,2026-05-25,test,6h,1779645600,included,1779645600,0,0.575,0.57,0.58,0.010000000000000009,0.58,94297.71,60
KXNBAGAME-26MAY24OKCSAS,KXNBAGAME-26MAY24OKCSAS-SAS,NBA,winner,San Antonio,Oklahoma City,1779667200,2026-05-25T00:00:00+00:00,kalshi_milestone_start_date,2026-05-26T07:27:44.607845Z,2c651f7b-17f7-4c71-a729-528277797ca4,1,1779677582,1779678000.0,True,1482,2026-05-25,test,1h,1779663600,included,1779663600,0,0.575,0.57,0.58,0.010000000000000009,0.58,563630.11,60
KXNBAGAME-26MAY24OKCSAS,KXNBAGAME-26MAY24OKCSAS-SAS,NBA,winner,San Antonio,Oklahoma City,1779667200,2026-05-25T00:00:00+00:00,kalshi_milestone_start_date,2026-05-26T07:27:44.607845Z,2c651f7b-17f7-4c71-a729-528277797ca4,1,1779677582,1779678000.0,True,1482,2026-05-25,test,5m,1779666900,included,1779666900,0,0.575,0.57,0.58,0.010000000000000009,0.58,1321297.94,60
KXNBAGAME-26MAY25NYKCLE,KXNBAGAME-26MAY25NYKCLE-CLE,NBA,winner,Cleveland,New York,1779753600,2026-05-26T00:00:00+00:00,kalshi_milestone_start_date,2026-05-27T13:28:31.346381Z,1703bbfa-3b13-4714-95c8-2048ab643ecb,0,1779762732,1779764400.0,True,1429,2026-05-26,test,24h,1779667200,included,1779667200,0,0.445,0.44,0.45,0.010000000000000009,0.45,1998.48,37
KXNBAGAME-26MAY25NYKCLE,KXNBAGAME-26MAY25NYKCLE-CLE,NBA,winner,Cleveland,New York,1779753600,2026-05-26T00:00:00+00:00,kalshi_milestone_start_date,2026-05-27T13:28:31.346381Z,1703bbfa-3b13-4714-95c8-2048ab643ecb,0,1779762732,1779764400.0,True,1429,2026-05-26,test,6h,1779732000,included,1779732000,0,0.455,0.45,0.46,0.010000000000000009,0.45,158634.45,60
KXNBAGAME-26MAY25NYKCLE,KXNBAGAME-26MAY25NYKCLE-CLE,NBA,winner,Cleveland,New York,1779753600,2026-05-26T00:00:00+00:00,kalshi_milestone_start_date,2026-05-27T13:28:31.346381Z,1703bbfa-3b13-4714-95c8-2048ab643ecb,0,1779762732,1779764400.0,True,1429,2026-05-26,test,1h,1779750000,included,1779750000,0,0.46499999999999997,0.46,0.47,0.009999999999999953,0.47,606124.71,60
KXNBAGAME-26MAY25NYKCLE,KXNBAGAME-26MAY25NYKCLE-CLE,NBA,winner,Cleveland,New York,1779753600,2026-05-26T00:00:00+00:00,kalshi_milestone_start_date,2026-05-27T13:28:31.346381Z,1703bbfa-3b13-4714-95c8-2048ab643ecb,0,1779762732,1779764400.0,True,1429,2026-05-26,test,5m,1779753300,included,1779753300,0,0.46499999999999997,0.46,0.47,0.009999999999999953,0.47,992171.95,60
KXNBAGAME-26MAY26SASOKC,KXNBAGAME-26MAY26SASOKC-OKC,NBA,winner,Oklahoma City,San Antonio,1779841800,2026-05-27T00:30:00+00:00,kalshi_milestone_start_date,2026-05-28T14:25:54.218254Z,42938116-548c-4a57-a8f1-3cc6c8cc7915,1,1779851882,1779852600.0,True,1481,2026-05-27,test,24h,1779755400,included,1779755400,0,0.625,0.62,0.63,0.010000000000000009,,3647.31,44
KXNBAGAME-26MAY26SASOKC,KXNBAGAME-26MAY26SASOKC-OKC,NBA,winner,Oklahoma City,San Antonio,1779841800,2026-05-27T00:30:00+00:00,kalshi_milestone_start_date,2026-05-28T14:25:54.218254Z,42938116-548c-4a57-a8f1-3cc6c8cc7915,1,1779851882,1779852600.0,True,1481,2026-05-27,test,6h,1779820200,included,1779820200,0,0.605,0.6,0.61,0.010000000000000009,0.61,88574.95,60
KXNBAGAME-26MAY26SASOKC,KXNBAGAME-26MAY26SASOKC-OKC,NBA,winner,Oklahoma City,San Antonio,1779841800,2026-05-27T00:30:00+00:00,kalshi_milestone_start_date,2026-05-28T14:25:54.218254Z,42938116-548c-4a57-a8f1-3cc6c8cc7915,1,1779851882,1779852600.0,True,1481,2026-05-27,test,1h,1779838200,included,1779838200,0,0.585,0.58,0.59,0.010000000000000009,0.59,451997.69,60
KXNBAGAME-26MAY26SASOKC,KXNBAGAME-26MAY26SASOKC-OKC,NBA,winner,Oklahoma City,San Antonio,1779841800,2026-05-27T00:30:00+00:00,kalshi_milestone_start_date,2026-05-28T14:25:54.218254Z,42938116-548c-4a57-a8f1-3cc6c8cc7915,1,1779851882,1779852600.0,True,1481,2026-05-27,test,5m,1779841500,included,1779841500,0,0.585,0.58,0.59,0.010000000000000009,0.59,939229.09,60
KXNBAGAME-26MAY28OKCSAS,KXNBAGAME-26MAY28OKCSAS-SAS,NBA,winner,San Antonio,Oklahoma City,1780014600,2026-05-29T00:30:00+00:00,kalshi_milestone_start_date,2026-05-30T14:07:05.182283Z,2a78a639-6a67-4e8e-bff5-c7a27c7a8781,1,1780023596,1780025400.0,True,1377,2026-05-29,test,24h,1779928200,included,1779928200,0,0.595,0.59,0.6,0.010000000000000009,0.6,44304.71,60
KXNBAGAME-26MAY28OKCSAS,KXNBAGAME-26MAY28OKCSAS-SAS,NBA,winner,San Antonio,Oklahoma City,1780014600,2026-05-29T00:30:00+00:00,kalshi_milestone_start_date,2026-05-30T14:07:05.182283Z,2a78a639-6a67-4e8e-bff5-c7a27c7a8781,1,1780023596,1780025400.0,True,1377,2026-05-29,test,6h,1779993000,included,1779993000,0,0.595,0.59,0.6,0.010000000000000009,0.6,165460.13999999998,60
KXNBAGAME-26MAY28OKCSAS,KXNBAGAME-26MAY28OKCSAS-SAS,NBA,winner,San Antonio,Oklahoma City,1780014600,2026-05-29T00:30:00+00:00,kalshi_milestone_start_date,2026-05-30T14:07:05.182283Z,2a78a639-6a67-4e8e-bff5-c7a27c7a8781,1,1780023596,1780025400.0,True,1377,2026-05-29,test,1h,1780011000,included,1780011000,0,0.595,0.59,0.6,0.010000000000000009,0.6,727781.42,60
KXNBAGAME-26MAY28OKCSAS,KXNBAGAME-26MAY28OKCSAS-SAS,NBA,winner,San Antonio,Oklahoma City,1780014600,2026-05-29T00:30:00+00:00,kalshi_milestone_start_date,2026-05-30T14:07:05.182283Z,2a78a639-6a67-4e8e-bff5-c7a27c7a8781,1,1780023596,1780025400.0,True,1377,2026-05-29,test,5m,1780014300,included,1780014300,0,0.595,0.59,0.6,0.010000000000000009,0.6,1379803.65,60
KXNBAGAME-26JUN03NYKSAS,KXNBAGAME-26JUN03NYKSAS-SAS,NBA,winner,San Antonio,New York,1780533000,2026-06-04T00:30:00+00:00,kalshi_milestone_start_date,2026-06-15T17:18:25.504547Z,bc45c279-4b9c-406b-a86a-69c44ee4f5fd,0,1780542997,1780543800.0,True,1491,2026-06-04,test,24h,1780446600,included,1780446600,0,0.635,0.63,0.64,0.010000000000000009,0.64,98399.25,60
KXNBAGAME-26JUN03NYKSAS,KXNBAGAME-26JUN03NYKSAS-SAS,NBA,winner,San Antonio,New York,1780533000,2026-06-04T00:30:00+00:00,kalshi_milestone_start_date,2026-06-15T17:18:25.504547Z,bc45c279-4b9c-406b-a86a-69c44ee4f5fd,0,1780542997,1780543800.0,True,1491,2026-06-04,test,6h,1780511400,included,1780511400,0,0.635,0.63,0.64,0.010000000000000009,0.64,459291.38999999996,60
KXNBAGAME-26JUN03NYKSAS,KXNBAGAME-26JUN03NYKSAS-SAS,NBA,winner,San Antonio,New York,1780533000,2026-06-04T00:30:00+00:00,kalshi_milestone_start_date,2026-06-15T17:18:25.504547Z,bc45c279-4b9c-406b-a86a-69c44ee4f5fd,0,1780542997,1780543800.0,True,1491,2026-06-04,test,1h,1780529400,included,1780529400,0,0.635,0.63,0.64,0.010000000000000009,0.64,906565.25,60
KXNBAGAME-26JUN03NYKSAS,KXNBAGAME-26JUN03NYKSAS-SAS,NBA,winner,San Antonio,New York,1780533000,2026-06-04T00:30:00+00:00,kalshi_milestone_start_date,2026-06-15T17:18:25.504547Z,bc45c279-4b9c-406b-a86a-69c44ee4f5fd,0,1780542997,1780543800.0,True,1491,2026-06-04,test,5m,1780532700,included,1780532700,0,0.635,0.63,0.64,0.010000000000000009,0.64,1488073.15,60
KXNBAGAME-26JUN05NYKSAS,KXNBAGAME-26JUN05NYKSAS-SAS,NBA,winner,San Antonio,New York,1780705800,2026-06-06T00:30:00+00:00,kalshi_milestone_start_date,2026-06-10T16:01:50.070093Z,c5410e26-55e7-4479-b436-461e8b5edfa8,0,1780716615,1780716600.0,True,1498,2026-06-06,test,24h,1780619400,included,1780619400,0,0.665,0.66,0.67,0.010000000000000009,0.67,42153.22,60
KXNBAGAME-26JUN05NYKSAS,KXNBAGAME-26JUN05NYKSAS-SAS,NBA,winner,San Antonio,New York,1780705800,2026-06-06T00:30:00+00:00,kalshi_milestone_start_date,2026-06-10T16:01:50.070093Z,c5410e26-55e7-4479-b436-461e8b5edfa8,0,1780716615,1780716600.0,True,1498,2026-06-06,test,6h,1780684200,included,1780684200,0,0.675,0.67,0.68,0.010000000000000009,0.68,181548.5,60
KXNBAGAME-26JUN05NYKSAS,KXNBAGAME-26JUN05NYKSAS-SAS,NBA,winner,San Antonio,New York,1780705800,2026-06-06T00:30:00+00:00,kalshi_milestone_start_date,2026-06-10T16:01:50.070093Z,c5410e26-55e7-4479-b436-461e8b5edfa8,0,1780716615,1780716600.0,True,1498,2026-06-06,test,1h,1780702200,included,1780702200,0,0.675,0.67,0.68,0.010000000000000009,0.68,796350.21,60
KXNBAGAME-26JUN05NYKSAS,KXNBAGAME-26JUN05NYKSAS-SAS,NBA,winner,San Antonio,New York,1780705800,2026-06-06T00:30:00+00:00,kalshi_milestone_start_date,2026-06-10T16:01:50.070093Z,c5410e26-55e7-4479-b436-461e8b5edfa8,0,1780716615,1780716600.0,True,1498,2026-06-06,test,5m,1780705500,included,1780705500,0,0.685,0.68,0.69,0.009999999999999898,0.69,1511607.32,60
KXNBAGAME-26JUN08SASNYK,KXNBAGAME-26JUN08SASNYK-NYK,NBA,winner,New York,San Antonio,1780965000,2026-06-09T00:30:00+00:00,kalshi_milestone_start_date,2026-06-10T16:01:50.143941Z,9e374354-5700-458e-9e73-4449e8ab1fdf,0,1780975936,1780975800.0,True,1495,2026-06-09,test,24h,1780878600,included,1780878600,0,0.545,0.54,0.55,0.010000000000000009,0.55,169095.86000000002,60
KXNBAGAME-26JUN08SASNYK,KXNBAGAME-26JUN08SASNYK-NYK,NBA,winner,New York,San Antonio,1780965000,2026-06-09T00:30:00+00:00,kalshi_milestone_start_date,2026-06-10T16:01:50.143941Z,9e374354-5700-458e-9e73-4449e8ab1fdf,0,1780975936,1780975800.0,True,1495,2026-06-09,test,6h,1780943400,included,1780943400,0,0.535,0.53,0.54,0.010000000000000009,0.54,335810.18,60
KXNBAGAME-26JUN08SASNYK,KXNBAGAME-26JUN08SASNYK-NYK,NBA,winner,New York,San Antonio,1780965000,2026-06-09T00:30:00+00:00,kalshi_milestone_start_date,2026-06-10T16:01:50.143941Z,9e374354-5700-458e-9e73-4449e8ab1fdf,0,1780975936,1780975800.0,True,1495,2026-06-09,test,1h,1780961400,included,1780961400,0,0.535,0.53,0.54,0.010000000000000009,0.54,919886.96,60
KXNBAGAME-26JUN08SASNYK,KXNBAGAME-26JUN08SASNYK-NYK,NBA,winner,New York,San Antonio,1780965000,2026-06-09T00:30:00+00:00,kalshi_milestone_start_date,2026-06-10T16:01:50.143941Z,9e374354-5700-458e-9e73-4449e8ab1fdf,0,1780975936,1780975800.0,True,1495,2026-06-09,test,5m,1780964700,included,1780964700,0,0.525,0.52,0.53,0.010000000000000009,0.53,2205352.67,60
KXNBAGAME-26JUN10SASNYK,KXNBAGAME-26JUN10SASNYK-NYK,NBA,winner,New York,San Antonio,1781137800,2026-06-11T00:30:00+00:00,kalshi_milestone_start_date,2026-06-26T00:57:53.807096Z,122ba490-ad6a-4354-96b2-cd79ec25a86d,1,1781149006,1781148600.0,True,1500,2026-06-11,test,24h,1781051400,included,1781051400,0,0.535,0.53,0.54,0.010000000000000009,0.54,36364.38,60
KXNBAGAME-26JUN10SASNYK,KXNBAGAME-26JUN10SASNYK-NYK,NBA,winner,New York,San Antonio,1781137800,2026-06-11T00:30:00+00:00,kalshi_milestone_start_date,2026-06-26T00:57:53.807096Z,122ba490-ad6a-4354-96b2-cd79ec25a86d,1,1781149006,1781148600.0,True,1500,2026-06-11,test,6h,1781116200,included,1781116200,0,0.535,0.53,0.54,0.010000000000000009,0.54,286893.73,60
KXNBAGAME-26JUN10SASNYK,KXNBAGAME-26JUN10SASNYK-NYK,NBA,winner,New York,San Antonio,1781137800,2026-06-11T00:30:00+00:00,kalshi_milestone_start_date,2026-06-26T00:57:53.807096Z,122ba490-ad6a-4354-96b2-cd79ec25a86d,1,1781149006,1781148600.0,True,1500,2026-06-11,test,1h,1781134200,included,1781134200,0,0.545,0.54,0.55,0.010000000000000009,0.55,1513976.8,60
KXNBAGAME-26JUN10SASNYK,KXNBAGAME-26JUN10SASNYK-NYK,NBA,winner,New York,San Antonio,1781137800,2026-06-11T00:30:00+00:00,kalshi_milestone_start_date,2026-06-26T00:57:53.807096Z,122ba490-ad6a-4354-96b2-cd79ec25a86d,1,1781149006,1781148600.0,True,1500,2026-06-11,test,5m,1781137500,included,1781137500,0,0.545,0.54,0.55,0.010000000000000009,0.55,2660968.4,60
KXNBAGAME-26JUN13NYKSAS,KXNBAGAME-26JUN13NYKSAS-SAS,NBA,winner,San Antonio,New York,1781397000,2026-06-14T00:30:00+00:00,kalshi_milestone_start_date,2026-06-15T17:40:46.179109Z,0d87d1ea-c172-4f70-90b5-00a641f92da6,0,1781407945,1781407800.0,True,1500,2026-06-14,test,24h,1781310600,included,1781310600,0,0.645,0.64,0.65,0.010000000000000009,0.64,108691.53,60
KXNBAGAME-26JUN13NYKSAS,KXNBAGAME-26JUN13NYKSAS-SAS,NBA,winner,San Antonio,New York,1781397000,2026-06-14T00:30:00+00:00,kalshi_milestone_start_date,2026-06-15T17:40:46.179109Z,0d87d1ea-c172-4f70-90b5-00a641f92da6,0,1781407945,1781407800.0,True,1500,2026-06-14,test,6h,1781375400,included,1781375400,0,0.645,0.64,0.65,0.010000000000000009,0.65,397969.72,60
KXNBAGAME-26JUN13NYKSAS,KXNBAGAME-26JUN13NYKSAS-SAS,NBA,winner,San Antonio,New York,1781397000,2026-06-14T00:30:00+00:00,kalshi_milestone_start_date,2026-06-15T17:40:46.179109Z,0d87d1ea-c172-4f70-90b5-00a641f92da6,0,1781407945,1781407800.0,True,1500,2026-06-14,test,1h,1781393400,included,1781393400,0,0.645,0.64,0.65,0.010000000000000009,0.65,799600.52,60
KXNBAGAME-26JUN13NYKSAS,KXNBAGAME-26JUN13NYKSAS-SAS,NBA,winner,San Antonio,New York,1781397000,2026-06-14T00:30:00+00:00,kalshi_milestone_start_date,2026-06-15T17:40:46.179109Z,0d87d1ea-c172-4f70-90b5-00a641f92da6,0,1781407945,1781407800.0,True,1500,2026-06-14,test,5m,1781396700,included,1781396700,0,0.645,0.64,0.65,0.010000000000000009,0.65,2230083.28,60
