event,horizon,target_ts,reason,bar_ts,age_seconds,p,bid,ask,spread,trade_p,contracts_last_hour,active_minutes_last_hour
KXNBAGAME-26FEB12PORUTA,24h,1770861600,included,1770861600.0,0.0,0.275,0.27,0.28,0.010000000000000009,0.28,558.0,14.0
KXNBAGAME-26FEB12PORUTA,6h,1770926400,included,1770926400.0,0.0,0.28500000000000003,0.28,0.29,0.009999999999999953,0.29,8617.0,56.0
KXNBAGAME-26FEB12PORUTA,1h,1770944400,included,1770944400.0,0.0,0.315,0.31,0.32,0.010000000000000009,0.32,61680.0,60.0
KXNBAGAME-26FEB12PORUTA,5m,1770947700,included,1770947700.0,0.0,0.325,0.32,0.33,0.010000000000000009,0.33,54468.0,60.0
KXNBAGAME-26FEB12DALLAL,24h,1770865200,included,1770865200.0,0.0,0.695,0.69,0.7,0.010000000000000009,0.7,821.0,27.0
KXNBAGAME-26FEB12DALLAL,6h,1770930000,included,1770930000.0,0.0,0.715,0.71,0.72,0.010000000000000009,0.72,22885.0,60.0
KXNBAGAME-26FEB12DALLAL,1h,1770948000,included,1770948000.0,0.0,0.695,0.69,0.7,0.010000000000000009,0.7,180197.0,60.0
KXNBAGAME-26FEB12DALLAL,5m,1770951300,included,1770951300.0,0.0,0.695,0.69,0.7,0.010000000000000009,0.7,376452.0,60.0
KXNBAGAME-26FEB19ATLPHI,24h,1771459200,included,1771459200.0,0.0,0.535,0.53,0.54,0.010000000000000009,,5015.0,32.0
KXNBAGAME-26FEB19ATLPHI,6h,1771524000,included,1771523940.0,60.0,0.515,0.51,0.52,0.010000000000000009,0.52,17520.0,51.0
KXNBAGAME-26FEB19ATLPHI,1h,1771542000,included,1771542000.0,0.0,0.52,0.51,0.53,0.020000000000000018,0.53,34711.0,60.0
KXNBAGAME-26FEB19ATLPHI,5m,1771545300,included,1771545300.0,0.0,0.505,0.5,0.51,0.010000000000000009,0.51,177177.0,60.0
KXNBAGAME-26FEB19BKNCLE,24h,1771459200,bar_too_old,,180.0,,,,,,,
KXNBAGAME-26FEB19BKNCLE,6h,1771524000,included,1771524000.0,0.0,0.885,0.88,0.89,0.010000000000000009,,11616.0,39.0
KXNBAGAME-26FEB19BKNCLE,1h,1771542000,included,1771542000.0,0.0,0.885,0.88,0.89,0.010000000000000009,0.89,49456.0,56.0
KXNBAGAME-26FEB19BKNCLE,5m,1771545300,included,1771545300.0,0.0,0.895,0.89,0.9,0.010000000000000009,0.9,130877.0,59.0
KXNBAGAME-26FEB19HOUCHA,24h,1771459200,included,1771459200.0,0.0,0.365,0.36,0.37,0.010000000000000009,0.36,8446.0,35.0
KXNBAGAME-26FEB19HOUCHA,6h,1771524000,included,1771524000.0,0.0,0.375,0.37,0.38,0.010000000000000009,0.38,20471.0,54.0
KXNBAGAME-26FEB19HOUCHA,1h,1771542000,included,1771542000.0,0.0,0.375,0.37,0.38,0.010000000000000009,0.38,117805.0,60.0
KXNBAGAME-26FEB19HOUCHA,5m,1771545300,included,1771545300.0,0.0,0.375,0.37,0.38,0.010000000000000009,0.38,98991.0,60.0
KXNBAGAME-26FEB19INDWAS,24h,1771459200,included,1771459080.0,120.0,0.405,0.4,0.41,0.009999999999999953,,841.0,4.0
KXNBAGAME-26FEB19INDWAS,6h,1771524000,included,1771524000.0,0.0,0.455,0.45,0.46,0.010000000000000009,0.46,8239.0,26.0
KXNBAGAME-26FEB19INDWAS,1h,1771542000,included,1771542000.0,0.0,0.46499999999999997,0.46,0.47,0.009999999999999953,0.47,33526.0,55.0
KXNBAGAME-26FEB19INDWAS,5m,1771545300,included,1771545300.0,0.0,0.455,0.45,0.46,0.010000000000000009,0.46,29089.0,58.0
KXNBAGAME-26FEB19DETNYK,24h,1771461000,included,1771461000.0,0.0,0.62,0.61,0.63,0.020000000000000018,,6934.0,29.0
KXNBAGAME-26FEB19DETNYK,6h,1771525800,included,1771525800.0,0.0,0.595,0.59,0.6,0.010000000000000009,0.6,17293.0,53.0
KXNBAGAME-26FEB19DETNYK,1h,1771543800,included,1771543800.0,0.0,0.595,0.59,0.6,0.010000000000000009,0.6,82768.0,60.0
KXNBAGAME-26FEB19DETNYK,5m,1771547100,included,1771547100.0,0.0,0.605,0.6,0.61,0.010000000000000009,0.6,358244.0,60.0
KXNBAGAME-26FEB19TORCHI,24h,1771462800,included,1771462680.0,120.0,0.355,0.35,0.36,0.010000000000000009,,156.0,6.0
KXNBAGAME-26FEB19TORCHI,6h,1771527600,included,1771527540.0,60.0,0.325,0.32,0.33,0.010000000000000009,,2964.0,22.0
KXNBAGAME-26FEB19TORCHI,1h,1771545600,included,1771545600.0,0.0,0.325,0.32,0.33,0.010000000000000009,0.33,6543.0,45.0
KXNBAGAME-26FEB19TORCHI,5m,1771548900,included,1771548900.0,0.0,0.335,0.33,0.34,0.010000000000000009,0.34,24362.0,52.0
KXNBAGAME-26FEB19PHXSAS,24h,1771464600,included,1771464600.0,0.0,0.72,0.71,0.73,0.020000000000000018,,4012.0,16.0
KXNBAGAME-26FEB19PHXSAS,6h,1771529400,included,1771529400.0,0.0,0.715,0.71,0.72,0.010000000000000009,0.72,3840.0,48.0
KXNBAGAME-26FEB19PHXSAS,1h,1771547400,included,1771547400.0,0.0,0.725,0.72,0.73,0.010000000000000009,0.73,58780.0,58.0
KXNBAGAME-26FEB19PHXSAS,5m,1771550700,included,1771550700.0,0.0,0.725,0.72,0.73,0.010000000000000009,0.73,56995.0,60.0
KXNBAGAME-26FEB19BOSGSW,24h,1771470000,included,1771470000.0,0.0,0.335,0.33,0.34,0.010000000000000009,0.34,1253.0,30.0
KXNBAGAME-26FEB19BOSGSW,6h,1771534800,included,1771534800.0,0.0,0.335,0.33,0.34,0.010000000000000009,0.34,6175.0,50.0
KXNBAGAME-26FEB19BOSGSW,1h,1771552800,included,1771552800.0,0.0,0.325,0.32,0.33,0.010000000000000009,0.33,12650.0,59.0
KXNBAGAME-26FEB19BOSGSW,5m,1771556100,included,1771556100.0,0.0,0.335,0.33,0.34,0.010000000000000009,0.34,129572.0,60.0
KXNBAGAME-26FEB19ORLSAC,24h,1771470000,included,1771470000.0,0.0,0.225,0.22,0.23,0.010000000000000009,,163.0,6.0
KXNBAGAME-26FEB19ORLSAC,6h,1771534800,included,1771534800.0,0.0,0.235,0.23,0.24,0.009999999999999981,,29822.0,32.0
KXNBAGAME-26FEB19ORLSAC,1h,1771552800,included,1771552800.0,0.0,0.24,0.23,0.25,0.01999999999999999,0.25,7045.0,43.0
KXNBAGAME-26FEB19ORLSAC,5m,1771556100,included,1771556100.0,0.0,0.245,0.24,0.25,0.010000000000000009,0.25,113400.0,58.0
KXNBAGAME-26FEB19DENLAC,24h,1771471800,included,1771471680.0,120.0,0.38,0.37,0.39,0.020000000000000018,,320.0,7.0
KXNBAGAME-26FEB19DENLAC,6h,1771536600,included,1771536600.0,0.0,0.375,0.37,0.38,0.010000000000000009,,2394.0,33.0
KXNBAGAME-26FEB19DENLAC,1h,1771554600,included,1771554600.0,0.0,0.375,0.37,0.38,0.010000000000000009,0.38,12471.0,55.0
KXNBAGAME-26FEB19DENLAC,5m,1771557900,included,1771557900.0,0.0,0.375,0.37,0.38,0.010000000000000009,0.38,93039.0,60.0
KXNBAGAME-26FEB20CLECHA,24h,1771545600,bar_too_old,,1320.0,,,,,,,
KXNBAGAME-26FEB20CLECHA,6h,1771610400,included,1771610400.0,0.0,0.325,0.32,0.33,0.010000000000000009,0.33,10726.0,46.0
KXNBAGAME-26FEB20CLECHA,1h,1771628400,included,1771628400.0,0.0,0.345,0.34,0.35,0.009999999999999953,0.35,44019.0,59.0
KXNBAGAME-26FEB20CLECHA,5m,1771631700,included,1771631700.0,0.0,0.345,0.34,0.35,0.009999999999999953,0.34,90160.0,60.0
KXNBAGAME-26FEB20INDWAS,24h,1771545600,included,1771545600.0,0.0,0.46499999999999997,0.46,0.47,0.009999999999999953,0.47,881.0,8.0
KXNBAGAME-26FEB20INDWAS,6h,1771610400,included,1771610400.0,0.0,0.505,0.5,0.51,0.010000000000000009,,8896.0,36.0
KXNBAGAME-26FEB20INDWAS,1h,1771628400,included,1771628400.0,0.0,0.525,0.52,0.53,0.010000000000000009,0.53,23839.0,58.0
KXNBAGAME-26FEB20INDWAS,5m,1771631700,included,1771631700.0,0.0,0.515,0.51,0.52,0.010000000000000009,0.52,81228.0,59.0
KXNBAGAME-26FEB20UTAMEM,24h,1771545600,included,1771545600.0,0.0,0.595,0.59,0.6,0.010000000000000009,,756.0,11.0
KXNBAGAME-26FEB20UTAMEM,6h,1771610400,included,1771610400.0,0.0,0.545,0.54,0.55,0.010000000000000009,0.55,6162.0,48.0
KXNBAGAME-26FEB20UTAMEM,1h,1771628400,included,1771628400.0,0.0,0.565,0.56,0.57,0.009999999999999898,0.57,36912.0,55.0
KXNBAGAME-26FEB20UTAMEM,5m,1771631700,included,1771631700.0,0.0,0.565,0.56,0.57,0.009999999999999898,0.57,66934.0,58.0
KXNBAGAME-26FEB20DALMIN,24h,1771547400,bar_too_old,,480.0,,,,,,,
KXNBAGAME-26FEB20DALMIN,6h,1771612200,included,1771612140.0,60.0,0.865,0.86,0.87,0.010000000000000009,0.87,84503.0,21.0
KXNBAGAME-26FEB20DALMIN,1h,1771630200,included,1771630200.0,0.0,0.855,0.85,0.86,0.010000000000000009,0.86,108529.0,59.0
KXNBAGAME-26FEB20DALMIN,5m,1771633500,included,1771633500.0,0.0,0.855,0.85,0.86,0.010000000000000009,0.86,110739.0,59.0
KXNBAGAME-26FEB20MIAATL,24h,1771547400,included,1771547400.0,0.0,0.42,0.41,0.43,0.020000000000000018,,575.0,3.0
KXNBAGAME-26FEB20MIAATL,6h,1771612200,included,1771612200.0,0.0,0.405,0.4,0.41,0.009999999999999953,0.41,5122.0,42.0
KXNBAGAME-26FEB20MIAATL,1h,1771630200,included,1771630200.0,0.0,0.435,0.43,0.44,0.010000000000000009,0.44,25672.0,59.0
KXNBAGAME-26FEB20MIAATL,5m,1771633500,included,1771633500.0,0.0,0.435,0.43,0.44,0.010000000000000009,0.44,36783.0,60.0
KXNBAGAME-26FEB20BKNOKC,24h,1771549200,bar_too_old,,180.0,,,,,,,
KXNBAGAME-26FEB20BKNOKC,6h,1771614000,included,1771614000.0,0.0,0.925,0.92,0.93,0.010000000000000009,0.92,4529.0,26.0
KXNBAGAME-26FEB20BKNOKC,1h,1771632000,included,1771632000.0,0.0,0.905,0.9,0.91,0.010000000000000009,0.91,50908.0,54.0
KXNBAGAME-26FEB20BKNOKC,5m,1771635300,included,1771635300.0,0.0,0.895,0.89,0.9,0.010000000000000009,,106766.0,53.0
KXNBAGAME-26FEB20MILNOP,24h,1771549200,bar_too_old,,180.0,,,,,,,
KXNBAGAME-26FEB20MILNOP,6h,1771614000,included,1771614000.0,0.0,0.605,0.6,0.61,0.010000000000000009,,7428.0,32.0
KXNBAGAME-26FEB20MILNOP,1h,1771632000,included,1771632000.0,0.0,0.615,0.61,0.62,0.010000000000000009,0.62,5421.0,51.0
KXNBAGAME-26FEB20MILNOP,5m,1771635300,included,1771635300.0,0.0,0.615,0.61,0.62,0.010000000000000009,0.62,50927.0,50.0
KXNBAGAME-26FEB20DENPOR,24h,1771556400,bar_too_old,,360.0,,,,,,,
KXNBAGAME-26FEB20DENPOR,6h,1771621200,included,1771621200.0,0.0,0.485,0.48,0.49,0.010000000000000009,0.49,1193.0,30.0
KXNBAGAME-26FEB20DENPOR,1h,1771639200,included,1771639200.0,0.0,0.515,0.51,0.52,0.010000000000000009,0.52,26953.0,51.0
KXNBAGAME-26FEB20DENPOR,5m,1771642500,included,1771642500.0,0.0,0.475,0.47,0.48,0.010000000000000009,0.48,213214.0,58.0
KXNBAGAME-26FEB20LACLAL,24h,1771556400,included,1771556400.0,0.0,0.705,0.69,0.72,0.030000000000000027,,790.0,22.0
KXNBAGAME-26FEB20LACLAL,6h,1771621200,included,1771621200.0,0.0,0.705,0.7,0.71,0.010000000000000009,0.71,27390.0,52.0
KXNBAGAME-26FEB20LACLAL,1h,1771639200,included,1771639200.0,0.0,0.685,0.68,0.69,0.009999999999999898,0.69,46172.0,59.0
KXNBAGAME-26FEB20LACLAL,5m,1771642500,included,1771642500.0,0.0,0.695,0.69,0.7,0.010000000000000009,0.7,239964.0,60.0
KXNBAGAME-26FEB21ORLPHX,24h,1771624800,bar_too_old,,240.0,,,,,,,
KXNBAGAME-26FEB21ORLPHX,6h,1771689600,included,1771689600.0,0.0,0.535,0.53,0.54,0.010000000000000009,0.54,12296.0,50.0
KXNBAGAME-26FEB21ORLPHX,1h,1771707600,included,1771707600.0,0.0,0.565,0.56,0.57,0.009999999999999898,0.57,30806.0,59.0
KXNBAGAME-26FEB21ORLPHX,5m,1771710900,included,1771710900.0,0.0,0.595,0.59,0.6,0.010000000000000009,0.6,87085.0,60.0
KXNBAGAME-26FEB21PHINOP,24h,1771632000,bar_too_old,,360.0,,,,,,,
KXNBAGAME-26FEB21PHINOP,6h,1771696800,included,1771696740.0,60.0,0.405,0.4,0.41,0.009999999999999953,0.41,2223.0,19.0
KXNBAGAME-26FEB21PHINOP,1h,1771714800,included,1771714800.0,0.0,0.395,0.39,0.4,0.010000000000000009,0.4,5640.0,44.0
KXNBAGAME-26FEB21PHINOP,5m,1771718100,included,1771718100.0,0.0,0.395,0.39,0.4,0.010000000000000009,0.4,11293.0,53.0
KXNBAGAME-26FEB21DETCHI,24h,1771635600,included,1771635540.0,60.0,0.22,0.21,0.23,0.020000000000000018,,248.0,12.0
KXNBAGAME-26FEB21DETCHI,6h,1771700400,included,1771700400.0,0.0,0.175,0.17,0.18,0.009999999999999981,,3797.0,32.0
KXNBAGAME-26FEB21DETCHI,1h,1771718400,included,1771718400.0,0.0,0.175,0.17,0.18,0.009999999999999981,0.18,19455.0,53.0
KXNBAGAME-26FEB21DETCHI,5m,1771721700,included,1771721700.0,0.0,0.175,0.17,0.18,0.009999999999999981,0.18,57211.0,54.0
KXNBAGAME-26FEB21MEMMIA,24h,1771635600,bar_too_old,,480.0,,,,,,,
KXNBAGAME-26FEB21MEMMIA,6h,1771700400,included,1771700400.0,0.0,0.835,0.83,0.84,0.010000000000000009,,54038.0,27.0
KXNBAGAME-26FEB21MEMMIA,1h,1771718400,included,1771718400.0,0.0,0.825,0.82,0.83,0.010000000000000009,0.83,23535.0,44.0
KXNBAGAME-26FEB21MEMMIA,5m,1771721700,included,1771721700.0,0.0,0.815,0.81,0.82,0.009999999999999898,0.81,68162.0,49.0
KXNBAGAME-26FEB21SACSAS,24h,1771635600,included,1771635600.0,0.0,0.925,0.92,0.93,0.010000000000000009,0.92,7453.0,16.0
KXNBAGAME-26FEB21SACSAS,6h,1771700400,included,1771700400.0,0.0,0.925,0.92,0.93,0.010000000000000009,,31748.0,39.0
KXNBAGAME-26FEB21SACSAS,1h,1771718400,included,1771718400.0,0.0,0.925,0.92,0.93,0.010000000000000009,0.93,50141.0,53.0
KXNBAGAME-26FEB21SACSAS,5m,1771721700,included,1771721700.0,0.0,0.925,0.92,0.93,0.010000000000000009,0.93,159125.0,56.0
KXNBAGAME-26FEB21HOUNYK,24h,1771637400,bar_too_old,,300.0,,,,,,,
KXNBAGAME-26FEB21HOUNYK,6h,1771702200,included,1771702200.0,0.0,0.595,0.59,0.6,0.010000000000000009,0.6,10879.0,52.0
KXNBAGAME-26FEB21HOUNYK,1h,1771720200,included,1771720200.0,0.0,0.6,0.59,0.61,0.020000000000000018,0.61,63557.0,60.0
KXNBAGAME-26FEB21HOUNYK,5m,1771723500,included,1771723500.0,0.0,0.605,0.6,0.61,0.010000000000000009,0.6,223630.0,60.0
KXNBAGAME-26FEB22CLEOKC,24h,1771696800,included,1771696740.0,60.0,0.515,0.5,0.53,0.030000000000000027,0.53,3041.0,24.0
KXNBAGAME-26FEB22CLEOKC,6h,1771761600,included,1771761600.0,0.0,0.405,0.4,0.41,0.009999999999999953,,27293.0,44.0
KXNBAGAME-26FEB22CLEOKC,1h,1771779600,included,1771779600.0,0.0,0.375,0.37,0.38,0.010000000000000009,0.38,149630.0,60.0
KXNBAGAME-26FEB22CLEOKC,5m,1771782900,included,1771782900.0,0.0,0.385,0.38,0.39,0.010000000000000009,0.39,216669.0,60.0
KXNBAGAME-26FEB22BKNATL,24h,1771705800,bar_too_old,,540.0,,,,,,,
KXNBAGAME-26FEB22BKNATL,6h,1771770600,included,1771770600.0,0.0,0.795,0.79,0.8,0.010000000000000009,0.8,4646.0,28.0
KXNBAGAME-26FEB22BKNATL,1h,1771788600,included,1771788600.0,0.0,0.785,0.78,0.79,0.010000000000000009,0.79,18169.0,53.0
KXNBAGAME-26FEB22BKNATL,5m,1771791900,included,1771791900.0,0.0,0.785,0.78,0.79,0.010000000000000009,0.79,15197.0,51.0
KXNBAGAME-26FEB22DENGSW,24h,1771705800,included,1771705800.0,0.0,0.35,0.34,0.36,0.019999999999999962,,114.0,7.0
KXNBAGAME-26FEB22DENGSW,6h,1771770600,included,1771770600.0,0.0,0.315,0.31,0.32,0.010000000000000009,0.32,1583.0,28.0
KXNBAGAME-26FEB22DENGSW,1h,1771788600,included,1771788600.0,0.0,0.31,0.3,0.32,0.020000000000000018,0.32,61863.0,58.0
KXNBAGAME-26FEB22DENGSW,5m,1771791900,included,1771791900.0,0.0,0.315,0.31,0.32,0.010000000000000009,0.32,63432.0,59.0
KXNBAGAME-26FEB22TORMIL,24h,1771705800,bar_too_old,,600.0,,,,,,,
KXNBAGAME-26FEB22TORMIL,6h,1771770600,included,1771770600.0,0.0,0.425,0.42,0.43,0.010000000000000009,,2213.0,32.0
KXNBAGAME-26FEB22TORMIL,1h,1771788600,included,1771788600.0,0.0,0.415,0.41,0.42,0.010000000000000009,0.42,33758.0,56.0
KXNBAGAME-26FEB22TORMIL,5m,1771791900,included,1771791900.0,0.0,0.395,0.39,0.4,0.010000000000000009,0.4,44586.0,59.0
KXNBAGAME-26FEB22DALIND,24h,1771711200,included,1771711200.0,0.0,0.475,0.46,0.49,0.02999999999999997,0.49,188.0,11.0
KXNBAGAME-26FEB22DALIND,6h,1771776000,included,1771776000.0,0.0,0.46499999999999997,0.46,0.47,0.009999999999999953,,1753.0,23.0
KXNBAGAME-26FEB22DALIND,1h,1771794000,included,1771794000.0,0.0,0.5,0.49,0.51,0.020000000000000018,0.51,36180.0,47.0
KXNBAGAME-26FEB22DALIND,5m,1771797300,included,1771797300.0,0.0,0.485,0.48,0.49,0.010000000000000009,0.49,53355.0,56.0
KXNBAGAME-26FEB22CHAWAS,24h,1771714800,included,1771714740.0,60.0,0.19,0.18,0.2,0.020000000000000018,,542.0,7.0
KXNBAGAME-26FEB22CHAWAS,6h,1771779600,included,1771779600.0,0.0,0.165,0.16,0.17,0.010000000000000009,0.17,6064.0,41.0
KXNBAGAME-26FEB22CHAWAS,1h,1771797600,included,1771797600.0,0.0,0.175,0.17,0.18,0.009999999999999981,0.18,18412.0,55.0
KXNBAGAME-26FEB22CHAWAS,5m,1771800900,included,1771800900.0,0.0,0.195,0.19,0.2,0.010000000000000009,0.2,60298.0,60.0
KXNBAGAME-26FEB22BOSLAL,24h,1771716600,included,1771716540.0,60.0,0.48,0.47,0.49,0.020000000000000018,,1026.0,19.0
KXNBAGAME-26FEB22BOSLAL,6h,1771781400,included,1771781400.0,0.0,0.475,0.47,0.48,0.010000000000000009,0.47,54216.0,60.0
KXNBAGAME-26FEB22BOSLAL,1h,1771799400,included,1771799400.0,0.0,0.495,0.49,0.5,0.010000000000000009,0.5,133683.0,60.0
KXNBAGAME-26FEB22BOSLAL,5m,1771802700,included,1771802700.0,0.0,0.485,0.48,0.49,0.010000000000000009,0.49,1027868.0,60.0
KXNBAGAME-26FEB22PHIMIN,24h,1771718400,included,1771718340.0,60.0,0.745,0.74,0.75,0.010000000000000009,,18.0,3.0
KXNBAGAME-26FEB22PHIMIN,6h,1771783200,included,1771783200.0,0.0,0.755,0.75,0.76,0.010000000000000009,,5183.0,34.0
KXNBAGAME-26FEB22PHIMIN,1h,1771801200,included,1771801200.0,0.0,0.76,0.75,0.77,0.020000000000000018,0.77,18503.0,51.0
KXNBAGAME-26FEB22PHIMIN,5m,1771804500,included,1771804500.0,0.0,0.76,0.75,0.77,0.020000000000000018,0.77,56364.0,60.0
KXNBAGAME-26FEB22NYKCHI,24h,1771722000,included,1771722000.0,0.0,0.2,0.19,0.21,0.01999999999999999,,139.0,4.0
KXNBAGAME-26FEB22NYKCHI,6h,1771786800,included,1771786800.0,0.0,0.20500000000000002,0.2,0.21,0.009999999999999981,0.21,2681.0,30.0
KXNBAGAME-26FEB22NYKCHI,1h,1771804800,included,1771804800.0,0.0,0.20500000000000002,0.2,0.21,0.009999999999999981,0.21,26140.0,58.0
KXNBAGAME-26FEB22NYKCHI,5m,1771808100,included,1771808100.0,0.0,0.215,0.21,0.22,0.010000000000000009,0.22,92822.0,60.0
KXNBAGAME-26FEB22PORPHX,24h,1771722000,included,1771722000.0,0.0,0.415,0.41,0.42,0.010000000000000009,0.41,13157.0,19.0
KXNBAGAME-26FEB22PORPHX,6h,1771786800,included,1771786800.0,0.0,0.415,0.41,0.42,0.010000000000000009,0.42,27227.0,51.0
KXNBAGAME-26FEB22PORPHX,1h,1771804800,included,1771804800.0,0.0,0.435,0.43,0.44,0.010000000000000009,0.44,59822.0,60.0
KXNBAGAME-26FEB22PORPHX,5m,1771808100,included,1771808100.0,0.0,0.405,0.4,0.41,0.009999999999999953,0.41,118184.0,60.0
KXNBAGAME-26FEB22ORLLAC,24h,1771725600,bar_too_old,,360.0,,,,,,,
KXNBAGAME-26FEB22ORLLAC,6h,1771790400,included,1771790400.0,0.0,0.54,0.53,0.55,0.020000000000000018,0.55,3085.0,46.0
KXNBAGAME-26FEB22ORLLAC,1h,1771808400,included,1771808400.0,0.0,0.635,0.63,0.64,0.010000000000000009,0.64,75127.0,59.0
KXNBAGAME-26FEB22ORLLAC,5m,1771811700,included,1771811700.0,0.0,0.615,0.61,0.62,0.010000000000000009,0.62,196784.0,60.0
KXNBAGAME-26FEB23SASDET,24h,1771804800,included,1771804800.0,0.0,0.55,0.54,0.56,0.020000000000000018,,6627.0,27.0
KXNBAGAME-26FEB23SASDET,6h,1771869600,included,1771869600.0,0.0,0.525,0.52,0.53,0.010000000000000009,0.53,31848.0,60.0
KXNBAGAME-26FEB23SASDET,1h,1771887600,included,1771887600.0,0.0,0.525,0.52,0.53,0.010000000000000009,0.53,139659.0,60.0
KXNBAGAME-26FEB23SASDET,5m,1771890900,included,1771890900.0,0.0,0.525,0.52,0.53,0.010000000000000009,0.53,372406.0,60.0
KXNBAGAME-26FEB23SACMEM,24h,1771808400,included,1771808400.0,0.0,0.635,0.62,0.65,0.030000000000000027,0.65,3126.0,31.0
KXNBAGAME-26FEB23SACMEM,6h,1771873200,included,1771873200.0,0.0,0.58,0.57,0.59,0.020000000000000018,0.59,29533.0,58.0
KXNBAGAME-26FEB23SACMEM,1h,1771891200,included,1771891200.0,0.0,0.565,0.56,0.57,0.009999999999999898,0.57,154830.0,60.0
KXNBAGAME-26FEB23SACMEM,5m,1771894500,included,1771894500.0,0.0,0.575,0.57,0.58,0.010000000000000009,0.58,228879.0,60.0
KXNBAGAME-26FEB23UTAHOU,24h,1771813800,included,1771813800.0,0.0,0.875,0.87,0.88,0.010000000000000009,,4525.0,22.0
KXNBAGAME-26FEB23UTAHOU,6h,1771878600,included,1771878600.0,0.0,0.865,0.86,0.87,0.010000000000000009,0.87,54312.0,53.0
KXNBAGAME-26FEB23UTAHOU,1h,1771896600,included,1771896600.0,0.0,0.875,0.87,0.88,0.010000000000000009,0.88,61597.0,59.0
KXNBAGAME-26FEB23UTAHOU,5m,1771899900,included,1771899900.0,0.0,0.875,0.87,0.88,0.010000000000000009,0.88,124207.0,59.0
KXNBAGAME-26FEB24PHIIND,24h,1771891200,included,1771891200.0,0.0,0.245,0.23,0.26,0.03,,13630.0,34.0
KXNBAGAME-26FEB24PHIIND,6h,1771956000,included,1771956000.0,0.0,0.20500000000000002,0.2,0.21,0.009999999999999981,0.21,5361.0,50.0
KXNBAGAME-26FEB24PHIIND,1h,1771974000,included,1771974000.0,0.0,0.185,0.18,0.19,0.010000000000000009,0.19,45478.0,59.0
KXNBAGAME-26FEB24PHIIND,5m,1771977300,included,1771977300.0,0.0,0.185,0.18,0.19,0.010000000000000009,0.19,210844.0,60.0
KXNBAGAME-26FEB24DALBKN,24h,1771893000,included,1771892880.0,120.0,0.45999999999999996,0.45,0.47,0.019999999999999962,,525.0,8.0
KXNBAGAME-26FEB24DALBKN,6h,1771957800,included,1771957800.0,0.0,0.46499999999999997,0.46,0.47,0.009999999999999953,0.47,2352.0,34.0
KXNBAGAME-26FEB24DALBKN,1h,1771975800,included,1771975800.0,0.0,0.46499999999999997,0.46,0.47,0.009999999999999953,0.47,16867.0,47.0
KXNBAGAME-26FEB24DALBKN,5m,1771979100,included,1771979100.0,0.0,0.46499999999999997,0.46,0.47,0.009999999999999953,0.46,41169.0,59.0
KXNBAGAME-26FEB24NYKCLE,24h,1771893000,included,1771893000.0,0.0,0.605,0.6,0.61,0.010000000000000009,,821.0,26.0
KXNBAGAME-26FEB24NYKCLE,6h,1771957800,included,1771957800.0,0.0,0.605,0.6,0.61,0.010000000000000009,0.61,43932.0,56.0
KXNBAGAME-26FEB24NYKCLE,1h,1771975800,included,1771975800.0,0.0,0.605,0.6,0.61,0.010000000000000009,0.61,48630.0,60.0
KXNBAGAME-26FEB24NYKCLE,5m,1771979100,included,1771979100.0,0.0,0.605,0.6,0.61,0.010000000000000009,0.61,89982.0,60.0
KXNBAGAME-26FEB24OKCTOR,24h,1771893000,included,1771892880.0,120.0,0.49,0.48,0.5,0.020000000000000018,,337.0,15.0
KXNBAGAME-26FEB24OKCTOR,6h,1771957800,included,1771957800.0,0.0,0.525,0.52,0.53,0.010000000000000009,0.52,61020.0,54.0
KXNBAGAME-26FEB24OKCTOR,1h,1771975800,included,1771975800.0,0.0,0.565,0.56,0.57,0.009999999999999898,0.56,49311.0,60.0
KXNBAGAME-26FEB24OKCTOR,5m,1771979100,included,1771979100.0,0.0,0.505,0.5,0.51,0.010000000000000009,0.51,253855.0,60.0
KXNBAGAME-26FEB24WASATL,24h,1771893000,bar_too_old,,360.0,,,,,,,
KXNBAGAME-26FEB24WASATL,6h,1771957800,included,1771957800.0,0.0,0.86,0.85,0.87,0.020000000000000018,0.87,2207.0,30.0
KXNBAGAME-26FEB24WASATL,1h,1771975800,included,1771975800.0,0.0,0.855,0.85,0.86,0.010000000000000009,0.86,5385.0,43.0
KXNBAGAME-26FEB24WASATL,5m,1771979100,included,1771979100.0,0.0,0.855,0.85,0.86,0.010000000000000009,0.86,15686.0,51.0
KXNBAGAME-26FEB24CHACHI,24h,1771894800,included,1771894740.0,60.0,0.28500000000000003,0.28,0.29,0.009999999999999953,0.28,674.0,15.0
KXNBAGAME-26FEB24CHACHI,6h,1771959600,included,1771959600.0,0.0,0.255,0.25,0.26,0.010000000000000009,0.26,5529.0,39.0
KXNBAGAME-26FEB24CHACHI,1h,1771977600,included,1771977600.0,0.0,0.255,0.25,0.26,0.010000000000000009,0.26,11772.0,57.0
KXNBAGAME-26FEB24CHACHI,5m,1771980900,included,1771980900.0,0.0,0.255,0.25,0.26,0.010000000000000009,0.26,16803.0,58.0
KXNBAGAME-26FEB24GSWNOP,24h,1771894800,included,1771894680.0,120.0,0.475,0.46,0.49,0.02999999999999997,,15.0,3.0
KXNBAGAME-26FEB24GSWNOP,6h,1771959600,included,1771959600.0,0.0,0.475,0.47,0.48,0.010000000000000009,0.48,5134.0,36.0
KXNBAGAME-26FEB24GSWNOP,1h,1771977600,included,1771977600.0,0.0,0.475,0.47,0.48,0.010000000000000009,0.48,33383.0,56.0
KXNBAGAME-26FEB24GSWNOP,5m,1771980900,included,1771980900.0,0.0,0.475,0.47,0.48,0.010000000000000009,0.48,86056.0,60.0
KXNBAGAME-26FEB24MIAMIL,24h,1771894800,included,1771894800.0,0.0,0.345,0.34,0.35,0.009999999999999953,,438.0,12.0
KXNBAGAME-26FEB24MIAMIL,6h,1771959600,included,1771959600.0,0.0,0.315,0.31,0.32,0.010000000000000009,,4047.0,32.0
KXNBAGAME-26FEB24MIAMIL,1h,1771977600,included,1771977600.0,0.0,0.325,0.32,0.33,0.010000000000000009,0.33,6526.0,49.0
KXNBAGAME-26FEB24MIAMIL,5m,1771980900,included,1771980900.0,0.0,0.325,0.32,0.33,0.010000000000000009,0.33,16482.0,59.0
KXNBAGAME-26FEB24BOSPHX,24h,1771898400,included,1771898340.0,60.0,0.295,0.29,0.3,0.010000000000000009,,607.0,9.0
KXNBAGAME-26FEB24BOSPHX,6h,1771963200,included,1771963080.0,120.0,0.335,0.33,0.34,0.010000000000000009,0.33,8910.0,39.0
KXNBAGAME-26FEB24BOSPHX,1h,1771981200,included,1771981200.0,0.0,0.335,0.33,0.34,0.010000000000000009,0.34,7274.0,52.0
KXNBAGAME-26FEB24BOSPHX,5m,1771984500,included,1771984500.0,0.0,0.335,0.33,0.34,0.010000000000000009,0.34,57098.0,59.0
KXNBAGAME-26FEB24MINPOR,24h,1771902000,included,1771901880.0,120.0,0.32,0.31,0.33,0.020000000000000018,0.33,188.0,8.0
KXNBAGAME-26FEB24MINPOR,6h,1771966800,included,1771966800.0,0.0,0.305,0.3,0.31,0.010000000000000009,0.31,681.0,26.0
KXNBAGAME-26FEB24MINPOR,1h,1771984800,included,1771984800.0,0.0,0.305,0.3,0.31,0.010000000000000009,0.31,4709.0,49.0
KXNBAGAME-26FEB24MINPOR,5m,1771988100,included,1771988100.0,0.0,0.315,0.31,0.32,0.010000000000000009,0.32,25501.0,53.0
KXNBAGAME-26FEB24ORLLAL,24h,1771903800,included,1771903800.0,0.0,0.665,0.66,0.67,0.010000000000000009,0.67,3770.0,37.0
KXNBAGAME-26FEB24ORLLAL,6h,1771968600,included,1771968600.0,0.0,0.645,0.64,0.65,0.010000000000000009,0.65,17912.0,55.0
KXNBAGAME-26FEB24ORLLAL,1h,1771986600,included,1771986600.0,0.0,0.685,0.68,0.69,0.009999999999999898,0.69,68570.0,59.0
KXNBAGAME-26FEB24ORLLAL,5m,1771989900,included,1771989900.0,0.0,0.685,0.68,0.69,0.009999999999999898,0.69,156061.0,60.0
KXNBAGAME-26FEB25GSWMEM,24h,1771979400,included,1771979340.0,60.0,0.395,0.39,0.4,0.010000000000000009,,140.0,4.0
KXNBAGAME-26FEB25GSWMEM,6h,1772044200,included,1772044200.0,0.0,0.365,0.36,0.37,0.010000000000000009,0.37,7008.0,40.0
KXNBAGAME-26FEB25GSWMEM,1h,1772062200,included,1772062200.0,0.0,0.375,0.37,0.38,0.010000000000000009,0.38,33531.0,54.0
KXNBAGAME-26FEB25GSWMEM,5m,1772065500,included,1772065500.0,0.0,0.375,0.37,0.38,0.010000000000000009,0.38,47216.0,60.0
KXNBAGAME-26FEB25OKCDET,24h,1771979400,included,1771979280.0,120.0,0.675,0.67,0.68,0.010000000000000009,,2216.0,8.0
KXNBAGAME-26FEB25OKCDET,6h,1772044200,included,1772044200.0,0.0,0.755,0.75,0.76,0.010000000000000009,0.76,32529.0,58.0
KXNBAGAME-26FEB25OKCDET,1h,1772062200,included,1772062200.0,0.0,0.785,0.78,0.79,0.010000000000000009,0.79,74023.0,59.0
KXNBAGAME-26FEB25OKCDET,5m,1772065500,included,1772065500.0,0.0,0.795,0.79,0.8,0.010000000000000009,0.8,106361.0,60.0
KXNBAGAME-26FEB25SASTOR,24h,1771979400,included,1771979400.0,0.0,0.31,0.3,0.32,0.020000000000000018,,303.0,5.0
KXNBAGAME-26FEB25SASTOR,6h,1772044200,included,1772044200.0,0.0,0.28500000000000003,0.28,0.29,0.009999999999999953,,11389.0,50.0
KXNBAGAME-26FEB25SASTOR,1h,1772062200,included,1772062200.0,0.0,0.315,0.31,0.32,0.010000000000000009,,54375.0,59.0
KXNBAGAME-26FEB25SASTOR,5m,1772065500,included,1772065500.0,0.0,0.335,0.33,0.34,0.010000000000000009,0.34,66059.0,59.0
KXNBAGAME-26FEB25CLEMIL,24h,1771981200,included,1771981140.0,60.0,0.235,0.23,0.24,0.009999999999999981,,43.0,4.0
KXNBAGAME-26FEB25CLEMIL,6h,1772046000,bar_too_old,,300.0,,,,,,,
KXNBAGAME-26FEB25CLEMIL,1h,1772064000,included,1772064000.0,0.0,0.395,0.39,0.4,0.010000000000000009,0.4,42422.0,59.0
KXNBAGAME-26FEB25CLEMIL,5m,1772067300,included,1772067300.0,0.0,0.425,0.42,0.43,0.010000000000000009,0.43,395131.0,60.0
KXNBAGAME-26FEB25SACHOU,24h,1771981200,bar_too_old,,240.0,,,,,,,
KXNBAGAME-26FEB25SACHOU,6h,1772046000,included,1772046000.0,0.0,0.875,0.87,0.88,0.010000000000000009,0.88,76479.0,37.0
KXNBAGAME-26FEB25SACHOU,1h,1772064000,included,1772064000.0,0.0,0.875,0.87,0.88,0.010000000000000009,0.88,21317.0,54.0
KXNBAGAME-26FEB25SACHOU,5m,1772067300,included,1772067300.0,0.0,0.875,0.87,0.88,0.010000000000000009,0.88,199218.0,58.0
KXNBAGAME-26FEB25BOSDEN,24h,1771988400,included,1771988280.0,120.0,0.605,0.6,0.61,0.010000000000000009,,95.0,6.0
KXNBAGAME-26FEB25BOSDEN,6h,1772053200,included,1772053200.0,0.0,0.585,0.58,0.59,0.010000000000000009,0.59,11593.0,54.0
KXNBAGAME-26FEB25BOSDEN,1h,1772071200,included,1772071200.0,0.0,0.5700000000000001,0.56,0.58,0.019999999999999907,0.58,36386.0,59.0
KXNBAGAME-26FEB25BOSDEN,5m,1772074500,included,1772074500.0,0.0,0.585,0.58,0.59,0.010000000000000009,0.59,248140.0,60.0
KXNBAGAME-26FEB26CHAIND,24h,1772064000,included,1772063940.0,60.0,0.14,0.13,0.15,0.01999999999999999,,1167.0,19.0
KXNBAGAME-26FEB26CHAIND,6h,1772128800,included,1772128800.0,0.0,0.14,0.13,0.15,0.01999999999999999,0.15,24849.0,60.0
KXNBAGAME-26FEB26CHAIND,1h,1772146800,included,1772146800.0,0.0,0.14,0.13,0.15,0.01999999999999999,0.15,39295.0,60.0
KXNBAGAME-26FEB26CHAIND,5m,1772150100,included,1772150100.0,0.0,0.165,0.16,0.17,0.010000000000000009,0.17,99334.0,60.0
KXNBAGAME-26FEB26MIAPHI,24h,1772064000,included,1772063940.0,60.0,0.565,0.56,0.57,0.009999999999999898,0.57,543.0,13.0
KXNBAGAME-26FEB26MIAPHI,6h,1772128800,included,1772128800.0,0.0,0.585,0.58,0.59,0.010000000000000009,0.59,265071.0,59.0
KXNBAGAME-26FEB26MIAPHI,1h,1772146800,included,1772146800.0,0.0,0.585,0.58,0.59,0.010000000000000009,0.59,68469.0,60.0
KXNBAGAME-26FEB26MIAPHI,5m,1772150100,included,1772150100.0,0.0,0.555,0.55,0.56,0.010000000000000009,0.56,171534.0,60.0
KXNBAGAME-26FEB26HOUORL,24h,1772065800,included,1772065800.0,0.0,0.45999999999999996,0.45,0.47,0.019999999999999962,0.47,239.0,6.0
KXNBAGAME-26FEB26HOUORL,6h,1772130600,included,1772130600.0,0.0,0.425,0.42,0.43,0.010000000000000009,0.43,7092.0,38.0
KXNBAGAME-26FEB26HOUORL,1h,1772148600,included,1772148600.0,0.0,0.435,0.43,0.44,0.010000000000000009,0.44,34520.0,60.0
KXNBAGAME-26FEB26HOUORL,5m,1772151900,included,1772151900.0,0.0,0.435,0.43,0.44,0.010000000000000009,0.44,49028.0,60.0
KXNBAGAME-26FEB26SASBKN,24h,1772065800,included,1772065800.0,0.0,0.15000000000000002,0.14,0.16,0.01999999999999999,,45.0,2.0
KXNBAGAME-26FEB26SASBKN,6h,1772130600,included,1772130600.0,0.0,0.16999999999999998,0.16,0.18,0.01999999999999999,,4799.0,31.0
KXNBAGAME-26FEB26SASBKN,1h,1772148600,included,1772148600.0,0.0,0.185,0.18,0.19,0.010000000000000009,0.19,45173.0,48.0
KXNBAGAME-26FEB26SASBKN,5m,1772151900,included,1772151900.0,0.0,0.175,0.17,0.18,0.009999999999999981,0.18,32235.0,58.0
KXNBAGAME-26FEB26WASATL,24h,1772065800,included,1772065800.0,0.0,0.815,0.81,0.82,0.009999999999999898,,6.0,2.0
KXNBAGAME-26FEB26WASATL,6h,1772130600,included,1772130600.0,0.0,0.795,0.79,0.8,0.010000000000000009,0.8,31459.0,39.0
KXNBAGAME-26FEB26WASATL,1h,1772148600,included,1772148600.0,0.0,0.815,0.81,0.82,0.009999999999999898,0.82,9764.0,52.0
KXNBAGAME-26FEB26WASATL,5m,1772151900,included,1772151900.0,0.0,0.815,0.81,0.82,0.009999999999999898,0.81,38939.0,56.0
KXNBAGAME-26FEB26PORCHI,24h,1772067600,included,1772067540.0,60.0,0.375,0.36,0.39,0.030000000000000027,,2645.0,7.0
KXNBAGAME-26FEB26PORCHI,6h,1772132400,included,1772132400.0,0.0,0.375,0.37,0.38,0.010000000000000009,0.38,6488.0,37.0
KXNBAGAME-26FEB26PORCHI,1h,1772150400,included,1772150400.0,0.0,0.38,0.37,0.39,0.020000000000000018,0.39,19267.0,56.0
KXNBAGAME-26FEB26PORCHI,5m,1772153700,included,1772153700.0,0.0,0.405,0.4,0.41,0.009999999999999953,0.41,54136.0,57.0
KXNBAGAME-26FEB26SACDAL,24h,1772069400,included,1772069400.0,0.0,0.675,0.67,0.68,0.010000000000000009,,0.0,0.0
KXNBAGAME-26FEB26SACDAL,6h,1772134200,included,1772134200.0,0.0,0.715,0.71,0.72,0.010000000000000009,0.72,4589.0,31.0
KXNBAGAME-26FEB26SACDAL,1h,1772152200,included,1772152200.0,0.0,0.74,0.73,0.75,0.020000000000000018,0.75,8606.0,57.0
KXNBAGAME-26FEB26SACDAL,5m,1772155500,included,1772155500.0,0.0,0.735,0.73,0.74,0.010000000000000009,0.74,17393.0,58.0
KXNBAGAME-26FEB26LALPHX,24h,1772071200,included,1772071140.0,60.0,0.33999999999999997,0.33,0.35,0.019999999999999962,,357.0,10.0
KXNBAGAME-26FEB26LALPHX,6h,1772136000,included,1772136000.0,0.0,0.345,0.34,0.35,0.009999999999999953,,7655.0,38.0
KXNBAGAME-26FEB26LALPHX,1h,1772154000,included,1772154000.0,0.0,0.335,0.33,0.34,0.010000000000000009,0.34,14444.0,55.0
KXNBAGAME-26FEB26LALPHX,5m,1772157300,included,1772157300.0,0.0,0.335,0.33,0.34,0.010000000000000009,0.34,15838.0,59.0
KXNBAGAME-26FEB26NOPUTA,24h,1772071200,included,1772071200.0,0.0,0.365,0.35,0.38,0.030000000000000027,0.38,12.0,1.0
KXNBAGAME-26FEB26NOPUTA,6h,1772136000,included,1772136000.0,0.0,0.305,0.3,0.31,0.010000000000000009,0.31,1711.0,38.0
KXNBAGAME-26FEB26NOPUTA,1h,1772154000,included,1772153940.0,60.0,0.325,0.32,0.33,0.010000000000000009,0.33,13936.0,53.0
KXNBAGAME-26FEB26NOPUTA,5m,1772157300,included,1772157300.0,0.0,0.32,0.31,0.33,0.020000000000000018,0.33,13285.0,55.0
KXNBAGAME-26FEB26MINLAC,24h,1772074800,bar_too_old,,180.0,,,,,,,
KXNBAGAME-26FEB26MINLAC,6h,1772139600,included,1772139600.0,0.0,0.265,0.26,0.27,0.010000000000000009,0.27,44024.0,38.0
KXNBAGAME-26FEB26MINLAC,1h,1772157600,included,1772157600.0,0.0,0.255,0.25,0.26,0.010000000000000009,0.26,38556.0,53.0
KXNBAGAME-26FEB26MINLAC,5m,1772160900,included,1772160900.0,0.0,0.255,0.25,0.26,0.010000000000000009,0.26,84460.0,60.0
KXNBAGAME-26FEB27CLEDET,24h,1772150400,included,1772150400.0,0.0,0.725,0.72,0.73,0.010000000000000009,0.73,1132.0,21.0
KXNBAGAME-26FEB27CLEDET,6h,1772215200,included,1772215200.0,0.0,0.695,0.69,0.7,0.010000000000000009,0.7,54862.0,59.0
KXNBAGAME-26FEB27CLEDET,1h,1772233200,included,1772233200.0,0.0,0.715,0.71,0.72,0.010000000000000009,0.72,409147.0,60.0
KXNBAGAME-26FEB27CLEDET,5m,1772236500,included,1772236500.0,0.0,0.745,0.74,0.75,0.010000000000000009,0.75,429293.0,60.0
KXNBAGAME-26FEB27BKNBOS,24h,1772152200,included,1772152200.0,0.0,0.905,0.9,0.91,0.010000000000000009,0.91,639.0,16.0
KXNBAGAME-26FEB27BKNBOS,6h,1772217000,included,1772217000.0,0.0,0.915,0.91,0.92,0.010000000000000009,0.92,23789.0,52.0
KXNBAGAME-26FEB27BKNBOS,1h,1772235000,included,1772235000.0,0.0,0.905,0.9,0.91,0.010000000000000009,0.91,162838.0,55.0
KXNBAGAME-26FEB27BKNBOS,5m,1772238300,included,1772238300.0,0.0,0.905,0.9,0.91,0.010000000000000009,0.9,190467.0,60.0
KXNBAGAME-26FEB27NYKMIL,24h,1772154000,included,1772153940.0,60.0,0.27,0.26,0.28,0.020000000000000018,,1791.0,20.0
KXNBAGAME-26FEB27NYKMIL,6h,1772218800,included,1772218800.0,0.0,0.255,0.25,0.26,0.010000000000000009,0.26,6974.0,48.0
KXNBAGAME-26FEB27NYKMIL,1h,1772236800,included,1772236800.0,0.0,0.275,0.27,0.28,0.010000000000000009,0.28,78167.0,59.0
KXNBAGAME-26FEB27NYKMIL,5m,1772240100,included,1772240100.0,0.0,0.275,0.27,0.28,0.010000000000000009,0.28,164195.0,60.0
KXNBAGAME-26FEB27MEMDAL,24h,1772155800,included,1772155800.0,0.0,0.67,0.66,0.68,0.020000000000000018,,67.0,4.0
KXNBAGAME-26FEB27MEMDAL,6h,1772220600,included,1772220540.0,60.0,0.625,0.62,0.63,0.010000000000000009,,9335.0,49.0
KXNBAGAME-26FEB27MEMDAL,1h,1772238600,included,1772238600.0,0.0,0.645,0.64,0.65,0.010000000000000009,0.65,20406.0,60.0
KXNBAGAME-26FEB27MEMDAL,5m,1772241900,included,1772241900.0,0.0,0.645,0.64,0.65,0.010000000000000009,0.65,40561.0,59.0
KXNBAGAME-26FEB27DENOKC,24h,1772159400,included,1772159400.0,0.0,0.74,0.73,0.75,0.020000000000000018,,373.0,8.0
KXNBAGAME-26FEB27DENOKC,6h,1772224200,included,1772224200.0,0.0,0.735,0.73,0.74,0.010000000000000009,0.73,13222.0,50.0
KXNBAGAME-26FEB27DENOKC,1h,1772242200,included,1772242200.0,0.0,0.705,0.7,0.71,0.010000000000000009,0.71,22702.0,59.0
KXNBAGAME-26FEB27DENOKC,5m,1772245500,included,1772245500.0,0.0,0.695,0.69,0.7,0.010000000000000009,0.7,164429.0,60.0
KXNBAGAME-26FEB28PORCHA,24h,1772215200,included,1772215140.0,60.0,0.685,0.67,0.7,0.029999999999999916,0.7,546.0,17.0
KXNBAGAME-26FEB28PORCHA,6h,1772280000,included,1772280000.0,0.0,0.745,0.74,0.75,0.010000000000000009,0.75,22041.0,43.0
KXNBAGAME-26FEB28PORCHA,1h,1772298000,included,1772298000.0,0.0,0.735,0.73,0.74,0.010000000000000009,0.74,51688.0,60.0
KXNBAGAME-26FEB28PORCHA,5m,1772301300,included,1772301300.0,0.0,0.715,0.71,0.72,0.010000000000000009,0.72,139124.0,60.0
KXNBAGAME-26FEB28HOUMIA,24h,1772224200,included,1772224200.0,0.0,0.375,0.37,0.38,0.010000000000000009,0.38,144.0,10.0
KXNBAGAME-26FEB28HOUMIA,6h,1772289000,included,1772289000.0,0.0,0.43,0.42,0.44,0.020000000000000018,0.44,4152.0,43.0
KXNBAGAME-26FEB28HOUMIA,1h,1772307000,included,1772307000.0,0.0,0.435,0.43,0.44,0.010000000000000009,0.44,61146.0,60.0
KXNBAGAME-26FEB28HOUMIA,5m,1772310300,included,1772310300.0,0.0,0.445,0.44,0.45,0.010000000000000009,0.45,137672.0,60.0
KXNBAGAME-26FEB28TORWAS,24h,1772236800,bar_too_old,,180.0,,,,,,,
KXNBAGAME-26FEB28TORWAS,6h,1772301600,included,1772301600.0,0.0,0.125,0.12,0.13,0.010000000000000009,0.13,5762.0,54.0
KXNBAGAME-26FEB28TORWAS,1h,1772319600,included,1772319600.0,0.0,0.125,0.12,0.13,0.010000000000000009,0.13,44480.0,60.0
KXNBAGAME-26FEB28TORWAS,5m,1772322900,included,1772322900.0,0.0,0.125,0.12,0.13,0.010000000000000009,0.13,324493.0,60.0
KXNBAGAME-26FEB28LALGSW,24h,1772242200,included,1772242200.0,0.0,0.41000000000000003,0.4,0.42,0.019999999999999962,0.42,1632.0,18.0
KXNBAGAME-26FEB28LALGSW,6h,1772307000,included,1772307000.0,0.0,0.395,0.39,0.4,0.010000000000000009,0.4,9722.0,54.0
KXNBAGAME-26FEB28LALGSW,1h,1772325000,included,1772325000.0,0.0,0.405,0.4,0.41,0.009999999999999953,0.41,91912.0,60.0
KXNBAGAME-26FEB28LALGSW,5m,1772328300,included,1772328300.0,0.0,0.395,0.39,0.4,0.010000000000000009,0.4,211217.0,60.0
KXNBAGAME-26FEB28NOPUTA,24h,1772245800,included,1772245740.0,60.0,0.31,0.3,0.32,0.020000000000000018,0.32,558.0,10.0
KXNBAGAME-26FEB28NOPUTA,6h,1772310600,included,1772310600.0,0.0,0.315,0.31,0.32,0.010000000000000009,0.32,6644.0,47.0
KXNBAGAME-26FEB28NOPUTA,1h,1772328600,included,1772328600.0,0.0,0.315,0.31,0.32,0.010000000000000009,0.32,26700.0,60.0
KXNBAGAME-26FEB28NOPUTA,5m,1772331900,included,1772331900.0,0.0,0.335,0.33,0.34,0.010000000000000009,0.34,154259.0,60.0
KXNBAGAME-26MAR01SASNYK,24h,1772301600,bar_too_old,,480.0,,,,,,,
KXNBAGAME-26MAR01SASNYK,6h,1772366400,included,1772366400.0,0.0,0.475,0.47,0.48,0.010000000000000009,0.48,9546.0,39.0
KXNBAGAME-26MAR01SASNYK,1h,1772384400,included,1772384400.0,0.0,0.495,0.49,0.5,0.010000000000000009,0.5,107813.0,60.0
KXNBAGAME-26MAR01SASNYK,5m,1772387700,included,1772387700.0,0.0,0.485,0.48,0.49,0.010000000000000009,0.48,314324.0,60.0
KXNBAGAME-26MAR01CLEBKN,24h,1772310600,bar_too_old,,180.0,,,,,,,
KXNBAGAME-26MAR01CLEBKN,6h,1772375400,included,1772375400.0,0.0,0.16999999999999998,0.16,0.18,0.01999999999999999,0.18,3424.0,23.0
KXNBAGAME-26MAR01CLEBKN,1h,1772393400,included,1772393400.0,0.0,0.14500000000000002,0.14,0.15,0.009999999999999981,0.15,15503.0,54.0
KXNBAGAME-26MAR01CLEBKN,5m,1772396700,included,1772396700.0,0.0,0.165,0.16,0.17,0.010000000000000009,0.17,135517.0,57.0
KXNBAGAME-26MAR01MILCHI,24h,1772310600,bar_too_old,,1800.0,,,,,,,
KXNBAGAME-26MAR01MILCHI,6h,1772375400,included,1772375340.0,60.0,0.405,0.4,0.41,0.009999999999999953,0.41,15317.0,27.0
KXNBAGAME-26MAR01MILCHI,1h,1772393400,included,1772393400.0,0.0,0.43,0.42,0.44,0.020000000000000018,0.44,8186.0,49.0
KXNBAGAME-26MAR01MILCHI,5m,1772396700,included,1772396700.0,0.0,0.445,0.44,0.45,0.010000000000000009,0.45,26277.0,57.0
KXNBAGAME-26MAR01MINDEN,24h,1772310600,bar_too_old,,180.0,,,,,,,
KXNBAGAME-26MAR01MINDEN,6h,1772375400,included,1772375400.0,0.0,0.595,0.59,0.6,0.010000000000000009,0.6,5598.0,51.0
KXNBAGAME-26MAR01MINDEN,1h,1772393400,included,1772393400.0,0.0,0.575,0.57,0.58,0.010000000000000009,0.57,48038.0,60.0
KXNBAGAME-26MAR01MINDEN,5m,1772396700,included,1772396700.0,0.0,0.575,0.57,0.58,0.010000000000000009,0.58,235315.0,60.0
KXNBAGAME-26MAR01MEMIND,24h,1772316000,included,1772315940.0,60.0,0.49,0.48,0.5,0.020000000000000018,,48.0,1.0
KXNBAGAME-26MAR01MEMIND,6h,1772380800,included,1772380800.0,0.0,0.515,0.51,0.52,0.010000000000000009,,747.0,18.0
KXNBAGAME-26MAR01MEMIND,1h,1772398800,included,1772398800.0,0.0,0.495,0.49,0.5,0.010000000000000009,0.5,16435.0,44.0
KXNBAGAME-26MAR01MEMIND,5m,1772402100,included,1772402100.0,0.0,0.495,0.49,0.5,0.010000000000000009,0.5,76137.0,52.0
KXNBAGAME-26MAR01DETORL,24h,1772319600,included,1772319600.0,0.0,0.33,0.32,0.34,0.020000000000000018,,250.0,2.0
KXNBAGAME-26MAR01DETORL,6h,1772384400,included,1772384400.0,0.0,0.345,0.34,0.35,0.009999999999999953,0.35,1230.0,26.0
KXNBAGAME-26MAR01DETORL,1h,1772402400,included,1772402340.0,60.0,0.345,0.34,0.35,0.009999999999999953,0.35,21049.0,54.0
KXNBAGAME-26MAR01DETORL,5m,1772405700,included,1772405700.0,0.0,0.33999999999999997,0.33,0.35,0.019999999999999962,0.35,45414.0,56.0
KXNBAGAME-26MAR01PORATL,24h,1772319600,bar_too_old,,660.0,,,,,,,
KXNBAGAME-26MAR01PORATL,6h,1772384400,included,1772384400.0,0.0,0.665,0.66,0.67,0.010000000000000009,0.67,2629.0,36.0
KXNBAGAME-26MAR01PORATL,1h,1772402400,included,1772402400.0,0.0,0.675,0.67,0.68,0.010000000000000009,,53620.0,49.0
KXNBAGAME-26MAR01PORATL,5m,1772405700,included,1772405700.0,0.0,0.675,0.67,0.68,0.010000000000000009,0.68,19640.0,56.0
KXNBAGAME-26MAR01OKCDAL,24h,1772326800,included,1772326800.0,0.0,0.12,0.11,0.13,0.020000000000000004,0.12,2119.0,24.0
KXNBAGAME-26MAR01OKCDAL,6h,1772391600,included,1772391540.0,60.0,0.10500000000000001,0.1,0.11,0.009999999999999995,0.11,9398.0,49.0
KXNBAGAME-26MAR01OKCDAL,1h,1772409600,included,1772409600.0,0.0,0.10500000000000001,0.1,0.11,0.009999999999999995,0.1,91862.0,60.0
KXNBAGAME-26MAR01OKCDAL,5m,1772412900,included,1772412900.0,0.0,0.095,0.09,0.1,0.010000000000000009,0.1,182113.0,60.0
KXNBAGAME-26MAR01PHIBOS,24h,1772326800,bar_too_old,,360.0,,,,,,,
KXNBAGAME-26MAR01PHIBOS,6h,1772391600,included,1772391480.0,120.0,0.765,0.76,0.77,0.010000000000000009,0.77,6026.0,38.0
KXNBAGAME-26MAR01PHIBOS,1h,1772409600,included,1772409600.0,0.0,0.765,0.76,0.77,0.010000000000000009,0.77,92136.0,60.0
KXNBAGAME-26MAR01PHIBOS,5m,1772412900,included,1772412900.0,0.0,0.755,0.75,0.76,0.010000000000000009,0.76,109866.0,60.0
KXNBAGAME-26MAR01NOPLAC,24h,1772330400,included,1772330340.0,60.0,0.695,0.69,0.7,0.010000000000000009,,764.0,8.0
KXNBAGAME-26MAR01NOPLAC,6h,1772395200,included,1772395200.0,0.0,0.755,0.75,0.76,0.010000000000000009,,537.0,18.0
KXNBAGAME-26MAR01NOPLAC,1h,1772413200,included,1772413200.0,0.0,0.735,0.73,0.74,0.010000000000000009,0.74,63985.0,59.0
KXNBAGAME-26MAR01NOPLAC,5m,1772416500,included,1772416500.0,0.0,0.745,0.74,0.75,0.010000000000000009,0.75,213103.0,59.0
KXNBAGAME-26MAR01SACLAL,24h,1772332200,included,1772332200.0,0.0,0.84,0.83,0.85,0.020000000000000018,,723.0,12.0
KXNBAGAME-26MAR01SACLAL,6h,1772397000,included,1772397000.0,0.0,0.865,0.86,0.87,0.010000000000000009,0.87,5333.0,25.0
KXNBAGAME-26MAR01SACLAL,1h,1772415000,included,1772415000.0,0.0,0.855,0.85,0.86,0.010000000000000009,0.86,70965.0,60.0
KXNBAGAME-26MAR01SACLAL,5m,1772418300,included,1772418300.0,0.0,0.865,0.86,0.87,0.010000000000000009,0.87,306265.0,60.0
KXNBAGAME-26MAR02HOUWAS,24h,1772409600,included,1772409540.0,60.0,0.13,0.12,0.14,0.020000000000000018,0.14,6010.0,13.0
KXNBAGAME-26MAR02HOUWAS,6h,1772474400,included,1772474400.0,0.0,0.10500000000000001,0.1,0.11,0.009999999999999995,0.11,23900.0,53.0
KXNBAGAME-26MAR02HOUWAS,1h,1772492400,included,1772492400.0,0.0,0.11499999999999999,0.11,0.12,0.009999999999999995,0.12,68620.0,59.0
KXNBAGAME-26MAR02HOUWAS,5m,1772495700,included,1772495700.0,0.0,0.10500000000000001,0.1,0.11,0.009999999999999995,0.11,100151.0,59.0
KXNBAGAME-26MAR02BOSMIL,24h,1772411400,included,1772411400.0,0.0,0.28500000000000003,0.27,0.3,0.02999999999999997,0.28,3329.0,15.0
KXNBAGAME-26MAR02BOSMIL,6h,1772476200,included,1772476200.0,0.0,0.365,0.36,0.37,0.010000000000000009,0.37,586175.0,50.0
KXNBAGAME-26MAR02BOSMIL,1h,1772494200,included,1772494200.0,0.0,0.435,0.43,0.44,0.010000000000000009,0.44,189070.0,60.0
KXNBAGAME-26MAR02BOSMIL,5m,1772497500,included,1772497500.0,0.0,0.435,0.43,0.44,0.010000000000000009,0.44,860172.0,60.0
KXNBAGAME-26MAR02DENUTA,24h,1772416800,included,1772416800.0,0.0,0.175,0.17,0.18,0.009999999999999981,,287.0,8.0
KXNBAGAME-26MAR02DENUTA,6h,1772481600,included,1772481600.0,0.0,0.155,0.15,0.16,0.010000000000000009,0.16,10008.0,47.0
KXNBAGAME-26MAR02DENUTA,1h,1772499600,included,1772499600.0,0.0,0.165,0.16,0.17,0.010000000000000009,0.17,20462.0,58.0
KXNBAGAME-26MAR02DENUTA,5m,1772502900,included,1772502900.0,0.0,0.165,0.16,0.17,0.010000000000000009,0.17,54400.0,59.0
KXNBAGAME-26MAR02LACGSW,24h,1772420400,included,1772420400.0,0.0,0.49,0.48,0.5,0.020000000000000018,,1561.0,40.0
KXNBAGAME-26MAR02LACGSW,6h,1772485200,included,1772485200.0,0.0,0.49,0.48,0.5,0.020000000000000018,0.5,9592.0,53.0
KXNBAGAME-26MAR02LACGSW,1h,1772503200,included,1772503200.0,0.0,0.485,0.48,0.49,0.010000000000000009,0.49,88840.0,60.0
KXNBAGAME-26MAR02LACGSW,5m,1772506500,included,1772506500.0,0.0,0.495,0.49,0.5,0.010000000000000009,0.5,293836.0,60.0
KXNBAGAME-26MAR03DALCHA,24h,1772496000,included,1772495940.0,60.0,0.8200000000000001,0.81,0.83,0.019999999999999907,0.83,4892.0,8.0
KXNBAGAME-26MAR03DALCHA,6h,1772560800,included,1772560800.0,0.0,0.855,0.85,0.86,0.010000000000000009,0.86,4051.0,39.0
KXNBAGAME-26MAR03DALCHA,1h,1772578800,included,1772578800.0,0.0,0.855,0.85,0.86,0.010000000000000009,0.86,40028.0,59.0
KXNBAGAME-26MAR03DALCHA,5m,1772582100,included,1772582100.0,0.0,0.855,0.85,0.86,0.010000000000000009,0.85,87555.0,58.0
KXNBAGAME-26MAR03DETCLE,24h,1772496000,included,1772496000.0,0.0,0.45,0.44,0.46,0.020000000000000018,0.46,21348.0,35.0
KXNBAGAME-26MAR03DETCLE,6h,1772560800,included,1772560800.0,0.0,0.435,0.43,0.44,0.010000000000000009,0.44,21633.0,54.0
KXNBAGAME-26MAR03DETCLE,1h,1772578800,included,1772578800.0,0.0,0.435,0.43,0.44,0.010000000000000009,0.44,43652.0,60.0
KXNBAGAME-26MAR03DETCLE,5m,1772582100,included,1772582100.0,0.0,0.425,0.42,0.43,0.010000000000000009,0.43,147791.0,60.0
KXNBAGAME-26MAR03WASORL,24h,1772496000,included,1772496000.0,0.0,0.885,0.88,0.89,0.010000000000000009,,403.0,7.0
KXNBAGAME-26MAR03WASORL,6h,1772560800,included,1772560800.0,0.0,0.905,0.9,0.91,0.010000000000000009,,3253.0,32.0
KXNBAGAME-26MAR03WASORL,1h,1772578800,included,1772578740.0,60.0,0.905,0.9,0.91,0.010000000000000009,0.91,16421.0,50.0
KXNBAGAME-26MAR03WASORL,5m,1772582100,included,1772582100.0,0.0,0.905,0.9,0.91,0.010000000000000009,0.9,19038.0,53.0
KXNBAGAME-26MAR03BKNMIA,24h,1772497800,included,1772497740.0,60.0,0.845,0.84,0.85,0.010000000000000009,0.85,810.0,6.0
KXNBAGAME-26MAR03BKNMIA,6h,1772562600,included,1772562600.0,0.0,0.855,0.85,0.86,0.010000000000000009,0.86,1933.0,24.0
KXNBAGAME-26MAR03BKNMIA,1h,1772580600,included,1772580600.0,0.0,0.845,0.84,0.85,0.010000000000000009,,5605.0,44.0
KXNBAGAME-26MAR03BKNMIA,5m,1772583900,included,1772583900.0,0.0,0.845,0.84,0.85,0.010000000000000009,0.85,43895.0,53.0
KXNBAGAME-26MAR03NYKTOR,24h,1772497800,included,1772497800.0,0.0,0.44,0.43,0.45,0.020000000000000018,,856.0,10.0
KXNBAGAME-26MAR03NYKTOR,6h,1772562600,included,1772562600.0,0.0,0.435,0.43,0.44,0.010000000000000009,0.44,6281.0,32.0
KXNBAGAME-26MAR03NYKTOR,1h,1772580600,included,1772580600.0,0.0,0.435,0.43,0.44,0.010000000000000009,0.44,13424.0,52.0
KXNBAGAME-26MAR03NYKTOR,5m,1772583900,included,1772583900.0,0.0,0.435,0.43,0.44,0.010000000000000009,0.44,44609.0,58.0
KXNBAGAME-26MAR03MEMMIN,24h,1772499600,included,1772499600.0,0.0,0.87,0.86,0.88,0.020000000000000018,,10.0,1.0
KXNBAGAME-26MAR03MEMMIN,6h,1772564400,included,1772564400.0,0.0,0.875,0.87,0.88,0.010000000000000009,,3843.0,23.0
KXNBAGAME-26MAR03MEMMIN,1h,1772582400,included,1772582400.0,0.0,0.855,0.85,0.86,0.010000000000000009,0.86,11362.0,46.0
KXNBAGAME-26MAR03MEMMIN,5m,1772585700,included,1772585700.0,0.0,0.865,0.86,0.87,0.010000000000000009,0.87,52127.0,56.0
KXNBAGAME-26MAR03OKCCHI,24h,1772499600,included,1772499600.0,0.0,0.21000000000000002,0.2,0.22,0.01999999999999999,,501.0,7.0
KXNBAGAME-26MAR03OKCCHI,6h,1772564400,included,1772564400.0,0.0,0.215,0.21,0.22,0.010000000000000009,0.22,5554.0,33.0
KXNBAGAME-26MAR03OKCCHI,1h,1772582400,included,1772582340.0,60.0,0.225,0.22,0.23,0.010000000000000009,0.23,11494.0,42.0
KXNBAGAME-26MAR03OKCCHI,5m,1772585700,included,1772585700.0,0.0,0.225,0.22,0.23,0.010000000000000009,0.23,20505.0,57.0
KXNBAGAME-26MAR03SASPHI,24h,1772499600,included,1772499540.0,60.0,0.295,0.29,0.3,0.010000000000000009,,198.0,10.0
KXNBAGAME-26MAR03SASPHI,6h,1772564400,included,1772564400.0,0.0,0.255,0.25,0.26,0.010000000000000009,0.26,11633.0,36.0
KXNBAGAME-26MAR03SASPHI,1h,1772582400,included,1772582400.0,0.0,0.265,0.26,0.27,0.010000000000000009,0.27,14767.0,51.0
KXNBAGAME-26MAR03SASPHI,5m,1772585700,included,1772585700.0,0.0,0.265,0.26,0.27,0.010000000000000009,0.27,35469.0,58.0
KXNBAGAME-26MAR03NOPLAL,24h,1772508600,included,1772508540.0,60.0,0.785,0.78,0.79,0.010000000000000009,0.79,1336.0,15.0
KXNBAGAME-26MAR03NOPLAL,6h,1772573400,included,1772573400.0,0.0,0.765,0.76,0.77,0.010000000000000009,0.77,17420.0,49.0
KXNBAGAME-26MAR03NOPLAL,1h,1772591400,included,1772591400.0,0.0,0.765,0.76,0.77,0.010000000000000009,0.77,112373.0,60.0
KXNBAGAME-26MAR03NOPLAL,5m,1772594700,included,1772594700.0,0.0,0.745,0.74,0.75,0.010000000000000009,0.75,953458.0,60.0
KXNBAGAME-26MAR03PHXSAC,24h,1772510400,included,1772510400.0,0.0,0.195,0.19,0.2,0.010000000000000009,,2318.0,16.0
KXNBAGAME-26MAR03PHXSAC,6h,1772575200,included,1772575200.0,0.0,0.235,0.23,0.24,0.009999999999999981,,2622.0,21.0
KXNBAGAME-26MAR03PHXSAC,1h,1772593200,included,1772593200.0,0.0,0.225,0.22,0.23,0.010000000000000009,0.23,20140.0,56.0
KXNBAGAME-26MAR03PHXSAC,5m,1772596500,included,1772596500.0,0.0,0.225,0.22,0.23,0.010000000000000009,0.23,113999.0,60.0
KXNBAGAME-26MAR04OKCNYK,24h,1772582400,included,1772582340.0,60.0,0.395,0.39,0.4,0.010000000000000009,,3391.0,17.0
KXNBAGAME-26MAR04OKCNYK,6h,1772647200,included,1772647200.0,0.0,0.395,0.39,0.4,0.010000000000000009,0.4,17383.0,60.0
KXNBAGAME-26MAR04OKCNYK,1h,1772665200,included,1772665200.0,0.0,0.395,0.39,0.4,0.010000000000000009,0.4,95315.0,60.0
KXNBAGAME-26MAR04OKCNYK,5m,1772668500,included,1772668500.0,0.0,0.39,0.38,0.4,0.020000000000000018,0.4,312291.0,60.0
KXNBAGAME-26MAR04CHABOS,24h,1772584200,bar_too_old,,180.0,,,,,,,
KXNBAGAME-26MAR04CHABOS,6h,1772649000,included,1772649000.0,0.0,0.695,0.69,0.7,0.010000000000000009,0.7,17639.0,59.0
KXNBAGAME-26MAR04CHABOS,1h,1772667000,included,1772667000.0,0.0,0.695,0.69,0.7,0.010000000000000009,0.7,112669.0,60.0
KXNBAGAME-26MAR04CHABOS,5m,1772670300,included,1772670300.0,0.0,0.695,0.69,0.7,0.010000000000000009,0.7,246680.0,60.0
KXNBAGAME-26MAR04UTAPHI,24h,1772584200,bar_too_old,,360.0,,,,,,,
KXNBAGAME-26MAR04UTAPHI,6h,1772649000,included,1772649000.0,0.0,0.765,0.76,0.77,0.010000000000000009,,9507.0,48.0
KXNBAGAME-26MAR04UTAPHI,1h,1772667000,included,1772667000.0,0.0,0.755,0.75,0.76,0.010000000000000009,0.76,43293.0,59.0
KXNBAGAME-26MAR04UTAPHI,5m,1772670300,included,1772670300.0,0.0,0.735,0.73,0.74,0.010000000000000009,0.74,126953.0,60.0
KXNBAGAME-26MAR04PORMEM,24h,1772586000,bar_too_old,,960.0,,,,,,,
KXNBAGAME-26MAR04PORMEM,6h,1772650800,included,1772650800.0,0.0,0.235,0.23,0.24,0.009999999999999981,,1775.0,27.0
KXNBAGAME-26MAR04PORMEM,1h,1772668800,included,1772668800.0,0.0,0.21000000000000002,0.2,0.22,0.01999999999999999,0.22,83865.0,56.0
KXNBAGAME-26MAR04PORMEM,5m,1772672100,included,1772672100.0,0.0,0.235,0.23,0.24,0.009999999999999981,0.24,227510.0,60.0
KXNBAGAME-26MAR04ATLMIL,24h,1772591400,included,1772591400.0,0.0,0.52,0.51,0.53,0.020000000000000018,0.52,1469.0,16.0
KXNBAGAME-26MAR04ATLMIL,6h,1772656200,included,1772656200.0,0.0,0.515,0.51,0.52,0.010000000000000009,0.52,11979.0,50.0
KXNBAGAME-26MAR04ATLMIL,1h,1772674200,included,1772674200.0,0.0,0.505,0.5,0.51,0.010000000000000009,0.51,110460.0,60.0
KXNBAGAME-26MAR04ATLMIL,5m,1772677500,included,1772677500.0,0.0,0.505,0.5,0.51,0.010000000000000009,0.51,179426.0,60.0
KXNBAGAME-26MAR04INDLAC,24h,1772595000,included,1772594940.0,60.0,0.85,0.84,0.86,0.020000000000000018,,197.0,5.0
KXNBAGAME-26MAR04INDLAC,6h,1772659800,included,1772659800.0,0.0,0.855,0.85,0.86,0.010000000000000009,0.86,27898.0,46.0
KXNBAGAME-26MAR04INDLAC,1h,1772677800,included,1772677800.0,0.0,0.845,0.84,0.85,0.010000000000000009,0.84,74333.0,55.0
KXNBAGAME-26MAR04INDLAC,5m,1772681100,included,1772681100.0,0.0,0.835,0.83,0.84,0.010000000000000009,0.84,222343.0,60.0
KXNBAGAME-26MAR05DALORL,24h,1772668800,included,1772668800.0,0.0,0.765,0.76,0.77,0.010000000000000009,,2092.0,20.0
KXNBAGAME-26MAR05DALORL,6h,1772733600,included,1772733540.0,60.0,0.785,0.78,0.79,0.010000000000000009,0.79,15729.0,49.0
KXNBAGAME-26MAR05DALORL,1h,1772751600,included,1772751600.0,0.0,0.755,0.75,0.76,0.010000000000000009,0.76,20034.0,56.0
KXNBAGAME-26MAR05DALORL,5m,1772754900,included,1772754900.0,0.0,0.755,0.75,0.76,0.010000000000000009,0.76,164665.0,60.0
KXNBAGAME-26MAR05UTAWAS,24h,1772668800,included,1772668740.0,60.0,0.565,0.55,0.58,0.029999999999999916,,442.0,10.0
KXNBAGAME-26MAR05UTAWAS,6h,1772733600,included,1772733600.0,0.0,0.605,0.6,0.61,0.010000000000000009,,36760.0,46.0
KXNBAGAME-26MAR05UTAWAS,1h,1772751600,included,1772751600.0,0.0,0.615,0.61,0.62,0.010000000000000009,0.62,81651.0,54.0
KXNBAGAME-26MAR05UTAWAS,5m,1772754900,included,1772754900.0,0.0,0.615,0.61,0.62,0.010000000000000009,0.62,51631.0,60.0
KXNBAGAME-26MAR05BKNMIA,24h,1772670600,included,1772670600.0,0.0,0.865,0.85,0.88,0.030000000000000027,,450.0,10.0
KXNBAGAME-26MAR05BKNMIA,6h,1772735400,included,1772735400.0,0.0,0.875,0.87,0.88,0.010000000000000009,0.88,14533.0,39.0
KXNBAGAME-26MAR05BKNMIA,1h,1772753400,included,1772753400.0,0.0,0.865,0.86,0.87,0.010000000000000009,0.87,27732.0,48.0
KXNBAGAME-26MAR05BKNMIA,5m,1772756700,included,1772756700.0,0.0,0.865,0.86,0.87,0.010000000000000009,0.87,115866.0,56.0
KXNBAGAME-26MAR05GSWHOU,24h,1772670600,included,1772670600.0,0.0,0.765,0.75,0.78,0.030000000000000027,0.78,4799.0,17.0
KXNBAGAME-26MAR05GSWHOU,6h,1772735400,included,1772735400.0,0.0,0.765,0.76,0.77,0.010000000000000009,0.77,16903.0,56.0
KXNBAGAME-26MAR05GSWHOU,1h,1772753400,included,1772753400.0,0.0,0.785,0.78,0.79,0.010000000000000009,0.79,141282.0,60.0
KXNBAGAME-26MAR05GSWHOU,5m,1772756700,included,1772756700.0,0.0,0.795,0.79,0.8,0.010000000000000009,0.8,445230.0,60.0
KXNBAGAME-26MAR05DETSAS,24h,1772672400,included,1772672400.0,0.0,0.605,0.6,0.61,0.010000000000000009,0.61,2793.0,23.0
KXNBAGAME-26MAR05DETSAS,6h,1772737200,included,1772737200.0,0.0,0.595,0.59,0.6,0.010000000000000009,0.6,21814.0,59.0
KXNBAGAME-26MAR05DETSAS,1h,1772755200,included,1772755200.0,0.0,0.585,0.58,0.59,0.010000000000000009,0.59,118945.0,60.0
KXNBAGAME-26MAR05DETSAS,5m,1772758500,included,1772758500.0,0.0,0.575,0.57,0.58,0.010000000000000009,0.58,274568.0,60.0
KXNBAGAME-26MAR05TORMIN,24h,1772672400,included,1772672400.0,0.0,0.7,0.69,0.71,0.020000000000000018,0.71,7386.0,9.0
KXNBAGAME-26MAR05TORMIN,6h,1772737200,included,1772737200.0,0.0,0.655,0.65,0.66,0.010000000000000009,,4145.0,46.0
KXNBAGAME-26MAR05TORMIN,1h,1772755200,included,1772755200.0,0.0,0.665,0.66,0.67,0.010000000000000009,0.67,160688.0,59.0
KXNBAGAME-26MAR05TORMIN,5m,1772758500,included,1772758500.0,0.0,0.655,0.65,0.66,0.010000000000000009,0.66,53826.0,59.0
KXNBAGAME-26MAR05CHIPHX,24h,1772676000,included,1772676000.0,0.0,0.8200000000000001,0.81,0.83,0.019999999999999907,,78.0,5.0
KXNBAGAME-26MAR05CHIPHX,6h,1772740800,bar_too_old,,240.0,,,,,,,
KXNBAGAME-26MAR05CHIPHX,1h,1772758800,included,1772758800.0,0.0,0.835,0.83,0.84,0.010000000000000009,0.84,76514.0,49.0
KXNBAGAME-26MAR05CHIPHX,5m,1772762100,included,1772762100.0,0.0,0.835,0.83,0.84,0.010000000000000009,0.84,38897.0,55.0
KXNBAGAME-26MAR05LALDEN,24h,1772679600,included,1772679600.0,0.0,0.635,0.62,0.65,0.030000000000000027,0.65,1201.0,13.0
KXNBAGAME-26MAR05LALDEN,6h,1772744400,included,1772744400.0,0.0,0.625,0.62,0.63,0.010000000000000009,0.63,11500.0,55.0
KXNBAGAME-26MAR05LALDEN,1h,1772762400,included,1772762400.0,0.0,0.615,0.61,0.62,0.010000000000000009,0.62,125036.0,58.0
KXNBAGAME-26MAR05LALDEN,5m,1772765700,included,1772765700.0,0.0,0.605,0.6,0.61,0.010000000000000009,0.61,67516.0,60.0
KXNBAGAME-26MAR05NOPSAC,24h,1772679600,included,1772679600.0,0.0,0.385,0.38,0.39,0.010000000000000009,,19.0,1.0
KXNBAGAME-26MAR05NOPSAC,6h,1772744400,included,1772744400.0,0.0,0.335,0.33,0.34,0.010000000000000009,0.34,1157.0,25.0
KXNBAGAME-26MAR05NOPSAC,1h,1772762400,included,1772762340.0,60.0,0.335,0.33,0.34,0.010000000000000009,0.33,11068.0,42.0
KXNBAGAME-26MAR05NOPSAC,5m,1772765700,included,1772765700.0,0.0,0.305,0.3,0.31,0.010000000000000009,0.31,15673.0,55.0
KXNBAGAME-26MAR06DALBOS,24h,1772755200,included,1772755200.0,0.0,0.89,0.88,0.9,0.020000000000000018,,674.0,10.0
KXNBAGAME-26MAR06DALBOS,6h,1772820000,included,1772820000.0,0.0,0.905,0.9,0.91,0.010000000000000009,0.91,14739.0,47.0
KXNBAGAME-26MAR06DALBOS,1h,1772838000,included,1772838000.0,0.0,0.895,0.89,0.9,0.010000000000000009,0.9,47787.0,59.0
KXNBAGAME-26MAR06DALBOS,5m,1772841300,included,1772841300.0,0.0,0.895,0.89,0.9,0.010000000000000009,0.9,112888.0,60.0
KXNBAGAME-26MAR06MIACHA,24h,1772755200,included,1772755200.0,0.0,0.6799999999999999,0.67,0.69,0.019999999999999907,,583.0,8.0
KXNBAGAME-26MAR06MIACHA,6h,1772820000,included,1772820000.0,0.0,0.735,0.73,0.74,0.010000000000000009,0.73,18006.0,50.0
KXNBAGAME-26MAR06MIACHA,1h,1772838000,included,1772838000.0,0.0,0.715,0.71,0.72,0.010000000000000009,0.72,104776.0,57.0
KXNBAGAME-26MAR06MIACHA,5m,1772841300,included,1772841300.0,0.0,0.715,0.71,0.72,0.010000000000000009,0.72,80143.0,60.0
KXNBAGAME-26MAR06PORHOU,24h,1772758800,included,1772758740.0,60.0,0.725,0.72,0.73,0.010000000000000009,,5.0,2.0
KXNBAGAME-26MAR06PORHOU,6h,1772823600,included,1772823540.0,60.0,0.69,0.68,0.7,0.019999999999999907,0.7,34517.0,50.0
KXNBAGAME-26MAR06PORHOU,1h,1772841600,included,1772841600.0,0.0,0.715,0.71,0.72,0.010000000000000009,0.72,139932.0,59.0
KXNBAGAME-26MAR06PORHOU,5m,1772844900,included,1772844900.0,0.0,0.715,0.71,0.72,0.010000000000000009,0.72,68214.0,60.0
KXNBAGAME-26MAR06NOPPHX,24h,1772762400,bar_too_old,,480.0,,,,,,,
KXNBAGAME-26MAR06NOPPHX,6h,1772827200,included,1772827200.0,0.0,0.665,0.66,0.67,0.010000000000000009,,8121.0,39.0
KXNBAGAME-26MAR06NOPPHX,1h,1772845200,included,1772845200.0,0.0,0.625,0.62,0.63,0.010000000000000009,0.63,28564.0,58.0
KXNBAGAME-26MAR06NOPPHX,5m,1772848500,included,1772848500.0,0.0,0.625,0.62,0.63,0.010000000000000009,0.63,18777.0,60.0
KXNBAGAME-26MAR06NYKDEN,24h,1772762400,included,1772762340.0,60.0,0.5,0.49,0.51,0.020000000000000018,,312.0,4.0
KXNBAGAME-26MAR06NYKDEN,6h,1772827200,included,1772827200.0,0.0,0.475,0.47,0.48,0.010000000000000009,0.47,36129.0,59.0
KXNBAGAME-26MAR06NYKDEN,1h,1772845200,included,1772845200.0,0.0,0.485,0.48,0.49,0.010000000000000009,0.49,91070.0,60.0
KXNBAGAME-26MAR06NYKDEN,5m,1772848500,included,1772848500.0,0.0,0.525,0.52,0.53,0.010000000000000009,0.53,192700.0,60.0
KXNBAGAME-26MAR06LACSAS,24h,1772764200,included,1772764200.0,0.0,0.735,0.73,0.74,0.010000000000000009,0.74,203.0,5.0
KXNBAGAME-26MAR06LACSAS,6h,1772829000,included,1772829000.0,0.0,0.715,0.71,0.72,0.010000000000000009,0.72,14379.0,53.0
KXNBAGAME-26MAR06LACSAS,1h,1772847000,included,1772847000.0,0.0,0.715,0.71,0.72,0.010000000000000009,0.72,80046.0,59.0
KXNBAGAME-26MAR06LACSAS,5m,1772850300,included,1772850300.0,0.0,0.715,0.71,0.72,0.010000000000000009,0.72,199497.0,60.0
KXNBAGAME-26MAR06INDLAL,24h,1772767800,included,1772767800.0,0.0,0.825,0.82,0.83,0.010000000000000009,0.83,998.0,15.0
KXNBAGAME-26MAR06INDLAL,6h,1772832600,included,1772832600.0,0.0,0.79,0.78,0.8,0.020000000000000018,0.8,5762.0,43.0
KXNBAGAME-26MAR06INDLAL,1h,1772850600,included,1772850600.0,0.0,0.785,0.78,0.79,0.010000000000000009,0.79,51838.0,59.0
KXNBAGAME-26MAR06INDLAL,5m,1772853900,included,1772853900.0,0.0,0.785,0.78,0.79,0.010000000000000009,0.79,119044.0,60.0
KXNBAGAME-26MAR07ORLMIN,24h,1772827200,included,1772827200.0,0.0,0.72,0.71,0.73,0.020000000000000018,0.73,333.0,8.0
KXNBAGAME-26MAR07ORLMIN,6h,1772892000,included,1772892000.0,0.0,0.705,0.7,0.71,0.010000000000000009,0.71,13182.0,53.0
KXNBAGAME-26MAR07ORLMIN,1h,1772910000,included,1772910000.0,0.0,0.705,0.7,0.71,0.010000000000000009,0.71,43069.0,58.0
KXNBAGAME-26MAR07ORLMIN,5m,1772913300,included,1772913300.0,0.0,0.705,0.7,0.71,0.010000000000000009,0.71,105307.0,60.0
KXNBAGAME-26MAR07BKNDET,24h,1772838000,included,1772837880.0,120.0,0.885,0.88,0.89,0.010000000000000009,,2955.0,8.0
KXNBAGAME-26MAR07BKNDET,6h,1772902800,included,1772902800.0,0.0,0.895,0.89,0.9,0.010000000000000009,0.9,22020.0,51.0
KXNBAGAME-26MAR07BKNDET,1h,1772920800,included,1772920800.0,0.0,0.865,0.86,0.87,0.010000000000000009,0.87,86860.0,58.0
KXNBAGAME-26MAR07BKNDET,5m,1772924100,included,1772924100.0,0.0,0.865,0.86,0.87,0.010000000000000009,0.86,124023.0,60.0
KXNBAGAME-26MAR07PHIATL,24h,1772838000,included,1772837880.0,120.0,0.645,0.64,0.65,0.010000000000000009,0.65,182.0,7.0
KXNBAGAME-26MAR07PHIATL,6h,1772902800,included,1772902740.0,60.0,0.695,0.69,0.7,0.010000000000000009,0.7,17193.0,33.0
KXNBAGAME-26MAR07PHIATL,1h,1772920800,included,1772920800.0,0.0,0.695,0.69,0.7,0.010000000000000009,0.7,23724.0,53.0
KXNBAGAME-26MAR07PHIATL,5m,1772924100,included,1772924100.0,0.0,0.705,0.7,0.71,0.010000000000000009,0.71,134706.0,60.0
KXNBAGAME-26MAR07LACMEM,24h,1772845200,bar_too_old,,180.0,,,,,,,
KXNBAGAME-26MAR07LACMEM,6h,1772910000,included,1772909940.0,60.0,0.295,0.29,0.3,0.010000000000000009,0.31,1669.0,25.0
KXNBAGAME-26MAR07LACMEM,1h,1772928000,included,1772928000.0,0.0,0.27,0.26,0.28,0.020000000000000018,0.28,20357.0,58.0
KXNBAGAME-26MAR07LACMEM,5m,1772931300,included,1772931300.0,0.0,0.275,0.27,0.28,0.010000000000000009,0.28,32029.0,58.0
KXNBAGAME-26MAR07UTAMIL,24h,1772845200,included,1772845080.0,120.0,0.83,0.82,0.84,0.020000000000000018,,61.0,8.0
KXNBAGAME-26MAR07UTAMIL,6h,1772910000,included,1772910000.0,0.0,0.795,0.79,0.8,0.010000000000000009,0.8,1697.0,32.0
KXNBAGAME-26MAR07UTAMIL,1h,1772928000,included,1772927940.0,60.0,0.795,0.79,0.8,0.010000000000000009,0.8,16483.0,54.0
KXNBAGAME-26MAR07UTAMIL,5m,1772931300,included,1772931300.0,0.0,0.795,0.79,0.8,0.010000000000000009,0.8,91205.0,58.0
KXNBAGAME-26MAR07GSWOKC,24h,1772847000,included,1772846940.0,60.0,0.85,0.84,0.86,0.020000000000000018,,6308.0,14.0
KXNBAGAME-26MAR07GSWOKC,6h,1772911800,included,1772911800.0,0.0,0.875,0.87,0.88,0.010000000000000009,0.88,55586.0,42.0
KXNBAGAME-26MAR07GSWOKC,1h,1772929800,included,1772929800.0,0.0,0.845,0.84,0.85,0.010000000000000009,0.85,148195.0,60.0
KXNBAGAME-26MAR07GSWOKC,5m,1772933100,included,1772933100.0,0.0,0.835,0.83,0.84,0.010000000000000009,0.84,100531.0,60.0
KXNBAGAME-26MAR08BOSCLE,24h,1772902800,bar_too_old,,420.0,,,,,,,
KXNBAGAME-26MAR08BOSCLE,6h,1772967600,included,1772967540.0,60.0,0.495,0.49,0.5,0.010000000000000009,0.5,2810.0,29.0
KXNBAGAME-26MAR08BOSCLE,1h,1772985600,included,1772985600.0,0.0,0.505,0.5,0.51,0.010000000000000009,0.51,41761.0,60.0
KXNBAGAME-26MAR08BOSCLE,5m,1772988900,included,1772988900.0,0.0,0.525,0.52,0.53,0.010000000000000009,0.53,386180.0,60.0
KXNBAGAME-26MAR08NYKLAL,24h,1772911800,included,1772911740.0,60.0,0.41500000000000004,0.4,0.43,0.02999999999999997,0.43,559.0,24.0
KXNBAGAME-26MAR08NYKLAL,6h,1772976600,included,1772976600.0,0.0,0.42,0.41,0.43,0.020000000000000018,0.43,3623.0,41.0
KXNBAGAME-26MAR08NYKLAL,1h,1772994600,included,1772994600.0,0.0,0.395,0.39,0.4,0.010000000000000009,0.4,150098.0,60.0
KXNBAGAME-26MAR08NYKLAL,5m,1772997900,included,1772997900.0,0.0,0.365,0.36,0.37,0.010000000000000009,0.37,264527.0,60.0
KXNBAGAME-26MAR08DALTOR,24h,1772920800,included,1772920800.0,0.0,0.74,0.73,0.75,0.020000000000000018,,1106.0,10.0
KXNBAGAME-26MAR08DALTOR,6h,1772985600,included,1772985600.0,0.0,0.795,0.79,0.8,0.010000000000000009,,5036.0,40.0
KXNBAGAME-26MAR08DALTOR,1h,1773003600,included,1773003600.0,0.0,0.785,0.78,0.79,0.010000000000000009,,15652.0,55.0
KXNBAGAME-26MAR08DALTOR,5m,1773006900,included,1773006900.0,0.0,0.785,0.78,0.79,0.010000000000000009,0.78,46743.0,59.0
KXNBAGAME-26MAR08DETMIA,24h,1772920800,included,1772920800.0,0.0,0.425,0.42,0.43,0.010000000000000009,,712.0,8.0
KXNBAGAME-26MAR08DETMIA,6h,1772985600,included,1772985600.0,0.0,0.475,0.47,0.48,0.010000000000000009,,2598.0,37.0
KXNBAGAME-26MAR08DETMIA,1h,1773003600,included,1773003600.0,0.0,0.485,0.48,0.49,0.010000000000000009,0.49,80451.0,57.0
KXNBAGAME-26MAR08DETMIA,5m,1773006900,included,1773006900.0,0.0,0.485,0.48,0.49,0.010000000000000009,0.49,151497.0,60.0
KXNBAGAME-26MAR08WASNOP,24h,1772924400,included,1772924400.0,0.0,0.805,0.8,0.81,0.010000000000000009,,80.0,2.0
KXNBAGAME-26MAR08WASNOP,6h,1772989200,included,1772989200.0,0.0,0.8,0.79,0.81,0.020000000000000018,0.81,3482.0,38.0
KXNBAGAME-26MAR08WASNOP,1h,1773007200,included,1773007200.0,0.0,0.825,0.82,0.83,0.010000000000000009,,6118.0,44.0
KXNBAGAME-26MAR08WASNOP,5m,1773010500,included,1773010500.0,0.0,0.815,0.81,0.82,0.009999999999999898,0.82,59720.0,49.0
KXNBAGAME-26MAR08HOUSAS,24h,1772928000,bar_too_old,,240.0,,,,,,,
KXNBAGAME-26MAR08HOUSAS,6h,1772992800,included,1772992800.0,0.0,0.665,0.66,0.67,0.010000000000000009,0.67,11643.0,59.0
KXNBAGAME-26MAR08HOUSAS,1h,1773010800,included,1773010800.0,0.0,0.675,0.67,0.68,0.010000000000000009,0.68,188005.0,60.0
KXNBAGAME-26MAR08HOUSAS,5m,1773014100,included,1773014100.0,0.0,0.675,0.67,0.68,0.010000000000000009,0.68,175350.0,60.0
KXNBAGAME-26MAR08ORLMIL,24h,1772928000,bar_too_old,,480.0,,,,,,,
KXNBAGAME-26MAR08ORLMIL,6h,1772992800,included,1772992800.0,0.0,0.35,0.34,0.36,0.019999999999999962,,8752.0,39.0
KXNBAGAME-26MAR08ORLMIL,1h,1773010800,included,1773010800.0,0.0,0.355,0.35,0.36,0.010000000000000009,0.36,12237.0,55.0
KXNBAGAME-26MAR08ORLMIL,5m,1773014100,included,1773014100.0,0.0,0.35,0.34,0.36,0.019999999999999962,0.36,24879.0,60.0
KXNBAGAME-26MAR08CHISAC,24h,1772931600,bar_too_old,,360.0,,,,,,,
KXNBAGAME-26MAR08CHISAC,6h,1772996400,included,1772996400.0,0.0,0.455,0.45,0.46,0.010000000000000009,0.46,1366.0,26.0
KXNBAGAME-26MAR08CHISAC,1h,1773014400,included,1773014400.0,0.0,0.385,0.38,0.39,0.010000000000000009,,10446.0,49.0
KXNBAGAME-26MAR08CHISAC,5m,1773017700,included,1773017700.0,0.0,0.365,0.36,0.37,0.010000000000000009,0.37,53726.0,57.0
KXNBAGAME-26MAR08INDPOR,24h,1772931600,included,1772931540.0,60.0,0.77,0.76,0.78,0.020000000000000018,0.78,342.0,6.0
KXNBAGAME-26MAR08INDPOR,6h,1772996400,included,1772996400.0,0.0,0.785,0.78,0.79,0.010000000000000009,,2812.0,26.0
KXNBAGAME-26MAR08INDPOR,1h,1773014400,included,1773014400.0,0.0,0.785,0.78,0.79,0.010000000000000009,0.79,28535.0,49.0
KXNBAGAME-26MAR08INDPOR,5m,1773017700,included,1773017700.0,0.0,0.785,0.78,0.79,0.010000000000000009,0.79,36680.0,55.0
KXNBAGAME-26MAR08CHAPHX,24h,1772935200,included,1772935200.0,0.0,0.395,0.39,0.4,0.010000000000000009,,213.0,6.0
KXNBAGAME-26MAR08CHAPHX,6h,1773000000,included,1773000000.0,0.0,0.375,0.37,0.38,0.010000000000000009,0.38,1712.0,39.0
KXNBAGAME-26MAR08CHAPHX,1h,1773018000,included,1773018000.0,0.0,0.36,0.35,0.37,0.020000000000000018,0.37,60593.0,60.0
KXNBAGAME-26MAR08CHAPHX,5m,1773021300,included,1773021300.0,0.0,0.355,0.35,0.36,0.010000000000000009,0.36,162718.0,60.0
KXNBAGAME-26MAR09PHICLE,24h,1773010800,included,1773010800.0,0.0,0.815,0.81,0.82,0.009999999999999898,,770.0,7.0
KXNBAGAME-26MAR09PHICLE,6h,1773075600,included,1773075600.0,0.0,0.855,0.85,0.86,0.010000000000000009,0.86,33562.0,50.0
KXNBAGAME-26MAR09PHICLE,1h,1773093600,included,1773093600.0,0.0,0.865,0.86,0.87,0.010000000000000009,0.87,97626.0,58.0
KXNBAGAME-26MAR09PHICLE,5m,1773096900,included,1773096900.0,0.0,0.865,0.86,0.87,0.010000000000000009,0.87,237270.0,60.0
KXNBAGAME-26MAR09DENOKC,24h,1773012600,included,1773012540.0,60.0,0.715,0.7,0.73,0.030000000000000027,0.73,383.0,14.0
KXNBAGAME-26MAR09DENOKC,6h,1773077400,included,1773077400.0,0.0,0.695,0.69,0.7,0.010000000000000009,0.7,17242.0,53.0
KXNBAGAME-26MAR09DENOKC,1h,1773095400,included,1773095400.0,0.0,0.695,0.69,0.7,0.010000000000000009,0.7,112667.0,60.0
KXNBAGAME-26MAR09DENOKC,5m,1773098700,included,1773098700.0,0.0,0.595,0.59,0.6,0.010000000000000009,0.6,189862.0,60.0
KXNBAGAME-26MAR09MEMBKN,24h,1773012600,included,1773012540.0,60.0,0.51,0.49,0.53,0.040000000000000036,0.53,522.0,4.0
KXNBAGAME-26MAR09MEMBKN,6h,1773077400,included,1773077400.0,0.0,0.47,0.46,0.48,0.019999999999999962,,2432.0,38.0
KXNBAGAME-26MAR09MEMBKN,1h,1773095400,included,1773095400.0,0.0,0.485,0.48,0.49,0.010000000000000009,0.48,11083.0,50.0
KXNBAGAME-26MAR09MEMBKN,5m,1773098700,included,1773098700.0,0.0,0.515,0.51,0.52,0.010000000000000009,0.52,91637.0,58.0
KXNBAGAME-26MAR09GSWUTA,24h,1773018000,included,1773018000.0,0.0,0.3,0.29,0.31,0.020000000000000018,,20.0,3.0
KXNBAGAME-26MAR09GSWUTA,6h,1773082800,included,1773082800.0,0.0,0.275,0.27,0.28,0.010000000000000009,0.28,3340.0,30.0
KXNBAGAME-26MAR09GSWUTA,1h,1773100800,included,1773100800.0,0.0,0.3,0.29,0.31,0.020000000000000018,0.31,12345.0,57.0
KXNBAGAME-26MAR09GSWUTA,5m,1773104100,included,1773104100.0,0.0,0.305,0.3,0.31,0.010000000000000009,0.31,38089.0,59.0
KXNBAGAME-26MAR09NYKLAC,24h,1773021600,included,1773021540.0,60.0,0.44,0.43,0.45,0.020000000000000018,,1011.0,17.0
KXNBAGAME-26MAR09NYKLAC,6h,1773086400,included,1773086280.0,120.0,0.435,0.43,0.44,0.010000000000000009,0.44,7020.0,40.0
KXNBAGAME-26MAR09NYKLAC,1h,1773104400,included,1773104400.0,0.0,0.455,0.45,0.46,0.010000000000000009,0.46,26594.0,60.0
KXNBAGAME-26MAR09NYKLAC,5m,1773107700,included,1773107700.0,0.0,0.455,0.45,0.46,0.010000000000000009,0.46,187661.0,60.0
KXNBAGAME-26MAR10MEMPHI,24h,1773097200,bar_too_old,,240.0,,,,,,,
KXNBAGAME-26MAR10MEMPHI,6h,1773162000,included,1773162000.0,0.0,0.595,0.59,0.6,0.010000000000000009,0.6,7632.0,49.0
KXNBAGAME-26MAR10MEMPHI,1h,1773180000,included,1773180000.0,0.0,0.615,0.61,0.62,0.010000000000000009,0.62,22486.0,59.0
KXNBAGAME-26MAR10MEMPHI,5m,1773183300,included,1773183300.0,0.0,0.625,0.62,0.63,0.010000000000000009,0.63,118691.0,60.0
KXNBAGAME-26MAR10DALATL,24h,1773099000,bar_too_old,,240.0,,,,,,,
KXNBAGAME-26MAR10DALATL,6h,1773163800,included,1773163800.0,0.0,0.785,0.78,0.79,0.010000000000000009,0.79,12092.0,30.0
KXNBAGAME-26MAR10DALATL,1h,1773181800,included,1773181800.0,0.0,0.795,0.79,0.8,0.010000000000000009,0.8,11711.0,51.0
KXNBAGAME-26MAR10DALATL,5m,1773185100,included,1773185100.0,0.0,0.785,0.78,0.79,0.010000000000000009,0.79,91151.0,58.0
KXNBAGAME-26MAR10DETBKN,24h,1773099000,included,1773099000.0,0.0,0.125,0.12,0.13,0.010000000000000009,0.13,1417.0,18.0
KXNBAGAME-26MAR10DETBKN,6h,1773163800,included,1773163740.0,60.0,0.10500000000000001,0.1,0.11,0.009999999999999995,0.11,14934.0,50.0
KXNBAGAME-26MAR10DETBKN,1h,1773181800,included,1773181800.0,0.0,0.095,0.09,0.1,0.010000000000000009,0.1,101244.0,59.0
KXNBAGAME-26MAR10DETBKN,5m,1773185100,included,1773185100.0,0.0,0.095,0.09,0.1,0.010000000000000009,0.1,154301.0,60.0
KXNBAGAME-26MAR10WASMIA,24h,1773099000,included,1773099000.0,0.0,0.885,0.88,0.89,0.010000000000000009,,944.0,5.0
KXNBAGAME-26MAR10WASMIA,6h,1773163800,included,1773163800.0,0.0,0.895,0.89,0.9,0.010000000000000009,0.9,5693.0,34.0
KXNBAGAME-26MAR10WASMIA,1h,1773181800,included,1773181800.0,0.0,0.915,0.91,0.92,0.010000000000000009,,52981.0,37.0
KXNBAGAME-26MAR10WASMIA,5m,1773185100,included,1773185100.0,0.0,0.905,0.9,0.91,0.010000000000000009,0.91,41314.0,53.0
KXNBAGAME-26MAR10BOSSAS,24h,1773100800,included,1773100800.0,0.0,0.605,0.6,0.61,0.010000000000000009,0.61,2046.0,27.0
KXNBAGAME-26MAR10BOSSAS,6h,1773165600,included,1773165600.0,0.0,0.585,0.58,0.59,0.010000000000000009,0.59,11787.0,58.0
KXNBAGAME-26MAR10BOSSAS,1h,1773183600,included,1773183600.0,0.0,0.585,0.58,0.59,0.010000000000000009,0.59,116147.0,60.0
KXNBAGAME-26MAR10BOSSAS,5m,1773186900,included,1773186900.0,0.0,0.585,0.58,0.59,0.010000000000000009,0.59,277339.0,60.0
KXNBAGAME-26MAR10PHXMIL,24h,1773100800,bar_too_old,,180.0,,,,,,,
KXNBAGAME-26MAR10PHXMIL,6h,1773165600,included,1773165600.0,0.0,0.475,0.47,0.48,0.010000000000000009,0.48,12017.0,34.0
KXNBAGAME-26MAR10PHXMIL,1h,1773183600,included,1773183600.0,0.0,0.48,0.47,0.49,0.020000000000000018,0.49,22103.0,58.0
KXNBAGAME-26MAR10PHXMIL,5m,1773186900,included,1773186900.0,0.0,0.455,0.45,0.46,0.010000000000000009,0.46,28741.0,58.0
KXNBAGAME-26MAR10TORHOU,24h,1773100800,bar_too_old,,660.0,,,,,,,
KXNBAGAME-26MAR10TORHOU,6h,1773165600,included,1773165540.0,60.0,0.655,0.65,0.66,0.010000000000000009,0.66,2435.0,33.0
KXNBAGAME-26MAR10TORHOU,1h,1773183600,included,1773183600.0,0.0,0.635,0.63,0.64,0.010000000000000009,0.64,24989.0,58.0
KXNBAGAME-26MAR10TORHOU,5m,1773186900,included,1773186900.0,0.0,0.635,0.63,0.64,0.010000000000000009,0.64,83965.0,59.0
KXNBAGAME-26MAR10CHAPOR,24h,1773108000,bar_too_old,,180.0,,,,,,,
KXNBAGAME-26MAR10CHAPOR,6h,1773172800,included,1773172800.0,0.0,0.415,0.41,0.42,0.010000000000000009,,927.0,22.0
KXNBAGAME-26MAR10CHAPOR,1h,1773190800,included,1773190800.0,0.0,0.415,0.41,0.42,0.010000000000000009,0.42,4503.0,44.0
KXNBAGAME-26MAR10CHAPOR,5m,1773194100,included,1773194100.0,0.0,0.425,0.42,0.43,0.010000000000000009,0.43,17523.0,51.0
KXNBAGAME-26MAR10CHIGSW,24h,1773108000,included,1773107940.0,60.0,0.67,0.66,0.68,0.020000000000000018,,14.0,1.0
KXNBAGAME-26MAR10CHIGSW,6h,1773172800,included,1773172800.0,0.0,0.685,0.68,0.69,0.009999999999999898,0.69,1497.0,19.0
KXNBAGAME-26MAR10CHIGSW,1h,1773190800,included,1773190740.0,60.0,0.685,0.68,0.69,0.009999999999999898,0.69,11137.0,54.0
KXNBAGAME-26MAR10CHIGSW,5m,1773194100,included,1773194100.0,0.0,0.675,0.67,0.68,0.010000000000000009,0.68,14079.0,59.0
KXNBAGAME-26MAR10INDSAC,24h,1773108000,included,1773107940.0,60.0,0.61,0.6,0.62,0.020000000000000018,,1116.0,8.0
KXNBAGAME-26MAR10INDSAC,6h,1773172800,included,1773172800.0,0.0,0.595,0.59,0.6,0.010000000000000009,,3648.0,23.0
KXNBAGAME-26MAR10INDSAC,1h,1773190800,included,1773190800.0,0.0,0.585,0.58,0.59,0.010000000000000009,0.59,28417.0,49.0
KXNBAGAME-26MAR10INDSAC,5m,1773194100,included,1773194100.0,0.0,0.595,0.59,0.6,0.010000000000000009,0.59,74889.0,50.0
KXNBAGAME-26MAR10MINLAL,24h,1773111600,bar_too_old,,300.0,,,,,,,
KXNBAGAME-26MAR10MINLAL,6h,1773176400,included,1773176400.0,0.0,0.445,0.44,0.45,0.010000000000000009,0.45,13798.0,58.0
KXNBAGAME-26MAR10MINLAL,1h,1773194400,included,1773194400.0,0.0,0.455,0.45,0.46,0.010000000000000009,0.46,41329.0,60.0
KXNBAGAME-26MAR10MINLAL,5m,1773197700,included,1773197700.0,0.0,0.445,0.44,0.45,0.010000000000000009,0.45,645485.0,60.0
KXNBAGAME-26MAR11CLEORL,24h,1773185400,bar_too_old,,180.0,,,,,,,
KXNBAGAME-26MAR11CLEORL,6h,1773250200,included,1773250080.0,120.0,0.395,0.39,0.4,0.010000000000000009,0.4,9285.0,38.0
KXNBAGAME-26MAR11CLEORL,1h,1773268200,included,1773268200.0,0.0,0.405,0.4,0.41,0.009999999999999953,0.41,118575.0,60.0
KXNBAGAME-26MAR11CLEORL,5m,1773271500,included,1773271500.0,0.0,0.405,0.4,0.41,0.009999999999999953,0.41,167894.0,60.0
KXNBAGAME-26MAR11TORNOP,24h,1773187200,included,1773187200.0,0.0,0.46499999999999997,0.45,0.48,0.02999999999999997,,150.0,1.0
KXNBAGAME-26MAR11TORNOP,6h,1773252000,included,1773252000.0,0.0,0.435,0.43,0.44,0.010000000000000009,,4061.0,36.0
KXNBAGAME-26MAR11TORNOP,1h,1773270000,included,1773270000.0,0.0,0.445,0.44,0.45,0.010000000000000009,0.45,29194.0,56.0
KXNBAGAME-26MAR11TORNOP,5m,1773273300,included,1773273300.0,0.0,0.445,0.44,0.45,0.010000000000000009,0.45,57296.0,57.0
KXNBAGAME-26MAR11NYKUTA,24h,1773190800,bar_too_old,,180.0,,,,,,,
KXNBAGAME-26MAR11NYKUTA,6h,1773255600,included,1773255600.0,0.0,0.11499999999999999,0.11,0.12,0.009999999999999995,0.12,4784.0,48.0
KXNBAGAME-26MAR11NYKUTA,1h,1773273600,included,1773273600.0,0.0,0.11499999999999999,0.11,0.12,0.009999999999999995,0.12,52554.0,60.0
KXNBAGAME-26MAR11NYKUTA,5m,1773276900,included,1773276900.0,0.0,0.11499999999999999,0.11,0.12,0.009999999999999995,0.12,111269.0,60.0
KXNBAGAME-26MAR11CHASAC,24h,1773194400,no_prior_bar,,,,,,,,,
KXNBAGAME-26MAR11CHASAC,6h,1773259200,included,1773259200.0,0.0,0.135,0.13,0.14,0.010000000000000009,0.14,5093.0,36.0
KXNBAGAME-26MAR11CHASAC,1h,1773277200,included,1773277200.0,0.0,0.125,0.12,0.13,0.010000000000000009,0.12,34170.0,57.0
KXNBAGAME-26MAR11CHASAC,5m,1773280500,included,1773280500.0,0.0,0.11499999999999999,0.11,0.12,0.009999999999999995,0.12,112700.0,60.0
KXNBAGAME-26MAR11HOUDEN,24h,1773194400,included,1773194400.0,0.0,0.65,0.64,0.66,0.020000000000000018,0.66,366.0,9.0
KXNBAGAME-26MAR11HOUDEN,6h,1773259200,included,1773259200.0,0.0,0.705,0.7,0.71,0.010000000000000009,0.71,5921.0,42.0
KXNBAGAME-26MAR11HOUDEN,1h,1773277200,included,1773277200.0,0.0,0.705,0.7,0.71,0.010000000000000009,0.71,12356.0,57.0
KXNBAGAME-26MAR11HOUDEN,5m,1773280500,included,1773280500.0,0.0,0.695,0.69,0.7,0.010000000000000009,0.7,71936.0,60.0
KXNBAGAME-26MAR11MINLAC,24h,1773196200,included,1773196200.0,0.0,0.525,0.52,0.53,0.010000000000000009,,1378.0,2.0
KXNBAGAME-26MAR11MINLAC,6h,1773261000,included,1773261000.0,0.0,0.535,0.53,0.54,0.010000000000000009,0.54,4299.0,48.0
KXNBAGAME-26MAR11MINLAC,1h,1773279000,included,1773279000.0,0.0,0.525,0.52,0.53,0.010000000000000009,0.53,57289.0,59.0
KXNBAGAME-26MAR11MINLAC,5m,1773282300,included,1773282300.0,0.0,0.535,0.53,0.54,0.010000000000000009,0.54,169639.0,60.0
KXNBAGAME-26MAR12PHIDET,24h,1773270000,included,1773270000.0,0.0,0.86,0.85,0.87,0.020000000000000018,0.87,288.0,9.0
KXNBAGAME-26MAR12PHIDET,6h,1773334800,included,1773334800.0,0.0,0.895,0.89,0.9,0.010000000000000009,0.9,14232.0,30.0
KXNBAGAME-26MAR12PHIDET,1h,1773352800,included,1773352800.0,0.0,0.895,0.89,0.9,0.010000000000000009,,28222.0,46.0
KXNBAGAME-26MAR12PHIDET,5m,1773356100,included,1773356100.0,0.0,0.895,0.89,0.9,0.010000000000000009,0.89,254082.0,54.0
KXNBAGAME-26MAR12PHXIND,24h,1773270000,included,1773270000.0,0.0,0.215,0.21,0.22,0.010000000000000009,,417.0,9.0
KXNBAGAME-26MAR12PHXIND,6h,1773334800,included,1773334800.0,0.0,0.215,0.21,0.22,0.010000000000000009,,1418.0,29.0
KXNBAGAME-26MAR12PHXIND,1h,1773352800,included,1773352800.0,0.0,0.215,0.21,0.22,0.010000000000000009,0.22,142638.0,46.0
KXNBAGAME-26MAR12PHXIND,5m,1773356100,included,1773356100.0,0.0,0.20500000000000002,0.2,0.21,0.009999999999999981,0.21,26140.0,57.0
KXNBAGAME-26MAR12WASORL,24h,1773270000,included,1773269940.0,60.0,0.89,0.88,0.9,0.020000000000000018,0.9,255.0,14.0
KXNBAGAME-26MAR12WASORL,6h,1773334800,included,1773334800.0,0.0,0.895,0.89,0.9,0.010000000000000009,0.9,51253.0,31.0
KXNBAGAME-26MAR12WASORL,1h,1773352800,included,1773352800.0,0.0,0.895,0.89,0.9,0.010000000000000009,,4826.0,36.0
KXNBAGAME-26MAR12WASORL,5m,1773356100,included,1773356100.0,0.0,0.895,0.89,0.9,0.010000000000000009,0.9,27648.0,47.0
KXNBAGAME-26MAR12BKNATL,24h,1773271800,included,1773271800.0,0.0,0.88,0.87,0.89,0.020000000000000018,0.89,6002.0,9.0
KXNBAGAME-26MAR12BKNATL,6h,1773336600,included,1773336540.0,60.0,0.905,0.9,0.91,0.010000000000000009,0.91,1571.0,30.0
KXNBAGAME-26MAR12BKNATL,1h,1773354600,included,1773354600.0,0.0,0.905,0.9,0.91,0.010000000000000009,,6259.0,31.0
KXNBAGAME-26MAR12BKNATL,5m,1773357900,included,1773357900.0,0.0,0.915,0.91,0.92,0.010000000000000009,0.92,64707.0,45.0
KXNBAGAME-26MAR12MILMIA,24h,1773271800,included,1773271800.0,0.0,0.725,0.72,0.73,0.010000000000000009,0.73,585.0,11.0
KXNBAGAME-26MAR12MILMIA,6h,1773336600,included,1773336600.0,0.0,0.71,0.7,0.72,0.020000000000000018,0.7,10703.0,33.0
KXNBAGAME-26MAR12MILMIA,1h,1773354600,included,1773354600.0,0.0,0.705,0.7,0.71,0.010000000000000009,0.71,9552.0,53.0
KXNBAGAME-26MAR12MILMIA,5m,1773357900,included,1773357900.0,0.0,0.675,0.67,0.68,0.010000000000000009,0.68,35627.0,58.0
KXNBAGAME-26MAR12DALMEM,24h,1773273600,bar_too_old,,240.0,,,,,,,
KXNBAGAME-26MAR12DALMEM,6h,1773338400,included,1773338400.0,0.0,0.345,0.34,0.35,0.009999999999999953,0.35,4214.0,33.0
KXNBAGAME-26MAR12DALMEM,1h,1773356400,included,1773356400.0,0.0,0.335,0.33,0.34,0.010000000000000009,0.34,12526.0,53.0
KXNBAGAME-26MAR12DALMEM,5m,1773359700,included,1773359700.0,0.0,0.335,0.33,0.34,0.010000000000000009,0.34,32237.0,58.0
KXNBAGAME-26MAR12DENSAS,24h,1773277200,included,1773277200.0,0.0,0.655,0.65,0.66,0.010000000000000009,,1550.0,17.0
KXNBAGAME-26MAR12DENSAS,6h,1773342000,included,1773342000.0,0.0,0.645,0.64,0.65,0.010000000000000009,0.65,100132.0,52.0
KXNBAGAME-26MAR12DENSAS,1h,1773360000,included,1773360000.0,0.0,0.625,0.62,0.63,0.010000000000000009,0.63,47915.0,60.0
KXNBAGAME-26MAR12DENSAS,5m,1773363300,included,1773363300.0,0.0,0.575,0.57,0.58,0.010000000000000009,0.58,368585.0,60.0
KXNBAGAME-26MAR12BOSOKC,24h,1773279000,included,1773279000.0,0.0,0.705,0.7,0.71,0.010000000000000009,0.71,166.0,11.0
KXNBAGAME-26MAR12BOSOKC,6h,1773343800,included,1773343740.0,60.0,0.71,0.7,0.72,0.020000000000000018,0.72,8968.0,44.0
KXNBAGAME-26MAR12BOSOKC,1h,1773361800,included,1773361800.0,0.0,0.74,0.73,0.75,0.020000000000000018,0.75,190440.0,57.0
KXNBAGAME-26MAR12BOSOKC,5m,1773365100,included,1773365100.0,0.0,0.755,0.75,0.76,0.010000000000000009,0.76,152146.0,60.0
KXNBAGAME-26MAR12CHILAL,24h,1773282600,included,1773282600.0,0.0,0.8200000000000001,0.81,0.83,0.019999999999999907,,178.0,6.0
KXNBAGAME-26MAR12CHILAL,6h,1773347400,included,1773347400.0,0.0,0.825,0.82,0.83,0.010000000000000009,0.83,5372.0,28.0
KXNBAGAME-26MAR12CHILAL,1h,1773365400,included,1773365400.0,0.0,0.835,0.83,0.84,0.010000000000000009,0.83,16084.0,54.0
KXNBAGAME-26MAR12CHILAL,5m,1773368700,included,1773368700.0,0.0,0.835,0.83,0.84,0.010000000000000009,0.84,360805.0,59.0
KXNBAGAME-26MAR13CLEDAL,24h,1773358200,included,1773358080.0,120.0,0.165,0.16,0.17,0.010000000000000009,,10.0,2.0
KXNBAGAME-26MAR13CLEDAL,6h,1773423000,included,1773423000.0,0.0,0.135,0.13,0.14,0.010000000000000009,,2724.0,29.0
KXNBAGAME-26MAR13CLEDAL,1h,1773441000,included,1773441000.0,0.0,0.135,0.13,0.14,0.010000000000000009,0.14,10641.0,48.0
KXNBAGAME-26MAR13CLEDAL,5m,1773444300,included,1773444300.0,0.0,0.14500000000000002,0.14,0.15,0.009999999999999981,0.15,70761.0,57.0
KXNBAGAME-26MAR13MEMDET,24h,1773358200,bar_too_old,,360.0,,,,,,,
KXNBAGAME-26MAR13MEMDET,6h,1773423000,included,1773423000.0,0.0,0.915,0.91,0.92,0.010000000000000009,0.92,5279.0,34.0
KXNBAGAME-26MAR13MEMDET,1h,1773441000,included,1773440940.0,60.0,0.915,0.91,0.92,0.010000000000000009,0.92,14022.0,34.0
KXNBAGAME-26MAR13MEMDET,5m,1773444300,included,1773444300.0,0.0,0.915,0.91,0.92,0.010000000000000009,0.92,161842.0,51.0
KXNBAGAME-26MAR13NYKIND,24h,1773358200,included,1773358200.0,0.0,0.13,0.12,0.14,0.020000000000000018,,799.0,9.0
KXNBAGAME-26MAR13NYKIND,6h,1773423000,included,1773423000.0,0.0,0.135,0.13,0.14,0.010000000000000009,0.13,118587.0,34.0
KXNBAGAME-26MAR13NYKIND,1h,1773441000,included,1773441000.0,0.0,0.135,0.13,0.14,0.010000000000000009,0.14,51492.0,53.0
KXNBAGAME-26MAR13NYKIND,5m,1773444300,included,1773444300.0,0.0,0.14500000000000002,0.14,0.15,0.009999999999999981,0.15,203887.0,60.0
KXNBAGAME-26MAR13PHXTOR,24h,1773358200,bar_too_old,,360.0,,,,,,,
KXNBAGAME-26MAR13PHXTOR,6h,1773423000,included,1773423000.0,0.0,0.635,0.63,0.64,0.010000000000000009,0.64,3531.0,28.0
KXNBAGAME-26MAR13PHXTOR,1h,1773441000,included,1773441000.0,0.0,0.645,0.64,0.65,0.010000000000000009,0.64,41760.0,57.0
KXNBAGAME-26MAR13PHXTOR,5m,1773444300,included,1773444300.0,0.0,0.645,0.64,0.65,0.010000000000000009,0.64,63767.0,60.0
KXNBAGAME-26MAR13NOPHOU,24h,1773360000,included,1773359880.0,120.0,0.725,0.71,0.74,0.030000000000000027,0.74,457.0,6.0
KXNBAGAME-26MAR13NOPHOU,6h,1773424800,included,1773424800.0,0.0,0.715,0.71,0.72,0.010000000000000009,0.72,16548.0,42.0
KXNBAGAME-26MAR13NOPHOU,1h,1773442800,included,1773442800.0,0.0,0.685,0.68,0.69,0.009999999999999898,0.69,32406.0,57.0
KXNBAGAME-26MAR13NOPHOU,5m,1773446100,included,1773446100.0,0.0,0.685,0.68,0.69,0.009999999999999898,0.69,107428.0,60.0
KXNBAGAME-26MAR13MINGSW,24h,1773367200,included,1773367200.0,0.0,0.32,0.31,0.33,0.020000000000000018,0.33,927.0,23.0
KXNBAGAME-26MAR13MINGSW,6h,1773432000,included,1773432000.0,0.0,0.35,0.34,0.36,0.019999999999999962,0.35,61038.0,40.0
KXNBAGAME-26MAR13MINGSW,1h,1773450000,included,1773450000.0,0.0,0.325,0.32,0.33,0.010000000000000009,0.33,14085.0,60.0
KXNBAGAME-26MAR13MINGSW,5m,1773453300,included,1773453300.0,0.0,0.355,0.35,0.36,0.010000000000000009,0.36,112675.0,58.0
KXNBAGAME-26MAR13UTAPOR,24h,1773367200,included,1773367140.0,60.0,0.865,0.86,0.87,0.010000000000000009,,8.0,1.0
KXNBAGAME-26MAR13UTAPOR,6h,1773432000,included,1773431880.0,120.0,0.905,0.9,0.91,0.010000000000000009,,3972.0,14.0
KXNBAGAME-26MAR13UTAPOR,1h,1773450000,included,1773450000.0,0.0,0.905,0.9,0.91,0.010000000000000009,0.91,1230.0,29.0
KXNBAGAME-26MAR13UTAPOR,5m,1773453300,included,1773453300.0,0.0,0.895,0.89,0.9,0.010000000000000009,0.9,56040.0,40.0
KXNBAGAME-26MAR13CHILAC,24h,1773369000,included,1773369000.0,0.0,0.83,0.82,0.84,0.020000000000000018,,19.0,3.0
KXNBAGAME-26MAR13CHILAC,6h,1773433800,included,1773433740.0,60.0,0.865,0.86,0.87,0.010000000000000009,0.87,804.0,19.0
KXNBAGAME-26MAR13CHILAC,1h,1773451800,included,1773451800.0,0.0,0.865,0.86,0.87,0.010000000000000009,0.87,18759.0,40.0
KXNBAGAME-26MAR13CHILAC,5m,1773455100,included,1773455100.0,0.0,0.865,0.86,0.87,0.010000000000000009,0.87,92294.0,51.0
KXNBAGAME-26MAR14BKNPHI,24h,1773421200,included,1773421140.0,60.0,0.755,0.75,0.76,0.010000000000000009,,689.0,4.0
KXNBAGAME-26MAR14BKNPHI,6h,1773486000,included,1773486000.0,0.0,0.775,0.77,0.78,0.010000000000000009,,1971.0,23.0
KXNBAGAME-26MAR14BKNPHI,1h,1773504000,included,1773504000.0,0.0,0.765,0.76,0.77,0.010000000000000009,0.77,16699.0,57.0
KXNBAGAME-26MAR14BKNPHI,5m,1773507300,included,1773507300.0,0.0,0.775,0.77,0.78,0.010000000000000009,0.78,80209.0,60.0
KXNBAGAME-26MAR14MILATL,24h,1773428400,bar_too_old,,1380.0,,,,,,,
KXNBAGAME-26MAR14MILATL,6h,1773493200,included,1773493200.0,0.0,0.755,0.75,0.76,0.010000000000000009,,2825.0,28.0
KXNBAGAME-26MAR14MILATL,1h,1773511200,included,1773511200.0,0.0,0.805,0.8,0.81,0.010000000000000009,0.81,150148.0,49.0
KXNBAGAME-26MAR14MILATL,5m,1773514500,included,1773514500.0,0.0,0.815,0.81,0.82,0.009999999999999898,0.82,120529.0,59.0
KXNBAGAME-26MAR14CHASAS,24h,1773430200,included,1773430140.0,60.0,0.69,0.68,0.7,0.019999999999999907,0.7,456.0,11.0
KXNBAGAME-26MAR14CHASAS,6h,1773495000,included,1773495000.0,0.0,0.665,0.66,0.67,0.010000000000000009,0.67,20297.0,56.0
KXNBAGAME-26MAR14CHASAS,1h,1773513000,included,1773513000.0,0.0,0.675,0.67,0.68,0.010000000000000009,0.69,168925.0,59.0
KXNBAGAME-26MAR14CHASAS,5m,1773516300,included,1773516300.0,0.0,0.695,0.69,0.7,0.010000000000000009,0.7,317686.0,60.0
KXNBAGAME-26MAR14WASBOS,24h,1773439200,bar_too_old,,420.0,,,,,,,
KXNBAGAME-26MAR14WASBOS,6h,1773504000,included,1773504000.0,0.0,0.95,0.94,0.96,0.020000000000000018,0.96,15923.0,31.0
KXNBAGAME-26MAR14WASBOS,1h,1773522000,included,1773522000.0,0.0,0.955,0.95,0.96,0.010000000000000009,0.96,7984.0,44.0
KXNBAGAME-26MAR14WASBOS,5m,1773525300,included,1773525300.0,0.0,0.955,0.95,0.96,0.010000000000000009,0.96,74554.0,50.0
KXNBAGAME-26MAR14ORLMIA,24h,1773446400,included,1773446280.0,120.0,0.575,0.56,0.59,0.029999999999999916,,159.0,9.0
KXNBAGAME-26MAR14ORLMIA,6h,1773511200,included,1773511200.0,0.0,0.625,0.62,0.63,0.010000000000000009,0.63,9401.0,45.0
KXNBAGAME-26MAR14ORLMIA,1h,1773529200,included,1773529200.0,0.0,0.625,0.62,0.63,0.010000000000000009,0.63,82242.0,59.0
KXNBAGAME-26MAR14ORLMIA,5m,1773532500,included,1773532500.0,0.0,0.625,0.62,0.63,0.010000000000000009,0.63,78860.0,60.0
KXNBAGAME-26MAR14DENLAL,24h,1773448200,included,1773448200.0,0.0,0.44,0.43,0.45,0.020000000000000018,0.45,4313.0,34.0
KXNBAGAME-26MAR14DENLAL,6h,1773513000,included,1773513000.0,0.0,0.425,0.42,0.43,0.010000000000000009,0.43,39741.0,53.0
KXNBAGAME-26MAR14DENLAL,1h,1773531000,included,1773531000.0,0.0,0.455,0.45,0.46,0.010000000000000009,0.46,111774.0,60.0
KXNBAGAME-26MAR14DENLAL,5m,1773534300,included,1773534300.0,0.0,0.46499999999999997,0.46,0.47,0.009999999999999953,0.47,239426.0,60.0
KXNBAGAME-26MAR14SACLAC,24h,1773455400,included,1773455400.0,0.0,0.865,0.86,0.87,0.010000000000000009,,1178.0,14.0
KXNBAGAME-26MAR14SACLAC,6h,1773520200,included,1773520200.0,0.0,0.875,0.87,0.88,0.010000000000000009,,11495.0,33.0
KXNBAGAME-26MAR14SACLAC,1h,1773538200,included,1773538200.0,0.0,0.885,0.88,0.89,0.010000000000000009,0.89,52545.0,55.0
KXNBAGAME-26MAR14SACLAC,5m,1773541500,included,1773541500.0,0.0,0.885,0.88,0.89,0.010000000000000009,0.89,175830.0,58.0
KXNBAGAME-26MAR15MINOKC,24h,1773507600,bar_too_old,,240.0,,,,,,,
KXNBAGAME-26MAR15MINOKC,6h,1773572400,included,1773572400.0,0.0,0.775,0.77,0.78,0.010000000000000009,0.78,2781.0,29.0
KXNBAGAME-26MAR15MINOKC,1h,1773590400,included,1773590400.0,0.0,0.735,0.73,0.74,0.010000000000000009,0.74,69365.0,60.0
KXNBAGAME-26MAR15MINOKC,5m,1773593700,included,1773593700.0,0.0,0.775,0.77,0.78,0.010000000000000009,0.78,245622.0,60.0
KXNBAGAME-26MAR15DALCLE,24h,1773516600,bar_too_old,,1200.0,,,,,,,
KXNBAGAME-26MAR15DALCLE,6h,1773581400,included,1773581400.0,0.0,0.905,0.9,0.91,0.010000000000000009,,7676.0,33.0
KXNBAGAME-26MAR15DALCLE,1h,1773599400,included,1773599400.0,0.0,0.895,0.89,0.9,0.010000000000000009,0.9,35114.0,50.0
KXNBAGAME-26MAR15DALCLE,5m,1773602700,included,1773602700.0,0.0,0.895,0.89,0.9,0.010000000000000009,0.9,328624.0,57.0
KXNBAGAME-26MAR15DETTOR,24h,1773516600,bar_too_old,,840.0,,,,,,,
KXNBAGAME-26MAR15DETTOR,6h,1773581400,included,1773581400.0,0.0,0.39,0.38,0.4,0.020000000000000018,0.4,2284.0,22.0
KXNBAGAME-26MAR15DETTOR,1h,1773599400,included,1773599400.0,0.0,0.395,0.39,0.4,0.010000000000000009,0.4,6364.0,42.0
KXNBAGAME-26MAR15DETTOR,5m,1773602700,included,1773602700.0,0.0,0.415,0.41,0.42,0.010000000000000009,0.42,112831.0,57.0
KXNBAGAME-26MAR15INDMIL,24h,1773516600,included,1773516600.0,0.0,0.705,0.7,0.71,0.010000000000000009,,157.0,6.0
KXNBAGAME-26MAR15INDMIL,6h,1773581400,included,1773581400.0,0.0,0.735,0.73,0.74,0.010000000000000009,,1140.0,25.0
KXNBAGAME-26MAR15INDMIL,1h,1773599400,included,1773599400.0,0.0,0.755,0.75,0.76,0.010000000000000009,0.76,104006.0,51.0
KXNBAGAME-26MAR15INDMIL,5m,1773602700,included,1773602700.0,0.0,0.735,0.73,0.74,0.010000000000000009,0.74,53022.0,55.0
KXNBAGAME-26MAR15PORPHI,24h,1773525600,bar_too_old,,1680.0,,,,,,,
KXNBAGAME-26MAR15PORPHI,6h,1773590400,included,1773590400.0,0.0,0.255,0.25,0.26,0.010000000000000009,0.26,24264.0,45.0
KXNBAGAME-26MAR15PORPHI,1h,1773608400,included,1773608400.0,0.0,0.25,0.24,0.26,0.020000000000000018,0.26,16798.0,59.0
KXNBAGAME-26MAR15PORPHI,5m,1773611700,included,1773611700.0,0.0,0.255,0.25,0.26,0.010000000000000009,0.25,232340.0,60.0
KXNBAGAME-26MAR15GSWNYK,24h,1773532800,included,1773532740.0,60.0,0.86,0.85,0.87,0.020000000000000018,,2293.0,17.0
KXNBAGAME-26MAR15GSWNYK,6h,1773597600,included,1773597600.0,0.0,0.885,0.88,0.89,0.010000000000000009,,6040.0,51.0
KXNBAGAME-26MAR15GSWNYK,1h,1773615600,included,1773615600.0,0.0,0.885,0.88,0.89,0.010000000000000009,0.89,262855.0,60.0
KXNBAGAME-26MAR15GSWNYK,5m,1773618900,included,1773618900.0,0.0,0.875,0.87,0.88,0.010000000000000009,0.88,180475.0,60.0
KXNBAGAME-26MAR15UTASAC,24h,1773540000,included,1773540000.0,0.0,0.535,0.53,0.54,0.010000000000000009,0.53,449.0,12.0
KXNBAGAME-26MAR15UTASAC,6h,1773604800,included,1773604800.0,0.0,0.595,0.59,0.6,0.010000000000000009,0.6,8157.0,55.0
KXNBAGAME-26MAR15UTASAC,1h,1773622800,included,1773622800.0,0.0,0.59,0.58,0.6,0.020000000000000018,0.6,123428.0,60.0
KXNBAGAME-26MAR15UTASAC,5m,1773626100,included,1773626100.0,0.0,0.595,0.59,0.6,0.010000000000000009,0.6,101678.0,60.0
KXNBAGAME-26MAR16GSWWAS,24h,1773615600,included,1773615600.0,0.0,0.295,0.29,0.3,0.010000000000000009,0.3,324.0,12.0
KXNBAGAME-26MAR16GSWWAS,6h,1773680400,included,1773680400.0,0.0,0.275,0.27,0.28,0.010000000000000009,0.28,4680.0,44.0
KXNBAGAME-26MAR16GSWWAS,1h,1773698400,included,1773698400.0,0.0,0.255,0.25,0.26,0.010000000000000009,0.26,38046.0,60.0
KXNBAGAME-26MAR16GSWWAS,5m,1773701700,included,1773701700.0,0.0,0.265,0.26,0.27,0.010000000000000009,0.27,62524.0,60.0
KXNBAGAME-26MAR16ORLATL,24h,1773615600,included,1773615600.0,0.0,0.55,0.54,0.56,0.020000000000000018,0.56,21895.0,33.0
KXNBAGAME-26MAR16ORLATL,6h,1773680400,included,1773680400.0,0.0,0.585,0.58,0.59,0.010000000000000009,0.58,127557.0,54.0
KXNBAGAME-26MAR16ORLATL,1h,1773698400,included,1773698400.0,0.0,0.595,0.59,0.6,0.010000000000000009,0.6,108682.0,60.0
KXNBAGAME-26MAR16ORLATL,5m,1773701700,included,1773701700.0,0.0,0.595,0.59,0.6,0.010000000000000009,0.6,202857.0,60.0
KXNBAGAME-26MAR16PHXBOS,24h,1773617400,bar_too_old,,420.0,,,,,,,
KXNBAGAME-26MAR16PHXBOS,6h,1773682200,included,1773682200.0,0.0,0.775,0.77,0.78,0.010000000000000009,0.78,6957.0,48.0
KXNBAGAME-26MAR16PHXBOS,1h,1773700200,included,1773700200.0,0.0,0.775,0.77,0.78,0.010000000000000009,0.78,56598.0,58.0
KXNBAGAME-26MAR16PHXBOS,5m,1773703500,included,1773703500.0,0.0,0.775,0.77,0.78,0.010000000000000009,0.78,48052.0,60.0
KXNBAGAME-26MAR16PORBKN,24h,1773617400,included,1773617400.0,0.0,0.235,0.23,0.24,0.009999999999999981,,3507.0,26.0
KXNBAGAME-26MAR16PORBKN,6h,1773682200,included,1773682200.0,0.0,0.195,0.19,0.2,0.010000000000000009,0.2,5002.0,44.0
KXNBAGAME-26MAR16PORBKN,1h,1773700200,included,1773700200.0,0.0,0.185,0.18,0.19,0.010000000000000009,0.19,26511.0,58.0
KXNBAGAME-26MAR16PORBKN,5m,1773703500,included,1773703500.0,0.0,0.185,0.18,0.19,0.010000000000000009,0.19,107099.0,60.0
KXNBAGAME-26MAR16DALNOP,24h,1773619200,included,1773619200.0,0.0,0.735,0.73,0.74,0.010000000000000009,,1199.0,9.0
KXNBAGAME-26MAR16DALNOP,6h,1773684000,included,1773684000.0,0.0,0.755,0.75,0.76,0.010000000000000009,0.76,1765.0,30.0
KXNBAGAME-26MAR16DALNOP,1h,1773702000,included,1773702000.0,0.0,0.755,0.75,0.76,0.010000000000000009,0.76,4741.0,39.0
KXNBAGAME-26MAR16DALNOP,5m,1773705300,included,1773705300.0,0.0,0.745,0.74,0.75,0.010000000000000009,0.75,6393.0,48.0
KXNBAGAME-26MAR16MEMCHI,24h,1773619200,included,1773619200.0,0.0,0.695,0.69,0.7,0.010000000000000009,,39.0,4.0
KXNBAGAME-26MAR16MEMCHI,6h,1773684000,included,1773684000.0,0.0,0.715,0.71,0.72,0.010000000000000009,0.72,2410.0,29.0
KXNBAGAME-26MAR16MEMCHI,1h,1773702000,included,1773702000.0,0.0,0.705,0.7,0.71,0.010000000000000009,0.71,5198.0,42.0
KXNBAGAME-26MAR16MEMCHI,5m,1773705300,included,1773705300.0,0.0,0.715,0.71,0.72,0.010000000000000009,0.72,9436.0,52.0
KXNBAGAME-26MAR16LALHOU,24h,1773624600,included,1773624540.0,60.0,0.555,0.55,0.56,0.010000000000000009,,1297.0,11.0
KXNBAGAME-26MAR16LALHOU,6h,1773689400,included,1773689400.0,0.0,0.545,0.54,0.55,0.010000000000000009,0.55,30415.0,52.0
KXNBAGAME-26MAR16LALHOU,1h,1773707400,included,1773707400.0,0.0,0.485,0.48,0.49,0.010000000000000009,0.49,61882.0,60.0
KXNBAGAME-26MAR16LALHOU,5m,1773710700,included,1773710700.0,0.0,0.485,0.48,0.49,0.010000000000000009,0.49,139031.0,60.0
KXNBAGAME-26MAR16SASLAC,24h,1773626400,included,1773626400.0,0.0,0.235,0.23,0.24,0.009999999999999981,,1137.0,28.0
KXNBAGAME-26MAR16SASLAC,6h,1773691200,included,1773691200.0,0.0,0.255,0.25,0.26,0.010000000000000009,0.26,4578.0,43.0
KXNBAGAME-26MAR16SASLAC,1h,1773709200,included,1773709200.0,0.0,0.255,0.25,0.26,0.010000000000000009,0.26,29333.0,60.0
KXNBAGAME-26MAR16SASLAC,5m,1773712500,included,1773712500.0,0.0,0.255,0.25,0.26,0.010000000000000009,0.26,52468.0,60.0
KXNBAGAME-26MAR17DETWAS,24h,1773702000,bar_too_old,,180.0,,,,,,,
KXNBAGAME-26MAR17DETWAS,6h,1773766800,included,1773766800.0,0.0,0.065,0.06,0.07,0.010000000000000009,0.07,28173.0,53.0
KXNBAGAME-26MAR17DETWAS,1h,1773784800,included,1773784800.0,0.0,0.055,0.05,0.06,0.009999999999999995,0.06,153545.0,60.0
KXNBAGAME-26MAR17DETWAS,5m,1773788100,included,1773788100.0,0.0,0.055,0.05,0.06,0.009999999999999995,0.06,248469.0,60.0
KXNBAGAME-26MAR17MIACHA,24h,1773702000,bar_too_old,,240.0,,,,,,,
KXNBAGAME-26MAR17MIACHA,6h,1773766800,included,1773766800.0,0.0,0.645,0.64,0.65,0.010000000000000009,0.65,32754.0,49.0
KXNBAGAME-26MAR17MIACHA,1h,1773784800,included,1773784800.0,0.0,0.645,0.64,0.65,0.010000000000000009,0.65,50054.0,60.0
KXNBAGAME-26MAR17MIACHA,5m,1773788100,included,1773788100.0,0.0,0.655,0.65,0.66,0.010000000000000009,0.66,155304.0,60.0
KXNBAGAME-26MAR17OKCORL,24h,1773702000,bar_too_old,,240.0,,,,,,,
KXNBAGAME-26MAR17OKCORL,6h,1773766800,included,1773766800.0,0.0,0.20500000000000002,0.2,0.21,0.009999999999999981,0.21,5068.0,40.0
KXNBAGAME-26MAR17OKCORL,1h,1773784800,included,1773784800.0,0.0,0.20500000000000002,0.2,0.21,0.009999999999999981,0.21,35400.0,49.0
KXNBAGAME-26MAR17OKCORL,5m,1773788100,included,1773788100.0,0.0,0.20500000000000002,0.2,0.21,0.009999999999999981,0.21,66080.0,60.0
KXNBAGAME-26MAR17INDNYK,24h,1773703800,included,1773703740.0,60.0,0.87,0.86,0.88,0.020000000000000018,,33.0,3.0
KXNBAGAME-26MAR17INDNYK,6h,1773768600,included,1773768540.0,60.0,0.875,0.87,0.88,0.010000000000000009,,23493.0,28.0
KXNBAGAME-26MAR17INDNYK,1h,1773786600,included,1773786600.0,0.0,0.875,0.87,0.88,0.010000000000000009,0.88,5770.0,44.0
KXNBAGAME-26MAR17INDNYK,5m,1773789900,included,1773789900.0,0.0,0.875,0.87,0.88,0.010000000000000009,0.88,20377.0,58.0
KXNBAGAME-26MAR17CLEMIL,24h,1773705600,included,1773705540.0,60.0,0.21000000000000002,0.2,0.22,0.01999999999999999,0.22,123.0,10.0
KXNBAGAME-26MAR17CLEMIL,6h,1773770400,included,1773770280.0,120.0,0.195,0.19,0.2,0.010000000000000009,0.2,5080.0,32.0
KXNBAGAME-26MAR17CLEMIL,1h,1773788400,included,1773788400.0,0.0,0.155,0.15,0.16,0.010000000000000009,0.16,26506.0,56.0
KXNBAGAME-26MAR17CLEMIL,5m,1773791700,included,1773791700.0,0.0,0.165,0.16,0.17,0.010000000000000009,0.17,22256.0,60.0
KXNBAGAME-26MAR17PHXMIN,24h,1773705600,bar_too_old,,300.0,,,,,,,
KXNBAGAME-26MAR17PHXMIN,6h,1773770400,included,1773770400.0,0.0,0.595,0.59,0.6,0.010000000000000009,0.6,5550.0,47.0
KXNBAGAME-26MAR17PHXMIN,1h,1773788400,included,1773788400.0,0.0,0.595,0.59,0.6,0.010000000000000009,0.6,23470.0,59.0
KXNBAGAME-26MAR17PHXMIN,5m,1773791700,included,1773791700.0,0.0,0.595,0.59,0.6,0.010000000000000009,0.6,59960.0,60.0
KXNBAGAME-26MAR17PHIDEN,24h,1773712800,included,1773712800.0,0.0,0.895,0.89,0.9,0.010000000000000009,,1742.0,9.0
KXNBAGAME-26MAR17PHIDEN,6h,1773777600,included,1773777600.0,0.0,0.905,0.9,0.91,0.010000000000000009,0.91,2727.0,22.0
KXNBAGAME-26MAR17PHIDEN,1h,1773795600,included,1773795600.0,0.0,0.905,0.9,0.91,0.010000000000000009,,3751.0,38.0
KXNBAGAME-26MAR17PHIDEN,5m,1773798900,included,1773798900.0,0.0,0.905,0.9,0.91,0.010000000000000009,0.91,132261.0,54.0
KXNBAGAME-26MAR17SASSAC,24h,1773712800,included,1773712680.0,120.0,0.155,0.15,0.16,0.010000000000000009,0.16,174.0,5.0
KXNBAGAME-26MAR17SASSAC,6h,1773777600,included,1773777600.0,0.0,0.125,0.12,0.13,0.010000000000000009,0.13,16654.0,39.0
KXNBAGAME-26MAR17SASSAC,1h,1773795600,included,1773795600.0,0.0,0.135,0.13,0.14,0.010000000000000009,0.14,29384.0,53.0
KXNBAGAME-26MAR17SASSAC,5m,1773798900,included,1773798900.0,0.0,0.135,0.13,0.14,0.010000000000000009,0.14,130542.0,59.0
KXNBAGAME-26MAR18GSWBOS,24h,1773788400,included,1773788400.0,0.0,0.845,0.84,0.85,0.010000000000000009,,194.0,3.0
KXNBAGAME-26MAR18GSWBOS,6h,1773853200,included,1773853200.0,0.0,0.855,0.85,0.86,0.010000000000000009,0.85,62764.0,48.0
KXNBAGAME-26MAR18GSWBOS,1h,1773871200,included,1773871200.0,0.0,0.845,0.84,0.85,0.010000000000000009,0.85,88901.0,59.0
KXNBAGAME-26MAR18GSWBOS,5m,1773874500,included,1773874500.0,0.0,0.845,0.84,0.85,0.010000000000000009,0.85,300613.0,60.0
KXNBAGAME-26MAR18OKCBKN,24h,1773790200,bar_too_old,,180.0,,,,,,,
KXNBAGAME-26MAR18OKCBKN,6h,1773855000,included,1773854940.0,60.0,0.055,0.05,0.06,0.009999999999999995,0.06,16008.0,46.0
KXNBAGAME-26MAR18OKCBKN,1h,1773873000,included,1773873000.0,0.0,0.055,0.05,0.06,0.009999999999999995,0.06,63404.0,59.0
KXNBAGAME-26MAR18OKCBKN,5m,1773876300,included,1773876300.0,0.0,0.055,0.05,0.06,0.009999999999999995,0.06,170852.0,60.0
KXNBAGAME-26MAR18PORIND,24h,1773790200,included,1773790140.0,60.0,0.175,0.17,0.18,0.009999999999999981,,6.0,2.0
KXNBAGAME-26MAR18PORIND,6h,1773855000,included,1773855000.0,0.0,0.135,0.13,0.14,0.010000000000000009,0.14,13623.0,41.0
KXNBAGAME-26MAR18PORIND,1h,1773873000,included,1773873000.0,0.0,0.135,0.13,0.14,0.010000000000000009,0.14,15028.0,55.0
KXNBAGAME-26MAR18PORIND,5m,1773876300,included,1773876300.0,0.0,0.14500000000000002,0.14,0.15,0.009999999999999981,0.15,75337.0,59.0
KXNBAGAME-26MAR18LACNOP,24h,1773792000,included,1773791940.0,60.0,0.495,0.49,0.5,0.010000000000000009,0.5,67.0,6.0
KXNBAGAME-26MAR18LACNOP,6h,1773856800,included,1773856800.0,0.0,0.565,0.56,0.57,0.009999999999999898,0.57,4244.0,40.0
KXNBAGAME-26MAR18LACNOP,1h,1773874800,included,1773874800.0,0.0,0.46499999999999997,0.46,0.47,0.009999999999999953,0.47,62404.0,58.0
KXNBAGAME-26MAR18LACNOP,5m,1773878100,included,1773878100.0,0.0,0.455,0.45,0.46,0.010000000000000009,0.46,37329.0,60.0
KXNBAGAME-26MAR18TORCHI,24h,1773792000,bar_too_old,,300.0,,,,,,,
KXNBAGAME-26MAR18TORCHI,6h,1773856800,included,1773856800.0,0.0,0.27,0.26,0.28,0.020000000000000018,0.28,4367.0,24.0
KXNBAGAME-26MAR18TORCHI,1h,1773874800,included,1773874800.0,0.0,0.275,0.27,0.28,0.010000000000000009,0.28,10924.0,53.0
KXNBAGAME-26MAR18TORCHI,5m,1773878100,included,1773878100.0,0.0,0.265,0.26,0.27,0.010000000000000009,0.27,17257.0,57.0
KXNBAGAME-26MAR18UTAMIN,24h,1773792000,included,1773791880.0,120.0,0.875,0.87,0.88,0.010000000000000009,,0.0,0.0
KXNBAGAME-26MAR18UTAMIN,6h,1773856800,included,1773856740.0,60.0,0.875,0.87,0.88,0.010000000000000009,0.88,3534.0,22.0
KXNBAGAME-26MAR18UTAMIN,1h,1773874800,included,1773874800.0,0.0,0.875,0.87,0.88,0.010000000000000009,0.88,14925.0,43.0
KXNBAGAME-26MAR18UTAMIN,5m,1773878100,included,1773878100.0,0.0,0.875,0.87,0.88,0.010000000000000009,0.88,74903.0,49.0
KXNBAGAME-26MAR18ATLDAL,24h,1773793800,bar_too_old,,360.0,,,,,,,
KXNBAGAME-26MAR18ATLDAL,6h,1773858600,included,1773858600.0,0.0,0.245,0.24,0.25,0.010000000000000009,0.25,5893.0,34.0
KXNBAGAME-26MAR18ATLDAL,1h,1773876600,included,1773876600.0,0.0,0.255,0.25,0.26,0.010000000000000009,0.26,21370.0,59.0
KXNBAGAME-26MAR18ATLDAL,5m,1773879900,included,1773879900.0,0.0,0.255,0.25,0.26,0.010000000000000009,0.26,30232.0,57.0
KXNBAGAME-26MAR18DENMEM,24h,1773793800,included,1773793680.0,120.0,0.125,0.12,0.13,0.010000000000000009,,2187.0,3.0
KXNBAGAME-26MAR18DENMEM,6h,1773858600,included,1773858600.0,0.0,0.125,0.12,0.13,0.010000000000000009,0.13,579.0,15.0
KXNBAGAME-26MAR18DENMEM,1h,1773876600,included,1773876600.0,0.0,0.125,0.12,0.13,0.010000000000000009,,5454.0,44.0
KXNBAGAME-26MAR18DENMEM,5m,1773879900,included,1773879900.0,0.0,0.125,0.12,0.13,0.010000000000000009,0.13,8762.0,47.0
KXNBAGAME-26MAR18LALHOU,24h,1773797400,included,1773797400.0,0.0,0.555,0.55,0.56,0.010000000000000009,,1021.0,13.0
KXNBAGAME-26MAR18LALHOU,6h,1773862200,included,1773862200.0,0.0,0.535,0.53,0.54,0.010000000000000009,0.54,22533.0,54.0
KXNBAGAME-26MAR18LALHOU,1h,1773880200,included,1773880200.0,0.0,0.545,0.54,0.55,0.010000000000000009,0.55,46340.0,60.0
KXNBAGAME-26MAR18LALHOU,5m,1773883500,included,1773883500.0,0.0,0.545,0.54,0.55,0.010000000000000009,0.55,299704.0,60.0
KXNBAGAME-26MAR19DETWAS,24h,1773874800,included,1773874740.0,60.0,0.10500000000000001,0.1,0.11,0.009999999999999995,,1186.0,7.0
KXNBAGAME-26MAR19DETWAS,6h,1773939600,included,1773939600.0,0.0,0.10500000000000001,0.1,0.11,0.009999999999999995,0.11,16272.0,53.0
KXNBAGAME-26MAR19DETWAS,1h,1773957600,included,1773957600.0,0.0,0.10500000000000001,0.1,0.11,0.009999999999999995,0.11,46553.0,60.0
KXNBAGAME-26MAR19DETWAS,5m,1773960900,included,1773960900.0,0.0,0.10500000000000001,0.1,0.11,0.009999999999999995,0.11,88558.0,59.0
KXNBAGAME-26MAR19ORLCHA,24h,1773874800,included,1773874800.0,0.0,0.61,0.6,0.62,0.020000000000000018,,670.0,13.0
KXNBAGAME-26MAR19ORLCHA,6h,1773939600,included,1773939600.0,0.0,0.66,0.65,0.67,0.020000000000000018,0.65,26914.0,43.0
KXNBAGAME-26MAR19ORLCHA,1h,1773957600,included,1773957540.0,60.0,0.67,0.66,0.68,0.020000000000000018,0.68,27963.0,57.0
KXNBAGAME-26MAR19ORLCHA,5m,1773960900,included,1773960900.0,0.0,0.665,0.66,0.67,0.010000000000000009,0.67,72170.0,59.0
KXNBAGAME-26MAR19CLECHI,24h,1773878400,bar_too_old,,360.0,,,,,,,
KXNBAGAME-26MAR19CLECHI,6h,1773943200,included,1773943200.0,0.0,0.175,0.17,0.18,0.009999999999999981,,1967.0,29.0
KXNBAGAME-26MAR19CLECHI,1h,1773961200,included,1773961200.0,0.0,0.195,0.19,0.2,0.010000000000000009,0.2,288273.0,52.0
KXNBAGAME-26MAR19CLECHI,5m,1773964500,included,1773964500.0,0.0,0.195,0.19,0.2,0.010000000000000009,0.2,92574.0,54.0
KXNBAGAME-26MAR19LACNOP,24h,1773878400,included,1773878400.0,0.0,0.475,0.46,0.49,0.02999999999999997,0.49,2908.0,21.0
KXNBAGAME-26MAR19LACNOP,6h,1773943200,included,1773943200.0,0.0,0.525,0.52,0.53,0.010000000000000009,,2912.0,20.0
KXNBAGAME-26MAR19LACNOP,1h,1773961200,included,1773961200.0,0.0,0.595,0.59,0.6,0.010000000000000009,0.6,99375.0,54.0
KXNBAGAME-26MAR19LACNOP,5m,1773964500,included,1773964500.0,0.0,0.605,0.6,0.61,0.010000000000000009,0.61,86089.0,58.0
KXNBAGAME-26MAR19LALMIA,24h,1773878400,included,1773878400.0,0.0,0.54,0.53,0.55,0.020000000000000018,,90.0,5.0
KXNBAGAME-26MAR19LALMIA,6h,1773943200,included,1773943200.0,0.0,0.655,0.65,0.66,0.010000000000000009,0.66,150946.0,38.0
KXNBAGAME-26MAR19LALMIA,1h,1773961200,included,1773961200.0,0.0,0.615,0.61,0.62,0.010000000000000009,0.62,140468.0,59.0
KXNBAGAME-26MAR19LALMIA,5m,1773964500,included,1773964500.0,0.0,0.585,0.58,0.59,0.010000000000000009,0.59,133908.0,59.0
KXNBAGAME-26MAR19PHXSAS,24h,1773878400,bar_too_old,,300.0,,,,,,,
KXNBAGAME-26MAR19PHXSAS,6h,1773943200,included,1773943200.0,0.0,0.795,0.79,0.8,0.010000000000000009,0.8,16597.0,40.0
KXNBAGAME-26MAR19PHXSAS,1h,1773961200,included,1773961200.0,0.0,0.805,0.8,0.81,0.010000000000000009,0.81,45402.0,56.0
KXNBAGAME-26MAR19PHXSAS,5m,1773964500,included,1773964500.0,0.0,0.805,0.8,0.81,0.010000000000000009,0.81,159269.0,58.0
KXNBAGAME-26MAR19MILUTA,24h,1773882000,bar_too_old,,1080.0,,,,,,,
KXNBAGAME-26MAR19MILUTA,6h,1773946800,included,1773946800.0,0.0,0.325,0.32,0.33,0.010000000000000009,0.33,1882.0,20.0
KXNBAGAME-26MAR19MILUTA,1h,1773964800,included,1773964800.0,0.0,0.315,0.31,0.32,0.010000000000000009,0.32,14788.0,42.0
KXNBAGAME-26MAR19MILUTA,5m,1773968100,included,1773968100.0,0.0,0.315,0.31,0.32,0.010000000000000009,0.32,15325.0,52.0
KXNBAGAME-26MAR19PHISAC,24h,1773885600,included,1773885600.0,0.0,0.385,0.38,0.39,0.010000000000000009,,2138.0,6.0
KXNBAGAME-26MAR19PHISAC,6h,1773950400,included,1773950400.0,0.0,0.425,0.42,0.43,0.010000000000000009,,1554.0,20.0
KXNBAGAME-26MAR19PHISAC,1h,1773968400,included,1773968400.0,0.0,0.435,0.43,0.44,0.010000000000000009,0.44,10611.0,53.0
KXNBAGAME-26MAR19PHISAC,5m,1773971700,included,1773971700.0,0.0,0.435,0.43,0.44,0.010000000000000009,0.44,29672.0,59.0
KXNBAGAME-26MAR20GSWDET,24h,1773963000,bar_too_old,,180.0,,,,,,,
KXNBAGAME-26MAR20GSWDET,6h,1774027800,included,1774027800.0,0.0,0.655,0.65,0.66,0.010000000000000009,0.66,33727.0,49.0
KXNBAGAME-26MAR20GSWDET,1h,1774045800,included,1774045800.0,0.0,0.665,0.66,0.67,0.010000000000000009,0.67,133109.0,58.0
KXNBAGAME-26MAR20GSWDET,5m,1774049100,included,1774049100.0,0.0,0.675,0.67,0.68,0.010000000000000009,0.68,295491.0,60.0
KXNBAGAME-26MAR20NYKBKN,24h,1773963000,included,1773963000.0,0.0,0.07500000000000001,0.07,0.08,0.009999999999999995,0.08,600.0,12.0
KXNBAGAME-26MAR20NYKBKN,6h,1774027800,included,1774027800.0,0.0,0.065,0.06,0.07,0.010000000000000009,0.06,161999.0,50.0
KXNBAGAME-26MAR20NYKBKN,1h,1774045800,included,1774045800.0,0.0,0.065,0.06,0.07,0.010000000000000009,0.07,16393.0,54.0
KXNBAGAME-26MAR20NYKBKN,5m,1774049100,included,1774049100.0,0.0,0.065,0.06,0.07,0.010000000000000009,0.07,79572.0,60.0
KXNBAGAME-26MAR20ATLHOU,24h,1773964800,included,1773964740.0,60.0,0.615,0.61,0.62,0.010000000000000009,0.62,220.0,8.0
KXNBAGAME-26MAR20ATLHOU,6h,1774029600,included,1774029600.0,0.0,0.585,0.58,0.59,0.010000000000000009,0.59,111332.0,49.0
KXNBAGAME-26MAR20ATLHOU,1h,1774047600,included,1774047600.0,0.0,0.585,0.58,0.59,0.010000000000000009,0.59,109414.0,59.0
KXNBAGAME-26MAR20ATLHOU,5m,1774050900,included,1774050900.0,0.0,0.595,0.59,0.6,0.010000000000000009,0.6,117610.0,60.0
KXNBAGAME-26MAR20BOSMEM,24h,1773964800,included,1773964680.0,120.0,0.095,0.09,0.1,0.010000000000000009,,996.0,17.0
KXNBAGAME-26MAR20BOSMEM,6h,1774029600,included,1774029480.0,120.0,0.095,0.09,0.1,0.010000000000000009,0.1,2362.0,27.0
KXNBAGAME-26MAR20BOSMEM,1h,1774047600,included,1774047600.0,0.0,0.08499999999999999,0.08,0.09,0.009999999999999995,0.09,31051.0,54.0
KXNBAGAME-26MAR20BOSMEM,5m,1774050900,included,1774050900.0,0.0,0.095,0.09,0.1,0.010000000000000009,0.1,237033.0,56.0
KXNBAGAME-26MAR20PORMIN,24h,1773964800,included,1773964740.0,60.0,0.565,0.56,0.57,0.009999999999999898,,134.0,7.0
KXNBAGAME-26MAR20PORMIN,6h,1774029600,included,1774029600.0,0.0,0.555,0.55,0.56,0.010000000000000009,0.56,5438.0,46.0
KXNBAGAME-26MAR20PORMIN,1h,1774047600,included,1774047600.0,0.0,0.515,0.51,0.52,0.010000000000000009,0.52,92592.0,59.0
KXNBAGAME-26MAR20PORMIN,5m,1774050900,included,1774050900.0,0.0,0.495,0.49,0.5,0.010000000000000009,0.5,123733.0,60.0
KXNBAGAME-26MAR20TORDEN,24h,1773968400,bar_too_old,,240.0,,,,,,,
KXNBAGAME-26MAR20TORDEN,6h,1774033200,included,1774033200.0,0.0,0.725,0.72,0.73,0.010000000000000009,0.73,2974.0,39.0
KXNBAGAME-26MAR20TORDEN,1h,1774051200,included,1774051200.0,0.0,0.715,0.71,0.72,0.010000000000000009,0.72,30124.0,57.0
KXNBAGAME-26MAR20TORDEN,5m,1774054500,included,1774054500.0,0.0,0.705,0.7,0.71,0.010000000000000009,0.71,29256.0,58.0
KXNBAGAME-26MAR21OKCWAS,24h,1774040400,included,1774040340.0,60.0,0.055,0.05,0.06,0.009999999999999995,0.06,2226.0,12.0
KXNBAGAME-26MAR21OKCWAS,6h,1774105200,included,1774105200.0,0.0,0.045,0.04,0.05,0.010000000000000002,0.05,16725.0,43.0
KXNBAGAME-26MAR21OKCWAS,1h,1774123200,included,1774123200.0,0.0,0.035,0.03,0.04,0.010000000000000002,0.04,32943.0,53.0
KXNBAGAME-26MAR21OKCWAS,5m,1774126500,included,1774126500.0,0.0,0.035,0.03,0.04,0.010000000000000002,0.04,84522.0,59.0
KXNBAGAME-26MAR21CLENOP,24h,1774047600,bar_too_old,,240.0,,,,,,,
KXNBAGAME-26MAR21CLENOP,6h,1774112400,included,1774112400.0,0.0,0.355,0.35,0.36,0.010000000000000009,,3716.0,28.0
KXNBAGAME-26MAR21CLENOP,1h,1774130400,included,1774130400.0,0.0,0.345,0.34,0.35,0.009999999999999953,,19819.0,44.0
KXNBAGAME-26MAR21CLENOP,5m,1774133700,included,1774133700.0,0.0,0.355,0.35,0.36,0.010000000000000009,0.36,20695.0,46.0
KXNBAGAME-26MAR21LALORL,24h,1774047600,included,1774047600.0,0.0,0.405,0.4,0.41,0.009999999999999953,,630.0,16.0
KXNBAGAME-26MAR21LALORL,6h,1774112400,included,1774112280.0,120.0,0.415,0.41,0.42,0.010000000000000009,0.42,6510.0,33.0
KXNBAGAME-26MAR21LALORL,1h,1774130400,included,1774130400.0,0.0,0.385,0.38,0.39,0.010000000000000009,0.39,29694.0,50.0
KXNBAGAME-26MAR21LALORL,5m,1774133700,included,1774133700.0,0.0,0.415,0.41,0.42,0.010000000000000009,0.41,39533.0,58.0
KXNBAGAME-26MAR21MEMCHA,24h,1774047600,included,1774047480.0,120.0,0.885,0.88,0.89,0.010000000000000009,,603.0,2.0
KXNBAGAME-26MAR21MEMCHA,6h,1774112400,included,1774112400.0,0.0,0.925,0.92,0.93,0.010000000000000009,,1296.0,20.0
KXNBAGAME-26MAR21MEMCHA,1h,1774130400,included,1774130340.0,60.0,0.935,0.93,0.94,0.009999999999999898,,1392.0,21.0
KXNBAGAME-26MAR21MEMCHA,5m,1774133700,included,1774133700.0,0.0,0.935,0.93,0.94,0.009999999999999898,0.94,16743.0,29.0
KXNBAGAME-26MAR21GSWATL,24h,1774051200,included,1774051140.0,60.0,0.74,0.73,0.75,0.020000000000000018,0.75,259.0,4.0
KXNBAGAME-26MAR21GSWATL,6h,1774116000,included,1774116000.0,0.0,0.795,0.79,0.8,0.010000000000000009,0.8,20501.0,22.0
KXNBAGAME-26MAR21GSWATL,1h,1774134000,included,1774134000.0,0.0,0.775,0.77,0.78,0.010000000000000009,,21251.0,45.0
KXNBAGAME-26MAR21GSWATL,5m,1774137300,included,1774137300.0,0.0,0.745,0.74,0.75,0.010000000000000009,0.75,51868.0,56.0
KXNBAGAME-26MAR21INDSAS,24h,1774051200,included,1774051200.0,0.0,0.945,0.94,0.95,0.010000000000000009,,5684.0,12.0
KXNBAGAME-26MAR21INDSAS,6h,1774116000,included,1774116000.0,0.0,0.935,0.93,0.94,0.009999999999999898,,19575.0,20.0
KXNBAGAME-26MAR21INDSAS,1h,1774134000,included,1774134000.0,0.0,0.935,0.93,0.94,0.009999999999999898,,14761.0,29.0
KXNBAGAME-26MAR21INDSAS,5m,1774137300,included,1774137300.0,0.0,0.915,0.91,0.92,0.010000000000000009,0.92,239972.0,46.0
KXNBAGAME-26MAR21MIAHOU,24h,1774051200,included,1774051080.0,120.0,0.52,0.51,0.53,0.020000000000000018,0.53,1154.0,13.0
KXNBAGAME-26MAR21MIAHOU,6h,1774116000,included,1774116000.0,0.0,0.575,0.57,0.58,0.010000000000000009,0.58,10568.0,46.0
KXNBAGAME-26MAR21MIAHOU,1h,1774134000,included,1774134000.0,0.0,0.585,0.58,0.59,0.010000000000000009,0.59,75692.0,57.0
KXNBAGAME-26MAR21MIAHOU,5m,1774137300,included,1774137300.0,0.0,0.565,0.56,0.57,0.009999999999999898,0.56,1311751.0,60.0
KXNBAGAME-26MAR21LACDAL,24h,1774053000,included,1774052880.0,120.0,0.28,0.27,0.29,0.019999999999999962,,174.0,3.0
KXNBAGAME-26MAR21LACDAL,6h,1774117800,included,1774117800.0,0.0,0.28500000000000003,0.28,0.29,0.009999999999999953,,3588.0,26.0
KXNBAGAME-26MAR21LACDAL,1h,1774135800,included,1774135800.0,0.0,0.28500000000000003,0.28,0.29,0.009999999999999953,0.29,6136.0,48.0
KXNBAGAME-26MAR21LACDAL,5m,1774139100,included,1774139100.0,0.0,0.295,0.29,0.3,0.010000000000000009,0.3,10820.0,48.0
KXNBAGAME-26MAR21PHIUTA,24h,1774056600,included,1774056600.0,0.0,0.28500000000000003,0.28,0.29,0.009999999999999953,,1531.0,4.0
KXNBAGAME-26MAR21PHIUTA,6h,1774121400,included,1774121400.0,0.0,0.325,0.32,0.33,0.010000000000000009,0.32,915.0,16.0
KXNBAGAME-26MAR21PHIUTA,1h,1774139400,included,1774139400.0,0.0,0.335,0.33,0.34,0.010000000000000009,0.34,3234.0,33.0
KXNBAGAME-26MAR21PHIUTA,5m,1774142700,included,1774142700.0,0.0,0.315,0.31,0.32,0.010000000000000009,0.32,103949.0,45.0
KXNBAGAME-26MAR21MILPHX,24h,1774058400,bar_too_old,,1020.0,,,,,,,
KXNBAGAME-26MAR21MILPHX,6h,1774123200,included,1774123080.0,120.0,0.835,0.83,0.84,0.010000000000000009,0.84,595.0,13.0
KXNBAGAME-26MAR21MILPHX,1h,1774141200,included,1774141140.0,60.0,0.835,0.83,0.84,0.010000000000000009,0.84,39096.0,34.0
KXNBAGAME-26MAR21MILPHX,5m,1774144500,included,1774144500.0,0.0,0.835,0.83,0.84,0.010000000000000009,0.84,105523.0,47.0
KXNBAGAME-26MAR22PORDEN,24h,1774126800,included,1774126740.0,60.0,0.74,0.73,0.75,0.020000000000000018,0.75,239.0,20.0
KXNBAGAME-26MAR22PORDEN,6h,1774191600,included,1774191600.0,0.0,0.775,0.77,0.78,0.010000000000000009,0.78,19866.0,48.0
KXNBAGAME-26MAR22PORDEN,1h,1774209600,included,1774209600.0,0.0,0.765,0.76,0.77,0.010000000000000009,0.77,165925.0,59.0
KXNBAGAME-26MAR22PORDEN,5m,1774212900,included,1774212900.0,0.0,0.755,0.75,0.76,0.010000000000000009,0.76,160920.0,60.0
KXNBAGAME-26MAR22BKNSAC,24h,1774130400,bar_too_old,,2220.0,,,,,,,
KXNBAGAME-26MAR22BKNSAC,6h,1774195200,included,1774195200.0,0.0,0.685,0.68,0.69,0.009999999999999898,0.69,4826.0,38.0
KXNBAGAME-26MAR22BKNSAC,1h,1774213200,included,1774213200.0,0.0,0.685,0.68,0.69,0.009999999999999898,0.69,56711.0,47.0
KXNBAGAME-26MAR22BKNSAC,5m,1774216500,included,1774216500.0,0.0,0.685,0.68,0.69,0.009999999999999898,0.69,20565.0,56.0
KXNBAGAME-26MAR22WASNYK,24h,1774135800,bar_too_old,,960.0,,,,,,,
KXNBAGAME-26MAR22WASNYK,6h,1774200600,included,1774200600.0,0.0,0.955,0.95,0.96,0.010000000000000009,0.96,2188.0,35.0
KXNBAGAME-26MAR22WASNYK,1h,1774218600,included,1774218600.0,0.0,0.955,0.95,0.96,0.010000000000000009,0.96,23886.0,35.0
KXNBAGAME-26MAR22WASNYK,5m,1774221900,included,1774221900.0,0.0,0.955,0.95,0.96,0.010000000000000009,0.96,35804.0,46.0
KXNBAGAME-26MAR22MINBOS,24h,1774137600,included,1774137600.0,0.0,0.775,0.77,0.78,0.010000000000000009,,184.0,6.0
KXNBAGAME-26MAR22MINBOS,6h,1774202400,included,1774202400.0,0.0,0.785,0.78,0.79,0.010000000000000009,0.79,5029.0,45.0
KXNBAGAME-26MAR22MINBOS,1h,1774220400,included,1774220400.0,0.0,0.785,0.78,0.79,0.010000000000000009,0.79,41476.0,59.0
KXNBAGAME-26MAR22MINBOS,5m,1774223700,included,1774223700.0,0.0,0.795,0.79,0.8,0.010000000000000009,0.8,919759.0,60.0
KXNBAGAME-26MAR22TORPHX,24h,1774141200,bar_too_old,,180.0,,,,,,,
KXNBAGAME-26MAR22TORPHX,6h,1774206000,included,1774206000.0,0.0,0.4,0.39,0.41,0.019999999999999962,0.41,10141.0,49.0
KXNBAGAME-26MAR22TORPHX,1h,1774224000,included,1774224000.0,0.0,0.395,0.39,0.4,0.010000000000000009,0.4,46270.0,60.0
KXNBAGAME-26MAR22TORPHX,5m,1774227300,included,1774227300.0,0.0,0.375,0.37,0.38,0.010000000000000009,0.38,179418.0,60.0
KXNBAGAME-26MAR23INDORL,24h,1774220400,included,1774220400.0,0.0,0.89,0.88,0.9,0.020000000000000018,,1696.0,7.0
KXNBAGAME-26MAR23INDORL,6h,1774285200,included,1774285200.0,0.0,0.875,0.87,0.88,0.010000000000000009,,8922.0,36.0
KXNBAGAME-26MAR23INDORL,1h,1774303200,included,1774303200.0,0.0,0.865,0.86,0.87,0.010000000000000009,0.86,19762.0,46.0
KXNBAGAME-26MAR23INDORL,5m,1774306500,included,1774306500.0,0.0,0.825,0.82,0.83,0.010000000000000009,0.83,95348.0,55.0
KXNBAGAME-26MAR23LALDET,24h,1774220400,included,1774220400.0,0.0,0.45,0.44,0.46,0.020000000000000018,,3743.0,34.0
KXNBAGAME-26MAR23LALDET,6h,1774285200,included,1774285200.0,0.0,0.46499999999999997,0.46,0.47,0.009999999999999953,0.46,9920.0,59.0
KXNBAGAME-26MAR23LALDET,1h,1774303200,included,1774303200.0,0.0,0.475,0.47,0.48,0.010000000000000009,0.48,87847.0,60.0
KXNBAGAME-26MAR23LALDET,5m,1774306500,included,1774306500.0,0.0,0.475,0.47,0.48,0.010000000000000009,0.48,240777.0,60.0
KXNBAGAME-26MAR23OKCPHI,24h,1774220400,included,1774220280.0,120.0,0.095,0.09,0.1,0.010000000000000009,0.1,1288.0,18.0
KXNBAGAME-26MAR23OKCPHI,6h,1774285200,included,1774285200.0,0.0,0.095,0.09,0.1,0.010000000000000009,0.1,10967.0,52.0
KXNBAGAME-26MAR23OKCPHI,1h,1774303200,included,1774303200.0,0.0,0.08499999999999999,0.08,0.09,0.009999999999999995,0.09,40525.0,59.0
KXNBAGAME-26MAR23OKCPHI,5m,1774306500,included,1774306500.0,0.0,0.08499999999999999,0.08,0.09,0.009999999999999995,0.09,177529.0,60.0
KXNBAGAME-26MAR23SASMIA,24h,1774220400,bar_too_old,,300.0,,,,,,,
KXNBAGAME-26MAR23SASMIA,6h,1774285200,included,1774285200.0,0.0,0.37,0.36,0.38,0.020000000000000018,,3032.0,29.0
KXNBAGAME-26MAR23SASMIA,1h,1774303200,included,1774303200.0,0.0,0.395,0.39,0.4,0.010000000000000009,0.4,21388.0,51.0
KXNBAGAME-26MAR23SASMIA,5m,1774306500,included,1774306500.0,0.0,0.395,0.39,0.4,0.010000000000000009,0.4,131092.0,60.0
KXNBAGAME-26MAR23MEMATL,24h,1774222200,included,1774222140.0,60.0,0.885,0.88,0.89,0.010000000000000009,,33.0,3.0
KXNBAGAME-26MAR23MEMATL,6h,1774287000,included,1774287000.0,0.0,0.885,0.88,0.89,0.010000000000000009,0.89,713.0,10.0
KXNBAGAME-26MAR23MEMATL,1h,1774305000,included,1774305000.0,0.0,0.875,0.87,0.88,0.010000000000000009,0.89,49359.0,43.0
KXNBAGAME-26MAR23MEMATL,5m,1774308300,included,1774308300.0,0.0,0.885,0.88,0.89,0.010000000000000009,0.89,6553.0,49.0
KXNBAGAME-26MAR23HOUCHI,24h,1774224000,included,1774224000.0,0.0,0.2,0.19,0.21,0.01999999999999999,0.2,824.0,3.0
KXNBAGAME-26MAR23HOUCHI,6h,1774288800,included,1774288800.0,0.0,0.245,0.24,0.25,0.010000000000000009,,797.0,24.0
KXNBAGAME-26MAR23HOUCHI,1h,1774306800,included,1774306800.0,0.0,0.225,0.22,0.23,0.010000000000000009,0.23,11978.0,39.0
KXNBAGAME-26MAR23HOUCHI,5m,1774310100,included,1774310100.0,0.0,0.225,0.22,0.23,0.010000000000000009,0.22,8924.0,57.0
KXNBAGAME-26MAR23TORUTA,24h,1774227600,included,1774227540.0,60.0,0.125,0.12,0.13,0.010000000000000009,,271.0,7.0
KXNBAGAME-26MAR23TORUTA,6h,1774292400,included,1774292400.0,0.0,0.175,0.17,0.18,0.009999999999999981,0.18,2067.0,26.0
KXNBAGAME-26MAR23TORUTA,1h,1774310400,included,1774310400.0,0.0,0.185,0.18,0.19,0.010000000000000009,0.19,11171.0,50.0
KXNBAGAME-26MAR23TORUTA,5m,1774313700,included,1774313700.0,0.0,0.185,0.18,0.19,0.010000000000000009,0.19,31149.0,57.0
KXNBAGAME-26MAR23GSWDAL,24h,1774229400,bar_too_old,,240.0,,,,,,,
KXNBAGAME-26MAR23GSWDAL,6h,1774294200,included,1774294200.0,0.0,0.46499999999999997,0.46,0.47,0.009999999999999953,0.47,9346.0,46.0
KXNBAGAME-26MAR23GSWDAL,1h,1774312200,included,1774312200.0,0.0,0.46499999999999997,0.46,0.47,0.009999999999999953,0.47,46200.0,59.0
KXNBAGAME-26MAR23GSWDAL,5m,1774315500,included,1774315500.0,0.0,0.435,0.43,0.44,0.010000000000000009,0.43,98939.0,60.0
KXNBAGAME-26MAR23BKNPOR,24h,1774231200,bar_too_old,,240.0,,,,,,,
KXNBAGAME-26MAR23BKNPOR,6h,1774296000,included,1774295940.0,60.0,0.905,0.9,0.91,0.010000000000000009,,1408.0,18.0
KXNBAGAME-26MAR23BKNPOR,1h,1774314000,included,1774313940.0,60.0,0.905,0.9,0.91,0.010000000000000009,0.91,16255.0,30.0
KXNBAGAME-26MAR23BKNPOR,5m,1774317300,included,1774317300.0,0.0,0.905,0.9,0.91,0.010000000000000009,0.91,103822.0,46.0
KXNBAGAME-26MAR23MILLAC,24h,1774233000,included,1774233000.0,0.0,0.865,0.86,0.87,0.010000000000000009,,552.0,6.0
KXNBAGAME-26MAR23MILLAC,6h,1774297800,included,1774297800.0,0.0,0.865,0.86,0.87,0.010000000000000009,0.86,626.0,22.0
KXNBAGAME-26MAR23MILLAC,1h,1774315800,included,1774315800.0,0.0,0.875,0.87,0.88,0.010000000000000009,0.88,8991.0,41.0
KXNBAGAME-26MAR23MILLAC,5m,1774319100,included,1774319100.0,0.0,0.875,0.87,0.88,0.010000000000000009,0.88,47628.0,56.0
KXNBAGAME-26MAR24SACCHA,24h,1774306800,included,1774306680.0,120.0,0.895,0.89,0.9,0.010000000000000009,,981.0,11.0
KXNBAGAME-26MAR24SACCHA,6h,1774371600,included,1774371600.0,0.0,0.925,0.92,0.93,0.010000000000000009,0.93,12139.0,33.0
KXNBAGAME-26MAR24SACCHA,1h,1774389600,included,1774389600.0,0.0,0.925,0.92,0.93,0.010000000000000009,0.93,31533.0,51.0
KXNBAGAME-26MAR24SACCHA,5m,1774392900,included,1774392900.0,0.0,0.935,0.93,0.94,0.009999999999999898,0.93,181816.0,55.0
KXNBAGAME-26MAR24NOPNYK,24h,1774308600,included,1774308540.0,60.0,0.775,0.77,0.78,0.010000000000000009,,356.0,16.0
KXNBAGAME-26MAR24NOPNYK,6h,1774373400,included,1774373400.0,0.0,0.755,0.75,0.76,0.010000000000000009,0.75,19665.0,55.0
KXNBAGAME-26MAR24NOPNYK,1h,1774391400,included,1774391400.0,0.0,0.765,0.76,0.77,0.010000000000000009,0.77,100248.0,60.0
KXNBAGAME-26MAR24NOPNYK,5m,1774394700,included,1774394700.0,0.0,0.765,0.76,0.77,0.010000000000000009,0.77,270686.0,60.0
KXNBAGAME-26MAR24ORLCLE,24h,1774310400,included,1774310280.0,120.0,0.73,0.72,0.74,0.020000000000000018,0.74,33.0,2.0
KXNBAGAME-26MAR24ORLCLE,6h,1774375200,included,1774375200.0,0.0,0.805,0.8,0.81,0.010000000000000009,0.81,2940.0,33.0
KXNBAGAME-26MAR24ORLCLE,1h,1774393200,included,1774393200.0,0.0,0.805,0.8,0.81,0.010000000000000009,0.81,35726.0,55.0
KXNBAGAME-26MAR24ORLCLE,5m,1774396500,included,1774396500.0,0.0,0.805,0.8,0.81,0.010000000000000009,0.81,39518.0,60.0
KXNBAGAME-26MAR24DENPHX,24h,1774321200,included,1774321200.0,0.0,0.33999999999999997,0.33,0.35,0.019999999999999962,0.35,660.0,20.0
KXNBAGAME-26MAR24DENPHX,6h,1774386000,included,1774385880.0,120.0,0.315,0.31,0.32,0.010000000000000009,0.32,14822.0,55.0
KXNBAGAME-26MAR24DENPHX,1h,1774404000,included,1774404000.0,0.0,0.315,0.31,0.32,0.010000000000000009,0.32,65294.0,60.0
KXNBAGAME-26MAR24DENPHX,5m,1774407300,included,1774407300.0,0.0,0.325,0.32,0.33,0.010000000000000009,0.33,559861.0,60.0
KXNBAGAME-26MAR25ATLDET,24h,1774393200,included,1774393200.0,0.0,0.59,0.58,0.6,0.020000000000000018,0.58,6810.0,43.0
KXNBAGAME-26MAR25ATLDET,6h,1774458000,included,1774458000.0,0.0,0.585,0.58,0.59,0.010000000000000009,0.59,23459.0,59.0
KXNBAGAME-26MAR25ATLDET,1h,1774476000,included,1774476000.0,0.0,0.565,0.56,0.57,0.009999999999999898,0.57,96201.0,60.0
KXNBAGAME-26MAR25ATLDET,5m,1774479300,included,1774479300.0,0.0,0.565,0.56,0.57,0.009999999999999898,0.57,200253.0,60.0
KXNBAGAME-26MAR25CHIPHI,24h,1774393200,included,1774393200.0,0.0,0.695,0.69,0.7,0.010000000000000009,0.71,149.0,8.0
KXNBAGAME-26MAR25CHIPHI,6h,1774458000,included,1774458000.0,0.0,0.695,0.69,0.7,0.010000000000000009,0.7,15275.0,37.0
KXNBAGAME-26MAR25CHIPHI,1h,1774476000,included,1774476000.0,0.0,0.695,0.69,0.7,0.010000000000000009,0.7,9786.0,49.0
KXNBAGAME-26MAR25CHIPHI,5m,1774479300,included,1774479300.0,0.0,0.705,0.7,0.71,0.010000000000000009,0.71,59531.0,54.0
KXNBAGAME-26MAR25LALIND,24h,1774393200,included,1774393200.0,0.0,0.14500000000000002,0.14,0.15,0.009999999999999981,,1576.0,16.0
KXNBAGAME-26MAR25LALIND,6h,1774458000,included,1774458000.0,0.0,0.165,0.16,0.17,0.010000000000000009,0.17,7744.0,40.0
KXNBAGAME-26MAR25LALIND,1h,1774476000,included,1774476000.0,0.0,0.215,0.21,0.22,0.010000000000000009,0.22,15368.0,48.0
KXNBAGAME-26MAR25LALIND,5m,1774479300,included,1774479300.0,0.0,0.215,0.21,0.22,0.010000000000000009,0.22,118750.0,60.0
KXNBAGAME-26MAR25MIACLE,24h,1774395000,bar_too_old,,360.0,,,,,,,
KXNBAGAME-26MAR25MIACLE,6h,1774459800,included,1774459800.0,0.0,0.575,0.57,0.58,0.010000000000000009,0.58,25998.0,52.0
KXNBAGAME-26MAR25MIACLE,1h,1774477800,included,1774477800.0,0.0,0.575,0.57,0.58,0.010000000000000009,0.58,39713.0,58.0
KXNBAGAME-26MAR25MIACLE,5m,1774481100,included,1774481100.0,0.0,0.565,0.56,0.57,0.009999999999999898,0.57,84630.0,60.0
KXNBAGAME-26MAR25OKCBOS,24h,1774395000,included,1774394940.0,60.0,0.405,0.4,0.41,0.009999999999999953,0.41,1788.0,35.0
KXNBAGAME-26MAR25OKCBOS,6h,1774459800,included,1774459800.0,0.0,0.445,0.44,0.45,0.010000000000000009,0.45,9444.0,43.0
KXNBAGAME-26MAR25OKCBOS,1h,1774477800,included,1774477800.0,0.0,0.435,0.43,0.44,0.010000000000000009,0.44,38635.0,60.0
KXNBAGAME-26MAR25OKCBOS,5m,1774481100,included,1774481100.0,0.0,0.445,0.44,0.45,0.010000000000000009,0.45,156603.0,60.0
KXNBAGAME-26MAR25SASMEM,24h,1774396800,included,1774396800.0,0.0,0.08,0.07,0.09,0.01999999999999999,0.09,752.0,17.0
KXNBAGAME-26MAR25SASMEM,6h,1774461600,included,1774461600.0,0.0,0.07500000000000001,0.07,0.08,0.009999999999999995,0.08,16132.0,39.0
KXNBAGAME-26MAR25SASMEM,1h,1774479600,included,1774479600.0,0.0,0.07500000000000001,0.07,0.08,0.009999999999999995,0.08,89333.0,54.0
KXNBAGAME-26MAR25SASMEM,5m,1774482900,included,1774482900.0,0.0,0.07500000000000001,0.07,0.08,0.009999999999999995,0.08,1090370.0,59.0
KXNBAGAME-26MAR25WASUTA,24h,1774400400,bar_too_old,,180.0,,,,,,,
KXNBAGAME-26MAR25WASUTA,6h,1774465200,included,1774465200.0,0.0,0.62,0.61,0.63,0.020000000000000018,0.63,5911.0,27.0
KXNBAGAME-26MAR25WASUTA,1h,1774483200,included,1774483200.0,0.0,0.595,0.59,0.6,0.010000000000000009,0.6,14749.0,51.0
KXNBAGAME-26MAR25WASUTA,5m,1774486500,included,1774486500.0,0.0,0.595,0.59,0.6,0.010000000000000009,0.6,29086.0,56.0
KXNBAGAME-26MAR25HOUMIN,24h,1774402200,bar_too_old,,180.0,,,,,,,
KXNBAGAME-26MAR25HOUMIN,6h,1774467000,included,1774467000.0,0.0,0.45999999999999996,0.45,0.47,0.019999999999999962,0.47,17548.0,43.0
KXNBAGAME-26MAR25HOUMIN,1h,1774485000,included,1774485000.0,0.0,0.46499999999999997,0.46,0.47,0.009999999999999953,0.47,33359.0,58.0
KXNBAGAME-26MAR25HOUMIN,5m,1774488300,included,1774488300.0,0.0,0.46499999999999997,0.46,0.47,0.009999999999999953,0.47,36997.0,60.0
KXNBAGAME-26MAR25BKNGSW,24h,1774404000,included,1774404000.0,0.0,0.84,0.83,0.85,0.020000000000000018,,139.0,4.0
KXNBAGAME-26MAR25BKNGSW,6h,1774468800,included,1774468800.0,0.0,0.845,0.84,0.85,0.010000000000000009,,5509.0,21.0
KXNBAGAME-26MAR25BKNGSW,1h,1774486800,included,1774486800.0,0.0,0.845,0.84,0.85,0.010000000000000009,0.84,62894.0,47.0
KXNBAGAME-26MAR25BKNGSW,5m,1774490100,included,1774490100.0,0.0,0.845,0.84,0.85,0.010000000000000009,0.85,86850.0,49.0
KXNBAGAME-26MAR25DALDEN,24h,1774404000,included,1774404000.0,0.0,0.88,0.87,0.89,0.020000000000000018,,509.0,4.0
KXNBAGAME-26MAR25DALDEN,6h,1774468800,included,1774468800.0,0.0,0.845,0.84,0.85,0.010000000000000009,0.85,5762.0,29.0
KXNBAGAME-26MAR25DALDEN,1h,1774486800,included,1774486740.0,60.0,0.845,0.84,0.85,0.010000000000000009,0.85,23128.0,41.0
KXNBAGAME-26MAR25DALDEN,5m,1774490100,included,1774490100.0,0.0,0.845,0.84,0.85,0.010000000000000009,0.85,65705.0,50.0
KXNBAGAME-26MAR25MILPOR,24h,1774404000,included,1774404000.0,0.0,0.84,0.83,0.85,0.020000000000000018,0.85,1907.0,7.0
KXNBAGAME-26MAR25MILPOR,6h,1774468800,included,1774468800.0,0.0,0.86,0.85,0.87,0.020000000000000018,0.86,2192.0,17.0
KXNBAGAME-26MAR25MILPOR,1h,1774486800,included,1774486800.0,0.0,0.885,0.88,0.89,0.010000000000000009,0.89,86992.0,30.0
KXNBAGAME-26MAR25MILPOR,5m,1774490100,included,1774490100.0,0.0,0.895,0.89,0.9,0.010000000000000009,,107291.0,43.0
KXNBAGAME-26MAR25TORLAC,24h,1774405800,included,1774405800.0,0.0,0.615,0.61,0.62,0.010000000000000009,,425.0,10.0
KXNBAGAME-26MAR25TORLAC,6h,1774470600,included,1774470600.0,0.0,0.625,0.62,0.63,0.010000000000000009,0.63,14361.0,25.0
KXNBAGAME-26MAR25TORLAC,1h,1774488600,included,1774488600.0,0.0,0.615,0.61,0.62,0.010000000000000009,0.62,20038.0,48.0
KXNBAGAME-26MAR25TORLAC,5m,1774491900,included,1774491900.0,0.0,0.615,0.61,0.62,0.010000000000000009,0.62,88719.0,58.0
KXNBAGAME-26MAR26NOPDET,24h,1774479600,included,1774479600.0,0.0,0.65,0.64,0.66,0.020000000000000018,,462.0,8.0
KXNBAGAME-26MAR26NOPDET,6h,1774544400,included,1774544400.0,0.0,0.635,0.63,0.64,0.010000000000000009,0.64,31544.0,56.0
KXNBAGAME-26MAR26NOPDET,1h,1774562400,included,1774562400.0,0.0,0.645,0.64,0.65,0.010000000000000009,0.65,125052.0,60.0
KXNBAGAME-26MAR26NOPDET,5m,1774565700,included,1774565700.0,0.0,0.665,0.66,0.67,0.010000000000000009,0.67,184868.0,60.0
KXNBAGAME-26MAR26NYKCHA,24h,1774479600,bar_too_old,,180.0,,,,,,,
KXNBAGAME-26MAR26NYKCHA,6h,1774544400,included,1774544400.0,0.0,0.525,0.52,0.53,0.010000000000000009,0.53,23043.0,49.0
KXNBAGAME-26MAR26NYKCHA,1h,1774562400,included,1774562400.0,0.0,0.545,0.54,0.55,0.010000000000000009,0.55,85113.0,58.0
KXNBAGAME-26MAR26NYKCHA,5m,1774565700,included,1774565700.0,0.0,0.555,0.55,0.56,0.010000000000000009,0.56,129824.0,60.0
KXNBAGAME-26MAR26SACORL,24h,1774479600,included,1774479540.0,60.0,0.895,0.89,0.9,0.010000000000000009,,383.0,5.0
KXNBAGAME-26MAR26SACORL,6h,1774544400,included,1774544400.0,0.0,0.905,0.9,0.91,0.010000000000000009,0.9,6309.0,38.0
KXNBAGAME-26MAR26SACORL,1h,1774562400,included,1774562400.0,0.0,0.905,0.9,0.91,0.010000000000000009,0.91,21847.0,38.0
KXNBAGAME-26MAR26SACORL,5m,1774565700,included,1774565700.0,0.0,0.905,0.9,0.91,0.010000000000000009,0.91,119273.0,50.0
KXNBAGAME-26MAR27LACIND,24h,1774566000,included,1774565880.0,120.0,0.215,0.21,0.22,0.010000000000000009,0.21,498.0,10.0
KXNBAGAME-26MAR27LACIND,6h,1774630800,included,1774630800.0,0.0,0.225,0.22,0.23,0.010000000000000009,,585.0,21.0
KXNBAGAME-26MAR27LACIND,1h,1774648800,included,1774648800.0,0.0,0.215,0.21,0.22,0.010000000000000009,0.21,8474.0,34.0
KXNBAGAME-26MAR27LACIND,5m,1774652100,included,1774652100.0,0.0,0.215,0.21,0.22,0.010000000000000009,0.22,17333.0,53.0
KXNBAGAME-26MAR27ATLBOS,24h,1774567800,included,1774567740.0,60.0,0.685,0.68,0.69,0.009999999999999898,0.69,4147.0,38.0
KXNBAGAME-26MAR27ATLBOS,6h,1774632600,included,1774632600.0,0.0,0.655,0.65,0.66,0.010000000000000009,0.66,21956.0,56.0
KXNBAGAME-26MAR27ATLBOS,1h,1774650600,included,1774650600.0,0.0,0.675,0.67,0.68,0.010000000000000009,0.68,41971.0,59.0
KXNBAGAME-26MAR27ATLBOS,5m,1774653900,included,1774653900.0,0.0,0.665,0.66,0.67,0.010000000000000009,0.67,166510.0,59.0
KXNBAGAME-26MAR27MIACLE,24h,1774567800,included,1774567800.0,0.0,0.635,0.63,0.64,0.010000000000000009,0.64,1890.0,19.0
KXNBAGAME-26MAR27MIACLE,6h,1774632600,included,1774632600.0,0.0,0.665,0.66,0.67,0.010000000000000009,0.67,5894.0,38.0
KXNBAGAME-26MAR27MIACLE,1h,1774650600,included,1774650600.0,0.0,0.675,0.67,0.68,0.010000000000000009,0.68,142626.0,54.0
KXNBAGAME-26MAR27MIACLE,5m,1774653900,included,1774653900.0,0.0,0.675,0.67,0.68,0.010000000000000009,0.68,50916.0,55.0
KXNBAGAME-26MAR27CHIOKC,24h,1774569600,included,1774569600.0,0.0,0.945,0.94,0.95,0.010000000000000009,,111.0,5.0
KXNBAGAME-26MAR27CHIOKC,6h,1774634400,included,1774634340.0,60.0,0.95,0.94,0.96,0.020000000000000018,0.96,91130.0,24.0
KXNBAGAME-26MAR27CHIOKC,1h,1774652400,included,1774652400.0,0.0,0.945,0.94,0.95,0.010000000000000009,,32314.0,41.0
KXNBAGAME-26MAR27CHIOKC,5m,1774655700,included,1774655700.0,0.0,0.945,0.94,0.95,0.010000000000000009,0.95,33050.0,44.0
KXNBAGAME-26MAR27HOUMEM,24h,1774569600,included,1774569600.0,0.0,0.11499999999999999,0.11,0.12,0.009999999999999995,0.12,511.0,7.0
KXNBAGAME-26MAR27HOUMEM,6h,1774634400,included,1774634400.0,0.0,0.125,0.12,0.13,0.010000000000000009,0.13,1319.0,13.0
KXNBAGAME-26MAR27HOUMEM,1h,1774652400,included,1774652400.0,0.0,0.11499999999999999,0.11,0.12,0.009999999999999995,0.12,8750.0,46.0
KXNBAGAME-26MAR27HOUMEM,5m,1774655700,included,1774655700.0,0.0,0.11499999999999999,0.11,0.12,0.009999999999999995,0.12,19187.0,50.0
KXNBAGAME-26MAR27NOPTOR,24h,1774571400,bar_too_old,,300.0,,,,,,,
KXNBAGAME-26MAR27NOPTOR,6h,1774636200,included,1774636200.0,0.0,0.765,0.76,0.77,0.010000000000000009,0.77,4413.0,27.0
KXNBAGAME-26MAR27NOPTOR,1h,1774654200,included,1774654200.0,0.0,0.755,0.75,0.76,0.010000000000000009,0.76,26274.0,37.0
KXNBAGAME-26MAR27NOPTOR,5m,1774657500,included,1774657500.0,0.0,0.755,0.75,0.76,0.010000000000000009,0.75,22100.0,42.0
KXNBAGAME-26MAR27UTADEN,24h,1774573200,bar_too_old,,180.0,,,,,,,
KXNBAGAME-26MAR27UTADEN,6h,1774638000,included,1774638000.0,0.0,0.935,0.93,0.94,0.009999999999999898,,516.0,17.0
KXNBAGAME-26MAR27UTADEN,1h,1774656000,included,1774656000.0,0.0,0.945,0.94,0.95,0.010000000000000009,,1149.0,22.0
KXNBAGAME-26MAR27UTADEN,5m,1774659300,included,1774659300.0,0.0,0.955,0.95,0.96,0.010000000000000009,,8263.0,30.0
KXNBAGAME-26MAR27DALPOR,24h,1774576800,included,1774576800.0,0.0,0.785,0.78,0.79,0.010000000000000009,,61.0,6.0
KXNBAGAME-26MAR27DALPOR,6h,1774641600,included,1774641600.0,0.0,0.805,0.8,0.81,0.010000000000000009,0.81,3299.0,17.0
KXNBAGAME-26MAR27DALPOR,1h,1774659600,included,1774659600.0,0.0,0.815,0.81,0.82,0.009999999999999898,,10471.0,19.0
KXNBAGAME-26MAR27DALPOR,5m,1774662900,included,1774662900.0,0.0,0.815,0.81,0.82,0.009999999999999898,0.82,14842.0,35.0
KXNBAGAME-26MAR27WASGSW,24h,1774576800,included,1774576680.0,120.0,0.865,0.86,0.87,0.010000000000000009,,1403.0,7.0
KXNBAGAME-26MAR27WASGSW,6h,1774641600,included,1774641600.0,0.0,0.885,0.88,0.89,0.010000000000000009,0.88,648.0,12.0
KXNBAGAME-26MAR27WASGSW,1h,1774659600,included,1774659540.0,60.0,0.865,0.86,0.87,0.010000000000000009,,7567.0,22.0
KXNBAGAME-26MAR27WASGSW,5m,1774662900,included,1774662900.0,0.0,0.865,0.86,0.87,0.010000000000000009,0.87,8202.0,41.0
KXNBAGAME-26MAR27BKNLAL,24h,1774578600,included,1774578480.0,120.0,0.935,0.93,0.94,0.009999999999999898,,22012.0,14.0
KXNBAGAME-26MAR27BKNLAL,6h,1774643400,included,1774643400.0,0.0,0.935,0.93,0.94,0.009999999999999898,,59895.0,11.0
KXNBAGAME-26MAR27BKNLAL,1h,1774661400,included,1774661400.0,0.0,0.945,0.94,0.95,0.010000000000000009,0.95,29850.0,23.0
KXNBAGAME-26MAR27BKNLAL,5m,1774664700,included,1774664700.0,0.0,0.945,0.94,0.95,0.010000000000000009,0.95,39249.0,52.0
KXNBAGAME-26MAR28SASMIL,24h,1774638000,included,1774637880.0,120.0,0.08,0.07,0.09,0.01999999999999999,,794.0,5.0
KXNBAGAME-26MAR28SASMIL,6h,1774702800,included,1774702800.0,0.0,0.055,0.05,0.06,0.009999999999999995,0.06,10774.0,45.0
KXNBAGAME-26MAR28SASMIL,1h,1774720800,included,1774720800.0,0.0,0.065,0.06,0.07,0.010000000000000009,0.07,64743.0,57.0
KXNBAGAME-26MAR28SASMIL,5m,1774724100,included,1774724100.0,0.0,0.065,0.06,0.07,0.010000000000000009,0.07,134885.0,60.0
KXNBAGAME-26MAR28DETMIN,24h,1774647000,included,1774647000.0,0.0,0.48,0.47,0.49,0.020000000000000018,0.47,10682.0,11.0
KXNBAGAME-26MAR28DETMIN,6h,1774711800,included,1774711800.0,0.0,0.475,0.47,0.48,0.010000000000000009,0.49,23981.0,55.0
KXNBAGAME-26MAR28DETMIN,1h,1774729800,included,1774729800.0,0.0,0.46499999999999997,0.46,0.47,0.009999999999999953,0.47,40817.0,60.0
KXNBAGAME-26MAR28DETMIN,5m,1774733100,included,1774733100.0,0.0,0.46499999999999997,0.46,0.47,0.009999999999999953,0.47,150151.0,60.0
KXNBAGAME-26MAR28PHICHA,24h,1774648800,bar_too_old,,660.0,,,,,,,
KXNBAGAME-26MAR28PHICHA,6h,1774713600,included,1774713600.0,0.0,0.695,0.69,0.7,0.010000000000000009,0.7,10925.0,46.0
KXNBAGAME-26MAR28PHICHA,1h,1774731600,included,1774731600.0,0.0,0.695,0.69,0.7,0.010000000000000009,0.7,41661.0,57.0
KXNBAGAME-26MAR28PHICHA,5m,1774734900,included,1774734900.0,0.0,0.685,0.68,0.69,0.009999999999999898,0.69,44098.0,58.0
KXNBAGAME-26MAR28SACATL,24h,1774654200,included,1774654080.0,120.0,0.885,0.88,0.89,0.010000000000000009,,5579.0,6.0
KXNBAGAME-26MAR28SACATL,6h,1774719000,included,1774719000.0,0.0,0.885,0.88,0.89,0.010000000000000009,,5614.0,27.0
KXNBAGAME-26MAR28SACATL,1h,1774737000,included,1774737000.0,0.0,0.875,0.87,0.88,0.010000000000000009,,213513.0,45.0
KXNBAGAME-26MAR28SACATL,5m,1774740300,included,1774740300.0,0.0,0.865,0.86,0.87,0.010000000000000009,0.87,25852.0,54.0
KXNBAGAME-26MAR28CHIMEM,24h,1774656000,bar_too_old,,900.0,,,,,,,
KXNBAGAME-26MAR28CHIMEM,6h,1774720800,included,1774720800.0,0.0,0.375,0.37,0.38,0.010000000000000009,,2769.0,29.0
KXNBAGAME-26MAR28CHIMEM,1h,1774738800,included,1774738800.0,0.0,0.355,0.35,0.36,0.010000000000000009,0.36,10952.0,39.0
KXNBAGAME-26MAR28CHIMEM,5m,1774742100,included,1774742100.0,0.0,0.355,0.35,0.36,0.010000000000000009,0.36,32929.0,47.0
KXNBAGAME-26MAR28UTAPHX,24h,1774663200,bar_too_old,,180.0,,,,,,,
KXNBAGAME-26MAR28UTAPHX,6h,1774728000,included,1774728000.0,0.0,0.925,0.92,0.93,0.010000000000000009,0.93,10511.0,20.0
KXNBAGAME-26MAR28UTAPHX,1h,1774746000,included,1774746000.0,0.0,0.925,0.92,0.93,0.010000000000000009,0.93,12564.0,47.0
KXNBAGAME-26MAR28UTAPHX,5m,1774749300,included,1774749300.0,0.0,0.925,0.92,0.93,0.010000000000000009,0.93,63379.0,47.0
KXNBAGAME-26MAR29LACMIL,24h,1774726200,included,1774726200.0,0.0,0.14500000000000002,0.13,0.16,0.03,,107.0,3.0
KXNBAGAME-26MAR29LACMIL,6h,1774791000,included,1774791000.0,0.0,0.125,0.12,0.13,0.010000000000000009,,5827.0,24.0
KXNBAGAME-26MAR29LACMIL,1h,1774809000,included,1774809000.0,0.0,0.095,0.09,0.1,0.010000000000000009,0.1,33774.0,56.0
KXNBAGAME-26MAR29LACMIL,5m,1774812300,included,1774812300.0,0.0,0.08499999999999999,0.08,0.09,0.009999999999999995,0.09,154559.0,59.0
KXNBAGAME-26MAR29MIAIND,24h,1774731600,included,1774731600.0,0.0,0.22999999999999998,0.22,0.24,0.01999999999999999,,23.0,2.0
KXNBAGAME-26MAR29MIAIND,6h,1774796400,included,1774796400.0,0.0,0.225,0.22,0.23,0.010000000000000009,,1124.0,23.0
KXNBAGAME-26MAR29MIAIND,1h,1774814400,included,1774814400.0,0.0,0.25,0.24,0.26,0.020000000000000018,0.25,13194.0,44.0
KXNBAGAME-26MAR29MIAIND,5m,1774817700,included,1774817700.0,0.0,0.245,0.24,0.25,0.010000000000000009,0.25,29916.0,51.0
KXNBAGAME-26MAR29BOSCHA,24h,1774735200,included,1774735140.0,60.0,0.53,0.52,0.54,0.020000000000000018,,1422.0,10.0
KXNBAGAME-26MAR29BOSCHA,6h,1774800000,included,1774800000.0,0.0,0.515,0.51,0.52,0.010000000000000009,,17415.0,50.0
KXNBAGAME-26MAR29BOSCHA,1h,1774818000,included,1774818000.0,0.0,0.555,0.55,0.56,0.010000000000000009,0.56,74608.0,57.0
KXNBAGAME-26MAR29BOSCHA,5m,1774821300,included,1774821300.0,0.0,0.555,0.55,0.56,0.010000000000000009,0.56,486224.0,60.0
KXNBAGAME-26MAR29ORLTOR,24h,1774735200,included,1774735140.0,60.0,0.575,0.57,0.58,0.010000000000000009,0.58,57.0,6.0
KXNBAGAME-26MAR29ORLTOR,6h,1774800000,included,1774800000.0,0.0,0.555,0.55,0.56,0.010000000000000009,,4825.0,35.0
KXNBAGAME-26MAR29ORLTOR,1h,1774818000,included,1774818000.0,0.0,0.555,0.55,0.56,0.010000000000000009,0.56,25778.0,53.0
KXNBAGAME-26MAR29ORLTOR,5m,1774821300,included,1774821300.0,0.0,0.525,0.52,0.53,0.010000000000000009,0.53,115024.0,59.0
KXNBAGAME-26MAR29SACBKN,24h,1774735200,bar_too_old,,1200.0,,,,,,,
KXNBAGAME-26MAR29SACBKN,6h,1774800000,included,1774800000.0,0.0,0.485,0.48,0.49,0.010000000000000009,0.49,1062.0,26.0
KXNBAGAME-26MAR29SACBKN,1h,1774818000,included,1774818000.0,0.0,0.535,0.53,0.54,0.010000000000000009,0.54,18360.0,44.0
KXNBAGAME-26MAR29SACBKN,5m,1774821300,included,1774821300.0,0.0,0.525,0.52,0.53,0.010000000000000009,0.53,39671.0,58.0
KXNBAGAME-26MAR29WASPOR,24h,1774735200,included,1774735080.0,120.0,0.915,0.91,0.92,0.010000000000000009,0.92,4.0,1.0
KXNBAGAME-26MAR29WASPOR,6h,1774800000,included,1774799880.0,120.0,0.915,0.91,0.92,0.010000000000000009,,898.0,26.0
KXNBAGAME-26MAR29WASPOR,1h,1774818000,included,1774818000.0,0.0,0.925,0.92,0.93,0.010000000000000009,,6974.0,28.0
KXNBAGAME-26MAR29WASPOR,5m,1774821300,included,1774821300.0,0.0,0.925,0.92,0.93,0.010000000000000009,,80020.0,40.0
KXNBAGAME-26MAR29HOUNOP,24h,1774738800,included,1774738740.0,60.0,0.33,0.32,0.34,0.020000000000000018,,39.0,3.0
KXNBAGAME-26MAR29HOUNOP,6h,1774803600,included,1774803600.0,0.0,0.325,0.32,0.33,0.010000000000000009,,448.0,12.0
KXNBAGAME-26MAR29HOUNOP,1h,1774821600,included,1774821600.0,0.0,0.305,0.3,0.31,0.010000000000000009,0.31,3530.0,40.0
KXNBAGAME-26MAR29HOUNOP,5m,1774824900,included,1774824900.0,0.0,0.315,0.31,0.32,0.010000000000000009,0.32,5433.0,44.0
KXNBAGAME-26MAR29NYKOKC,24h,1774740600,bar_too_old,,300.0,,,,,,,
KXNBAGAME-26MAR29NYKOKC,6h,1774805400,included,1774805400.0,0.0,0.765,0.76,0.77,0.010000000000000009,,5302.0,40.0
KXNBAGAME-26MAR29NYKOKC,1h,1774823400,included,1774823400.0,0.0,0.755,0.75,0.76,0.010000000000000009,0.76,92849.0,59.0
KXNBAGAME-26MAR29NYKOKC,5m,1774826700,included,1774826700.0,0.0,0.755,0.75,0.76,0.010000000000000009,0.76,120961.0,57.0
KXNBAGAME-26MAR29GSWDEN,24h,1774749600,included,1774749540.0,60.0,0.845,0.84,0.85,0.010000000000000009,,1077.0,5.0
KXNBAGAME-26MAR29GSWDEN,6h,1774814400,included,1774814340.0,60.0,0.855,0.85,0.86,0.010000000000000009,0.86,4170.0,31.0
KXNBAGAME-26MAR29GSWDEN,1h,1774832400,included,1774832400.0,0.0,0.835,0.83,0.84,0.010000000000000009,0.84,183838.0,60.0
KXNBAGAME-26MAR29GSWDEN,5m,1774835700,included,1774835700.0,0.0,0.835,0.83,0.84,0.010000000000000009,0.83,362844.0,60.0
KXNBAGAME-26MAR30PHIMIA,24h,1774825200,included,1774825140.0,60.0,0.48,0.47,0.49,0.020000000000000018,,692.0,12.0
KXNBAGAME-26MAR30PHIMIA,6h,1774890000,included,1774890000.0,0.0,0.445,0.44,0.45,0.010000000000000009,0.45,6365.0,41.0
KXNBAGAME-26MAR30PHIMIA,1h,1774908000,included,1774908000.0,0.0,0.445,0.44,0.45,0.010000000000000009,0.45,22132.0,57.0
KXNBAGAME-26MAR30PHIMIA,5m,1774911300,included,1774911300.0,0.0,0.445,0.44,0.45,0.010000000000000009,0.45,59296.0,60.0
KXNBAGAME-26MAR30BOSATL,24h,1774827000,included,1774826940.0,60.0,0.505,0.49,0.52,0.030000000000000027,,1672.0,6.0
KXNBAGAME-26MAR30BOSATL,6h,1774891800,included,1774891800.0,0.0,0.545,0.54,0.55,0.010000000000000009,0.55,34767.0,59.0
KXNBAGAME-26MAR30BOSATL,1h,1774909800,included,1774909800.0,0.0,0.555,0.55,0.56,0.010000000000000009,0.56,54727.0,60.0
KXNBAGAME-26MAR30BOSATL,5m,1774913100,included,1774913100.0,0.0,0.565,0.56,0.57,0.009999999999999898,0.57,182086.0,60.0
KXNBAGAME-26MAR30CHISAS,24h,1774828800,bar_too_old,,360.0,,,,,,,
KXNBAGAME-26MAR30CHISAS,6h,1774893600,included,1774893600.0,0.0,0.945,0.94,0.95,0.010000000000000009,0.95,2283.0,30.0
KXNBAGAME-26MAR30CHISAS,1h,1774911600,included,1774911540.0,60.0,0.945,0.94,0.95,0.010000000000000009,0.95,84560.0,42.0
KXNBAGAME-26MAR30CHISAS,5m,1774914900,included,1774914900.0,0.0,0.945,0.94,0.95,0.010000000000000009,0.94,199349.0,48.0
KXNBAGAME-26MAR30PHXMEM,24h,1774828800,included,1774828680.0,120.0,0.135,0.13,0.14,0.010000000000000009,,1008.0,10.0
KXNBAGAME-26MAR30PHXMEM,6h,1774893600,included,1774893600.0,0.0,0.14500000000000002,0.14,0.15,0.009999999999999981,0.15,6604.0,31.0
KXNBAGAME-26MAR30PHXMEM,1h,1774911600,included,1774911540.0,60.0,0.135,0.13,0.14,0.010000000000000009,0.14,7285.0,45.0
KXNBAGAME-26MAR30PHXMEM,5m,1774914900,included,1774914900.0,0.0,0.135,0.13,0.14,0.010000000000000009,0.14,16571.0,52.0
KXNBAGAME-26MAR30MINDAL,24h,1774830600,included,1774830600.0,0.0,0.28500000000000003,0.28,0.29,0.009999999999999953,,1790.0,16.0
KXNBAGAME-26MAR30MINDAL,6h,1774895400,included,1774895400.0,0.0,0.275,0.27,0.28,0.010000000000000009,0.28,2398.0,28.0
KXNBAGAME-26MAR30MINDAL,1h,1774913400,included,1774913400.0,0.0,0.245,0.24,0.25,0.010000000000000009,,15366.0,50.0
KXNBAGAME-26MAR30MINDAL,5m,1774916700,included,1774916700.0,0.0,0.245,0.24,0.25,0.010000000000000009,0.25,24798.0,52.0
KXNBAGAME-26MAR30CLEUTA,24h,1774832400,included,1774832400.0,0.0,0.065,0.06,0.07,0.010000000000000009,,1781.0,25.0
KXNBAGAME-26MAR30CLEUTA,6h,1774897200,included,1774897200.0,0.0,0.07500000000000001,0.07,0.08,0.009999999999999995,,13163.0,24.0
KXNBAGAME-26MAR30CLEUTA,1h,1774915200,included,1774915200.0,0.0,0.07500000000000001,0.07,0.08,0.009999999999999995,0.08,18085.0,54.0
KXNBAGAME-26MAR30CLEUTA,5m,1774918500,included,1774918500.0,0.0,0.07500000000000001,0.07,0.08,0.009999999999999995,0.08,40383.0,58.0
KXNBAGAME-26MAR30DETOKC,24h,1774834200,included,1774834200.0,0.0,0.84,0.83,0.85,0.020000000000000018,0.85,1624.0,13.0
KXNBAGAME-26MAR30DETOKC,6h,1774899000,included,1774899000.0,0.0,0.845,0.84,0.85,0.010000000000000009,0.85,23417.0,38.0
KXNBAGAME-26MAR30DETOKC,1h,1774917000,included,1774917000.0,0.0,0.845,0.84,0.85,0.010000000000000009,0.85,80251.0,48.0
KXNBAGAME-26MAR30DETOKC,5m,1774920300,included,1774920300.0,0.0,0.845,0.84,0.85,0.010000000000000009,0.85,72660.0,55.0
KXNBAGAME-26MAR30WASLAL,24h,1774836000,included,1774835940.0,60.0,0.925,0.92,0.93,0.010000000000000009,,275.0,12.0
KXNBAGAME-26MAR30WASLAL,6h,1774900800,included,1774900680.0,120.0,0.925,0.92,0.93,0.010000000000000009,0.93,2624.0,26.0
KXNBAGAME-26MAR30WASLAL,1h,1774918800,included,1774918800.0,0.0,0.915,0.91,0.92,0.010000000000000009,0.92,20080.0,36.0
KXNBAGAME-26MAR30WASLAL,5m,1774922100,included,1774922100.0,0.0,0.915,0.91,0.92,0.010000000000000009,0.92,129840.0,54.0
KXNBAGAME-26MAR31PHXORL,24h,1774911600,included,1774911540.0,60.0,0.575,0.57,0.58,0.010000000000000009,,67.0,3.0
KXNBAGAME-26MAR31PHXORL,6h,1774976400,included,1774976400.0,0.0,0.545,0.54,0.55,0.010000000000000009,,4343.0,42.0
KXNBAGAME-26MAR31PHXORL,1h,1774994400,included,1774994400.0,0.0,0.535,0.53,0.54,0.010000000000000009,0.54,58903.0,59.0
KXNBAGAME-26MAR31PHXORL,5m,1774997700,included,1774997700.0,0.0,0.545,0.54,0.55,0.010000000000000009,0.55,100771.0,60.0
KXNBAGAME-26MAR31CHABKN,24h,1774913400,included,1774913280.0,120.0,0.095,0.09,0.1,0.010000000000000009,0.1,1290.0,14.0
KXNBAGAME-26MAR31CHABKN,6h,1774978200,included,1774978200.0,0.0,0.065,0.06,0.07,0.010000000000000009,,46023.0,53.0
KXNBAGAME-26MAR31CHABKN,1h,1774996200,included,1774996200.0,0.0,0.065,0.06,0.07,0.010000000000000009,0.07,84604.0,60.0
KXNBAGAME-26MAR31CHABKN,5m,1774999500,included,1774999500.0,0.0,0.065,0.06,0.07,0.010000000000000009,0.07,488873.0,60.0
KXNBAGAME-26MAR31DALMIL,24h,1774915200,bar_too_old,,600.0,,,,,,,
KXNBAGAME-26MAR31DALMIL,6h,1774980000,included,1774980000.0,0.0,0.46499999999999997,0.46,0.47,0.009999999999999953,0.47,8040.0,38.0
KXNBAGAME-26MAR31DALMIL,1h,1774998000,included,1774998000.0,0.0,0.455,0.45,0.46,0.010000000000000009,0.46,6343.0,49.0
KXNBAGAME-26MAR31DALMIL,5m,1775001300,included,1775001300.0,0.0,0.435,0.43,0.44,0.010000000000000009,0.44,23102.0,56.0
KXNBAGAME-26MAR31NYKHOU,24h,1774915200,included,1774915200.0,0.0,0.495,0.48,0.51,0.030000000000000027,,3033.0,7.0
KXNBAGAME-26MAR31NYKHOU,6h,1774980000,included,1774980000.0,0.0,0.49,0.48,0.5,0.020000000000000018,0.5,16885.0,50.0
KXNBAGAME-26MAR31NYKHOU,1h,1774998000,included,1774998000.0,0.0,0.495,0.49,0.5,0.010000000000000009,0.49,35899.0,60.0
KXNBAGAME-26MAR31NYKHOU,5m,1775001300,included,1775001300.0,0.0,0.495,0.49,0.5,0.010000000000000009,0.5,150338.0,60.0
KXNBAGAME-26MAR31TORDET,24h,1774915200,included,1774915200.0,0.0,0.605,0.6,0.61,0.010000000000000009,,316.0,5.0
KXNBAGAME-26MAR31TORDET,6h,1774980000,included,1774980000.0,0.0,0.595,0.59,0.6,0.010000000000000009,0.6,50846.0,52.0
KXNBAGAME-26MAR31TORDET,1h,1774998000,included,1774998000.0,0.0,0.595,0.59,0.6,0.010000000000000009,0.6,36756.0,59.0
KXNBAGAME-26MAR31TORDET,5m,1775001300,included,1775001300.0,0.0,0.59,0.58,0.6,0.020000000000000018,0.6,88110.0,58.0
KXNBAGAME-26MAR31CLELAL,24h,1774924200,bar_too_old,,180.0,,,,,,,
KXNBAGAME-26MAR31CLELAL,6h,1774989000,included,1774989000.0,0.0,0.545,0.54,0.55,0.010000000000000009,0.55,31788.0,59.0
KXNBAGAME-26MAR31CLELAL,1h,1775007000,included,1775007000.0,0.0,0.545,0.54,0.55,0.010000000000000009,0.55,66126.0,60.0
KXNBAGAME-26MAR31CLELAL,5m,1775010300,included,1775010300.0,0.0,0.555,0.55,0.56,0.010000000000000009,0.56,763783.0,60.0
KXNBAGAME-26MAR31PORLAC,24h,1774926000,included,1774925940.0,60.0,0.645,0.64,0.65,0.010000000000000009,0.65,720.0,15.0
KXNBAGAME-26MAR31PORLAC,6h,1774990800,included,1774990800.0,0.0,0.665,0.66,0.67,0.010000000000000009,0.67,11098.0,52.0
KXNBAGAME-26MAR31PORLAC,1h,1775008800,included,1775008800.0,0.0,0.635,0.63,0.64,0.010000000000000009,0.64,152385.0,58.0
KXNBAGAME-26MAR31PORLAC,5m,1775012100,included,1775012100.0,0.0,0.645,0.64,0.65,0.010000000000000009,0.65,539260.0,60.0
KXNBAGAME-26APR01ATLORL,24h,1774998000,included,1774998000.0,0.0,0.39,0.38,0.4,0.020000000000000018,,106.0,5.0
KXNBAGAME-26APR01ATLORL,6h,1775062800,included,1775062800.0,0.0,0.415,0.41,0.42,0.010000000000000009,0.42,8401.0,42.0
KXNBAGAME-26APR01ATLORL,1h,1775080800,included,1775080800.0,0.0,0.44,0.43,0.45,0.020000000000000018,0.45,93028.0,59.0
KXNBAGAME-26APR01ATLORL,5m,1775084100,included,1775084100.0,0.0,0.435,0.43,0.44,0.010000000000000009,0.44,184940.0,60.0
KXNBAGAME-26APR01PHIWAS,24h,1774998000,included,1774998000.0,0.0,0.095,0.09,0.1,0.010000000000000009,,874.0,11.0
KXNBAGAME-26APR01PHIWAS,6h,1775062800,included,1775062800.0,0.0,0.10500000000000001,0.1,0.11,0.009999999999999995,0.11,12802.0,39.0
KXNBAGAME-26APR01PHIWAS,1h,1775080800,included,1775080800.0,0.0,0.10500000000000001,0.1,0.11,0.009999999999999995,0.11,19288.0,54.0
KXNBAGAME-26APR01PHIWAS,5m,1775084100,included,1775084100.0,0.0,0.095,0.09,0.1,0.010000000000000009,0.1,114782.0,60.0
KXNBAGAME-26APR01BOSMIA,24h,1774999800,included,1774999740.0,60.0,0.355,0.35,0.36,0.010000000000000009,0.36,848.0,8.0
KXNBAGAME-26APR01BOSMIA,6h,1775064600,included,1775064600.0,0.0,0.375,0.37,0.38,0.010000000000000009,0.37,4310.0,34.0
KXNBAGAME-26APR01BOSMIA,1h,1775082600,included,1775082600.0,0.0,0.355,0.35,0.36,0.010000000000000009,0.36,42309.0,55.0
KXNBAGAME-26APR01BOSMIA,5m,1775085900,included,1775085900.0,0.0,0.365,0.36,0.37,0.010000000000000009,0.37,999456.0,60.0
KXNBAGAME-26APR01INDCHI,24h,1775001600,included,1775001540.0,60.0,0.61,0.6,0.62,0.020000000000000018,0.62,226.0,8.0
KXNBAGAME-26APR01INDCHI,6h,1775066400,included,1775066400.0,0.0,0.625,0.62,0.63,0.010000000000000009,0.63,17259.0,39.0
KXNBAGAME-26APR01INDCHI,1h,1775084400,included,1775084400.0,0.0,0.595,0.59,0.6,0.010000000000000009,0.6,49220.0,58.0
KXNBAGAME-26APR01INDCHI,5m,1775087700,included,1775087700.0,0.0,0.595,0.59,0.6,0.010000000000000009,0.6,49237.0,59.0
KXNBAGAME-26APR01MILHOU,24h,1775001600,included,1775001600.0,0.0,0.91,0.9,0.92,0.020000000000000018,,41.0,4.0
KXNBAGAME-26APR01MILHOU,6h,1775066400,included,1775066400.0,0.0,0.935,0.93,0.94,0.009999999999999898,,1218.0,13.0
KXNBAGAME-26APR01MILHOU,1h,1775084400,included,1775084400.0,0.0,0.94,0.93,0.95,0.019999999999999907,0.94,9709.0,37.0
KXNBAGAME-26APR01MILHOU,5m,1775087700,included,1775087700.0,0.0,0.945,0.94,0.95,0.010000000000000009,0.95,12878.0,41.0
KXNBAGAME-26APR01NYKMEM,24h,1775001600,included,1775001600.0,0.0,0.10500000000000001,0.1,0.11,0.009999999999999995,0.11,174.0,9.0
KXNBAGAME-26APR01NYKMEM,6h,1775066400,included,1775066400.0,0.0,0.11499999999999999,0.11,0.12,0.009999999999999995,,1326.0,17.0
KXNBAGAME-26APR01NYKMEM,1h,1775084400,included,1775084400.0,0.0,0.125,0.12,0.13,0.010000000000000009,0.13,84924.0,48.0
KXNBAGAME-26APR01NYKMEM,5m,1775087700,included,1775087700.0,0.0,0.125,0.12,0.13,0.010000000000000009,0.13,26427.0,52.0
KXNBAGAME-26APR01SACTOR,24h,1775001600,included,1775001540.0,60.0,0.885,0.88,0.89,0.010000000000000009,0.89,249.0,5.0
KXNBAGAME-26APR01SACTOR,6h,1775066400,included,1775066400.0,0.0,0.845,0.84,0.85,0.010000000000000009,0.85,3526.0,24.0
KXNBAGAME-26APR01SACTOR,1h,1775084400,included,1775084400.0,0.0,0.845,0.84,0.85,0.010000000000000009,0.85,25178.0,47.0
KXNBAGAME-26APR01SACTOR,5m,1775087700,included,1775087700.0,0.0,0.86,0.85,0.87,0.020000000000000018,,23716.0,49.0
KXNBAGAME-26APR01DENUTA,24h,1775005200,bar_too_old,,360.0,,,,,,,
KXNBAGAME-26APR01DENUTA,6h,1775070000,included,1775070000.0,0.0,0.07500000000000001,0.07,0.08,0.009999999999999995,0.08,3772.0,29.0
KXNBAGAME-26APR01DENUTA,1h,1775088000,included,1775088000.0,0.0,0.07500000000000001,0.07,0.08,0.009999999999999995,0.08,18490.0,54.0
KXNBAGAME-26APR01DENUTA,5m,1775091300,included,1775091300.0,0.0,0.07500000000000001,0.07,0.08,0.009999999999999995,0.08,69604.0,60.0
KXNBAGAME-26APR01SASGSW,24h,1775008800,included,1775008800.0,0.0,0.125,0.12,0.13,0.010000000000000009,0.13,5574.0,14.0
KXNBAGAME-26APR01SASGSW,6h,1775073600,included,1775073600.0,0.0,0.125,0.12,0.13,0.010000000000000009,0.12,18376.0,39.0
KXNBAGAME-26APR01SASGSW,1h,1775091600,included,1775091600.0,0.0,0.11499999999999999,0.11,0.12,0.009999999999999995,0.12,126506.0,59.0
KXNBAGAME-26APR01SASGSW,5m,1775094900,included,1775094900.0,0.0,0.10500000000000001,0.1,0.11,0.009999999999999995,0.11,133441.0,60.0
KXNBAGAME-26APR02MINDET,24h,1775084400,included,1775084400.0,0.0,0.585,0.58,0.59,0.010000000000000009,0.59,497.0,17.0
KXNBAGAME-26APR02MINDET,6h,1775149200,included,1775149200.0,0.0,0.605,0.6,0.61,0.010000000000000009,0.61,34014.0,52.0
KXNBAGAME-26APR02MINDET,1h,1775167200,included,1775167200.0,0.0,0.655,0.65,0.66,0.010000000000000009,0.66,238893.0,60.0
KXNBAGAME-26APR02MINDET,5m,1775170500,included,1775170500.0,0.0,0.665,0.66,0.67,0.010000000000000009,0.67,256223.0,60.0
KXNBAGAME-26APR02PHXCHA,24h,1775084400,included,1775084280.0,120.0,0.65,0.64,0.66,0.020000000000000018,,346.0,8.0
KXNBAGAME-26APR02PHXCHA,6h,1775149200,included,1775149200.0,0.0,0.665,0.66,0.67,0.010000000000000009,0.67,9377.0,46.0
KXNBAGAME-26APR02PHXCHA,1h,1775167200,included,1775167200.0,0.0,0.685,0.68,0.69,0.009999999999999898,0.69,50117.0,60.0
KXNBAGAME-26APR02PHXCHA,5m,1775170500,included,1775170500.0,0.0,0.675,0.67,0.68,0.010000000000000009,0.68,83818.0,60.0
KXNBAGAME-26APR02LALOKC,24h,1775093400,included,1775093400.0,0.0,0.745,0.74,0.75,0.010000000000000009,0.75,1087.0,27.0
KXNBAGAME-26APR02LALOKC,6h,1775158200,included,1775158200.0,0.0,0.76,0.75,0.77,0.020000000000000018,0.77,7009.0,53.0
KXNBAGAME-26APR02LALOKC,1h,1775176200,included,1775176200.0,0.0,0.765,0.76,0.77,0.010000000000000009,0.77,47420.0,59.0
KXNBAGAME-26APR02LALOKC,5m,1775179500,included,1775179500.0,0.0,0.765,0.76,0.77,0.010000000000000009,0.77,82237.0,60.0
KXNBAGAME-26APR02CLEGSW,24h,1775095200,included,1775095140.0,60.0,0.21500000000000002,0.2,0.23,0.03,0.23,496.0,9.0
KXNBAGAME-26APR02CLEGSW,6h,1775160000,included,1775160000.0,0.0,0.195,0.19,0.2,0.010000000000000009,0.2,5429.0,34.0
KXNBAGAME-26APR02CLEGSW,1h,1775178000,included,1775178000.0,0.0,0.195,0.19,0.2,0.010000000000000009,0.2,65301.0,57.0
KXNBAGAME-26APR02CLEGSW,5m,1775181300,included,1775181300.0,0.0,0.20500000000000002,0.2,0.21,0.009999999999999981,0.21,64186.0,60.0
KXNBAGAME-26APR02NOPPOR,24h,1775095200,included,1775095080.0,120.0,0.72,0.71,0.73,0.020000000000000018,0.73,76.0,7.0
KXNBAGAME-26APR02NOPPOR,6h,1775160000,included,1775160000.0,0.0,0.705,0.7,0.71,0.010000000000000009,,2137.0,31.0
KXNBAGAME-26APR02NOPPOR,1h,1775178000,included,1775178000.0,0.0,0.705,0.7,0.71,0.010000000000000009,0.71,18809.0,55.0
KXNBAGAME-26APR02NOPPOR,5m,1775181300,included,1775181300.0,0.0,0.685,0.68,0.69,0.009999999999999898,0.69,68337.0,57.0
KXNBAGAME-26APR02SASLAC,24h,1775097000,included,1775096880.0,120.0,0.395,0.39,0.4,0.010000000000000009,,118.0,5.0
KXNBAGAME-26APR02SASLAC,6h,1775161800,included,1775161800.0,0.0,0.515,0.51,0.52,0.010000000000000009,0.52,424323.0,38.0
KXNBAGAME-26APR02SASLAC,1h,1775179800,included,1775179800.0,0.0,0.555,0.55,0.56,0.010000000000000009,0.56,30370.0,55.0
KXNBAGAME-26APR02SASLAC,5m,1775183100,included,1775183100.0,0.0,0.565,0.56,0.57,0.009999999999999898,0.57,221361.0,60.0
KXNBAGAME-26APR03INDCHA,24h,1775170800,included,1775170740.0,60.0,0.875,0.87,0.88,0.010000000000000009,0.88,176.0,7.0
KXNBAGAME-26APR03INDCHA,6h,1775235600,included,1775235600.0,0.0,0.915,0.91,0.92,0.010000000000000009,0.92,10434.0,32.0
KXNBAGAME-26APR03INDCHA,1h,1775253600,included,1775253600.0,0.0,0.915,0.91,0.92,0.010000000000000009,0.91,13421.0,43.0
KXNBAGAME-26APR03INDCHA,5m,1775256900,included,1775256900.0,0.0,0.915,0.91,0.92,0.010000000000000009,0.92,20954.0,48.0
KXNBAGAME-26APR03MINPHI,24h,1775170800,included,1775170740.0,60.0,0.535,0.53,0.54,0.010000000000000009,,237.0,5.0
KXNBAGAME-26APR03MINPHI,6h,1775235600,included,1775235600.0,0.0,0.565,0.56,0.57,0.009999999999999898,0.57,20522.0,47.0
KXNBAGAME-26APR03MINPHI,1h,1775253600,included,1775253600.0,0.0,0.605,0.6,0.61,0.010000000000000009,0.61,126748.0,59.0
KXNBAGAME-26APR03MINPHI,5m,1775256900,included,1775256900.0,0.0,0.605,0.6,0.61,0.010000000000000009,0.61,215535.0,60.0
KXNBAGAME-26APR03ATLBKN,24h,1775172600,bar_too_old,,300.0,,,,,,,
KXNBAGAME-26APR03ATLBKN,6h,1775237400,included,1775237400.0,0.0,0.07500000000000001,0.07,0.08,0.009999999999999995,0.08,2540.0,31.0
KXNBAGAME-26APR03ATLBKN,1h,1775255400,included,1775255400.0,0.0,0.07500000000000001,0.07,0.08,0.009999999999999995,0.08,25700.0,49.0
KXNBAGAME-26APR03ATLBKN,5m,1775258700,included,1775258700.0,0.0,0.07500000000000001,0.07,0.08,0.009999999999999995,0.08,44250.0,58.0
KXNBAGAME-26APR03CHINYK,24h,1775172600,bar_too_old,,660.0,,,,,,,
KXNBAGAME-26APR03CHINYK,6h,1775237400,included,1775237280.0,120.0,0.905,0.9,0.91,0.010000000000000009,0.91,1461.0,20.0
KXNBAGAME-26APR03CHINYK,1h,1775255400,included,1775255400.0,0.0,0.895,0.89,0.9,0.010000000000000009,0.9,13393.0,42.0
KXNBAGAME-26APR03CHINYK,5m,1775258700,included,1775258700.0,0.0,0.895,0.89,0.9,0.010000000000000009,0.9,19427.0,54.0
KXNBAGAME-26APR03BOSMIL,24h,1775174400,included,1775174340.0,60.0,0.07,0.06,0.08,0.020000000000000004,0.08,913.0,15.0
KXNBAGAME-26APR03BOSMIL,6h,1775239200,included,1775239140.0,60.0,0.07500000000000001,0.07,0.08,0.009999999999999995,0.08,15323.0,37.0
KXNBAGAME-26APR03BOSMIL,1h,1775257200,included,1775257200.0,0.0,0.065,0.06,0.07,0.010000000000000009,0.07,13164.0,53.0
KXNBAGAME-26APR03BOSMIL,5m,1775260500,included,1775260500.0,0.0,0.065,0.06,0.07,0.010000000000000009,0.07,46974.0,59.0
KXNBAGAME-26APR03TORMEM,24h,1775174400,included,1775174400.0,0.0,0.135,0.13,0.14,0.010000000000000009,,1535.0,8.0
KXNBAGAME-26APR03TORMEM,6h,1775239200,included,1775239200.0,0.0,0.11499999999999999,0.11,0.12,0.009999999999999995,0.12,1864.0,21.0
KXNBAGAME-26APR03TORMEM,1h,1775257200,included,1775257200.0,0.0,0.10500000000000001,0.1,0.11,0.009999999999999995,0.11,23232.0,40.0
KXNBAGAME-26APR03TORMEM,5m,1775260500,included,1775260500.0,0.0,0.10500000000000001,0.1,0.11,0.009999999999999995,0.11,28697.0,49.0
KXNBAGAME-26APR03UTAHOU,24h,1775174400,bar_too_old,,480.0,,,,,,,
KXNBAGAME-26APR03UTAHOU,6h,1775239200,included,1775239200.0,0.0,0.925,0.92,0.93,0.010000000000000009,0.93,667.0,16.0
KXNBAGAME-26APR03UTAHOU,1h,1775257200,included,1775257200.0,0.0,0.935,0.93,0.94,0.009999999999999898,0.94,21067.0,33.0
KXNBAGAME-26APR03UTAHOU,5m,1775260500,included,1775260500.0,0.0,0.935,0.93,0.94,0.009999999999999898,0.94,57710.0,40.0
KXNBAGAME-26APR03ORLDAL,24h,1775176200,included,1775176200.0,0.0,0.28,0.27,0.29,0.019999999999999962,,49.0,3.0
KXNBAGAME-26APR03ORLDAL,6h,1775241000,included,1775241000.0,0.0,0.305,0.3,0.31,0.010000000000000009,0.31,1948.0,32.0
KXNBAGAME-26APR03ORLDAL,1h,1775259000,included,1775259000.0,0.0,0.305,0.3,0.31,0.010000000000000009,0.31,5664.0,49.0
KXNBAGAME-26APR03ORLDAL,5m,1775262300,included,1775262300.0,0.0,0.295,0.29,0.3,0.010000000000000009,0.3,12037.0,58.0
KXNBAGAME-26APR03NOPSAC,24h,1775181600,included,1775181480.0,120.0,0.41000000000000003,0.39,0.43,0.03999999999999998,,3469.0,9.0
KXNBAGAME-26APR03NOPSAC,6h,1775246400,included,1775246400.0,0.0,0.345,0.34,0.35,0.009999999999999953,,6003.0,19.0
KXNBAGAME-26APR03NOPSAC,1h,1775264400,included,1775264400.0,0.0,0.325,0.32,0.33,0.010000000000000009,0.33,26015.0,54.0
KXNBAGAME-26APR03NOPSAC,5m,1775267700,included,1775267700.0,0.0,0.315,0.31,0.32,0.010000000000000009,0.32,166595.0,60.0
KXNBAGAME-26APR04SASDEN,24h,1775242800,included,1775242800.0,0.0,0.405,0.4,0.41,0.009999999999999953,,589.0,17.0
KXNBAGAME-26APR04SASDEN,6h,1775307600,included,1775307600.0,0.0,0.435,0.43,0.44,0.010000000000000009,,3708.0,35.0
KXNBAGAME-26APR04SASDEN,1h,1775325600,included,1775325600.0,0.0,0.46499999999999997,0.46,0.47,0.009999999999999953,0.47,62828.0,58.0
KXNBAGAME-26APR04SASDEN,5m,1775328900,included,1775328900.0,0.0,0.455,0.45,0.46,0.010000000000000009,0.46,128729.0,60.0
KXNBAGAME-26APR04WASMIA,24h,1775242800,bar_too_old,,720.0,,,,,,,
KXNBAGAME-26APR04WASMIA,6h,1775307600,included,1775307600.0,0.0,0.945,0.94,0.95,0.010000000000000009,,2829.0,24.0
KXNBAGAME-26APR04WASMIA,1h,1775325600,included,1775325600.0,0.0,0.945,0.94,0.95,0.010000000000000009,0.95,36366.0,39.0
KXNBAGAME-26APR04WASMIA,5m,1775328900,included,1775328900.0,0.0,0.945,0.94,0.95,0.010000000000000009,0.95,131831.0,46.0
KXNBAGAME-26APR04DETPHI,24h,1775257200,included,1775257080.0,120.0,0.455,0.45,0.46,0.010000000000000009,0.46,119.0,10.0
KXNBAGAME-26APR04DETPHI,6h,1775322000,included,1775322000.0,0.0,0.415,0.41,0.42,0.010000000000000009,0.42,59145.0,48.0
KXNBAGAME-26APR04DETPHI,1h,1775340000,included,1775340000.0,0.0,0.395,0.39,0.4,0.010000000000000009,0.39,28705.0,59.0
KXNBAGAME-26APR04DETPHI,5m,1775343300,included,1775343300.0,0.0,0.395,0.39,0.4,0.010000000000000009,0.4,220242.0,60.0
KXNBAGAME-26APR05MEMMIL,24h,1775331000,bar_too_old,,300.0,,,,,,,
KXNBAGAME-26APR05MEMMIL,6h,1775395800,included,1775395800.0,0.0,0.685,0.68,0.69,0.009999999999999898,0.69,2709.0,23.0
KXNBAGAME-26APR05MEMMIL,1h,1775413800,included,1775413800.0,0.0,0.705,0.7,0.71,0.010000000000000009,0.71,6717.0,44.0
KXNBAGAME-26APR05MEMMIL,5m,1775417100,included,1775417100.0,0.0,0.715,0.71,0.72,0.010000000000000009,0.72,64489.0,50.0
KXNBAGAME-26APR05PHXCHI,24h,1775331000,included,1775331000.0,0.0,0.175,0.17,0.18,0.009999999999999981,,713.0,7.0
KXNBAGAME-26APR05PHXCHI,6h,1775395800,included,1775395680.0,120.0,0.195,0.19,0.2,0.010000000000000009,,1203.0,21.0
KXNBAGAME-26APR05PHXCHI,1h,1775413800,included,1775413800.0,0.0,0.175,0.17,0.18,0.009999999999999981,0.18,30380.0,43.0
KXNBAGAME-26APR05PHXCHI,5m,1775417100,included,1775417100.0,0.0,0.175,0.17,0.18,0.009999999999999981,0.18,56897.0,51.0
KXNBAGAME-26APR05TORBOS,24h,1775331000,included,1775331000.0,0.0,0.8,0.79,0.81,0.020000000000000018,0.8,2804.0,18.0
KXNBAGAME-26APR05TORBOS,6h,1775395800,included,1775395800.0,0.0,0.805,0.8,0.81,0.010000000000000009,,45363.0,51.0
KXNBAGAME-26APR05TORBOS,1h,1775413800,included,1775413800.0,0.0,0.795,0.79,0.8,0.010000000000000009,0.8,108781.0,59.0
KXNBAGAME-26APR05TORBOS,5m,1775417100,included,1775417100.0,0.0,0.795,0.79,0.8,0.010000000000000009,0.8,207546.0,60.0
KXNBAGAME-26APR05WASBKN,24h,1775331000,included,1775331000.0,0.0,0.64,0.63,0.65,0.020000000000000018,,110.0,3.0
KXNBAGAME-26APR05WASBKN,6h,1775395800,included,1775395740.0,60.0,0.615,0.61,0.62,0.010000000000000009,0.62,1876.0,33.0
KXNBAGAME-26APR05WASBKN,1h,1775413800,included,1775413800.0,0.0,0.605,0.6,0.61,0.010000000000000009,,11070.0,50.0
KXNBAGAME-26APR05WASBKN,5m,1775417100,included,1775417100.0,0.0,0.595,0.59,0.6,0.010000000000000009,0.6,56640.0,56.0
KXNBAGAME-26APR05INDCLE,24h,1775340000,included,1775340000.0,0.0,0.945,0.94,0.95,0.010000000000000009,,1026.0,9.0
KXNBAGAME-26APR05INDCLE,6h,1775404800,included,1775404800.0,0.0,0.915,0.91,0.92,0.010000000000000009,0.92,47205.0,21.0
KXNBAGAME-26APR05INDCLE,1h,1775422800,bar_too_old,,180.0,,,,,,,
KXNBAGAME-26APR05INDCLE,5m,1775426100,included,1775426100.0,0.0,0.925,0.92,0.93,0.010000000000000009,0.93,57950.0,36.0
KXNBAGAME-26APR05CHAMIN,24h,1775343600,included,1775343600.0,0.0,0.525,0.51,0.54,0.030000000000000027,,1240.0,19.0
KXNBAGAME-26APR05CHAMIN,6h,1775408400,included,1775408340.0,60.0,0.445,0.44,0.45,0.010000000000000009,0.45,17047.0,51.0
KXNBAGAME-26APR05CHAMIN,1h,1775426400,included,1775426400.0,0.0,0.395,0.39,0.4,0.010000000000000009,0.4,30839.0,58.0
KXNBAGAME-26APR05CHAMIN,5m,1775429700,included,1775429700.0,0.0,0.375,0.37,0.38,0.010000000000000009,0.38,232060.0,60.0
KXNBAGAME-26APR05ORLNOP,24h,1775343600,included,1775343540.0,60.0,0.375,0.37,0.38,0.010000000000000009,0.38,81.0,5.0
KXNBAGAME-26APR05ORLNOP,6h,1775408400,included,1775408400.0,0.0,0.355,0.35,0.36,0.010000000000000009,0.37,7245.0,26.0
KXNBAGAME-26APR05ORLNOP,1h,1775426400,included,1775426400.0,0.0,0.325,0.32,0.33,0.010000000000000009,0.33,2272.0,22.0
KXNBAGAME-26APR05ORLNOP,5m,1775429700,included,1775429700.0,0.0,0.305,0.3,0.31,0.010000000000000009,0.31,29747.0,54.0
KXNBAGAME-26APR05UTAOKC,24h,1775343600,bar_too_old,,300.0,,,,,,,
KXNBAGAME-26APR05UTAOKC,6h,1775408400,bar_too_old,,240.0,,,,,,,
KXNBAGAME-26APR05UTAOKC,1h,1775426400,included,1775426400.0,0.0,0.975,0.97,0.98,0.010000000000000009,0.97,314987.0,40.0
KXNBAGAME-26APR05UTAOKC,5m,1775429700,included,1775429700.0,0.0,0.975,0.97,0.98,0.010000000000000009,0.98,84865.0,39.0
KXNBAGAME-26APR05LALDAL,24h,1775345400,included,1775345400.0,0.0,0.39,0.38,0.4,0.020000000000000018,,12717.0,43.0
KXNBAGAME-26APR05LALDAL,6h,1775410200,included,1775410200.0,0.0,0.475,0.47,0.48,0.010000000000000009,0.48,21410.0,57.0
KXNBAGAME-26APR05LALDAL,1h,1775428200,included,1775428200.0,0.0,0.485,0.48,0.49,0.010000000000000009,0.49,150623.0,60.0
KXNBAGAME-26APR05LALDAL,5m,1775431500,included,1775431500.0,0.0,0.485,0.48,0.49,0.010000000000000009,0.49,336463.0,60.0
KXNBAGAME-26APR05LACSAC,24h,1775350800,included,1775350800.0,0.0,0.14500000000000002,0.14,0.15,0.009999999999999981,,1362.0,14.0
KXNBAGAME-26APR05LACSAC,6h,1775415600,included,1775415600.0,0.0,0.135,0.13,0.14,0.010000000000000009,,3933.0,24.0
KXNBAGAME-26APR05LACSAC,1h,1775433600,included,1775433600.0,0.0,0.135,0.13,0.14,0.010000000000000009,0.14,28785.0,54.0
KXNBAGAME-26APR05LACSAC,5m,1775436900,included,1775436900.0,0.0,0.135,0.13,0.14,0.010000000000000009,0.14,109526.0,59.0
KXNBAGAME-26APR05HOUGSW,24h,1775354400,bar_too_old,,180.0,,,,,,,
KXNBAGAME-26APR05HOUGSW,6h,1775419200,included,1775419200.0,0.0,0.4,0.39,0.41,0.019999999999999962,0.41,3255.0,34.0
KXNBAGAME-26APR05HOUGSW,1h,1775437200,included,1775437200.0,0.0,0.395,0.39,0.4,0.010000000000000009,0.4,111933.0,60.0
KXNBAGAME-26APR05HOUGSW,5m,1775440500,included,1775440500.0,0.0,0.385,0.38,0.39,0.010000000000000009,0.39,364699.0,60.0
KXNBAGAME-26APR06DETORL,24h,1775430000,included,1775430000.0,0.0,0.41000000000000003,0.4,0.42,0.019999999999999962,0.43,155.0,15.0
KXNBAGAME-26APR06DETORL,6h,1775494800,included,1775494800.0,0.0,0.405,0.4,0.41,0.009999999999999953,0.41,6477.0,37.0
KXNBAGAME-26APR06DETORL,1h,1775512800,included,1775512800.0,0.0,0.46499999999999997,0.46,0.47,0.009999999999999953,0.47,61692.0,59.0
KXNBAGAME-26APR06DETORL,5m,1775516100,included,1775516100.0,0.0,0.485,0.48,0.49,0.010000000000000009,0.49,917682.0,60.0
KXNBAGAME-26APR06NYKATL,24h,1775430000,included,1775430000.0,0.0,0.51,0.5,0.52,0.020000000000000018,0.52,1479.0,12.0
KXNBAGAME-26APR06NYKATL,6h,1775494800,included,1775494800.0,0.0,0.525,0.52,0.53,0.010000000000000009,0.53,48137.0,54.0
KXNBAGAME-26APR06NYKATL,1h,1775512800,included,1775512800.0,0.0,0.525,0.52,0.53,0.010000000000000009,0.53,52973.0,60.0
KXNBAGAME-26APR06NYKATL,5m,1775516100,included,1775516100.0,0.0,0.515,0.51,0.52,0.010000000000000009,0.52,179435.0,60.0
KXNBAGAME-26APR06CLEMEM,24h,1775433600,bar_too_old,,180.0,,,,,,,
KXNBAGAME-26APR06CLEMEM,6h,1775498400,included,1775498400.0,0.0,0.08499999999999999,0.08,0.09,0.009999999999999995,,6274.0,39.0
KXNBAGAME-26APR06CLEMEM,1h,1775516400,included,1775516400.0,0.0,0.11499999999999999,0.11,0.12,0.009999999999999995,0.12,37761.0,57.0
KXNBAGAME-26APR06CLEMEM,5m,1775519700,included,1775519700.0,0.0,0.11499999999999999,0.11,0.12,0.009999999999999995,0.12,45257.0,57.0
KXNBAGAME-26APR06PHISAS,24h,1775433600,included,1775433600.0,0.0,0.765,0.76,0.77,0.010000000000000009,0.77,3819.0,15.0
KXNBAGAME-26APR06PHISAS,6h,1775498400,included,1775498400.0,0.0,0.765,0.76,0.77,0.010000000000000009,0.77,62852.0,54.0
KXNBAGAME-26APR06PHISAS,1h,1775516400,included,1775516400.0,0.0,0.765,0.76,0.77,0.010000000000000009,0.77,84821.0,60.0
KXNBAGAME-26APR06PHISAS,5m,1775519700,included,1775519700.0,0.0,0.765,0.76,0.77,0.010000000000000009,0.77,88447.0,60.0
KXNBAGAME-26APR06PORDEN,24h,1775437200,bar_too_old,,240.0,,,,,,,
KXNBAGAME-26APR06PORDEN,6h,1775502000,included,1775502000.0,0.0,0.745,0.74,0.75,0.010000000000000009,0.75,10909.0,51.0
KXNBAGAME-26APR06PORDEN,1h,1775520000,included,1775520000.0,0.0,0.745,0.74,0.75,0.010000000000000009,0.75,37036.0,56.0
KXNBAGAME-26APR06PORDEN,5m,1775523300,included,1775523300.0,0.0,0.735,0.73,0.74,0.010000000000000009,0.74,136306.0,60.0
KXNBAGAME-26APR07CHIWAS,24h,1775516400,bar_too_old,,1020.0,,,,,,,
KXNBAGAME-26APR07CHIWAS,6h,1775581200,included,1775581200.0,0.0,0.325,0.32,0.33,0.010000000000000009,,1268.0,22.0
KXNBAGAME-26APR07CHIWAS,1h,1775599200,included,1775599200.0,0.0,0.325,0.32,0.33,0.010000000000000009,0.33,11053.0,48.0
KXNBAGAME-26APR07CHIWAS,5m,1775602500,included,1775602500.0,0.0,0.315,0.31,0.32,0.010000000000000009,0.32,13257.0,47.0
KXNBAGAME-26APR07MININD,24h,1775516400,included,1775516340.0,60.0,0.14500000000000002,0.14,0.15,0.009999999999999981,0.15,301.0,8.0
KXNBAGAME-26APR07MININD,6h,1775581200,included,1775581200.0,0.0,0.14,0.13,0.15,0.01999999999999999,0.15,2543.0,39.0
KXNBAGAME-26APR07MININD,1h,1775599200,included,1775599200.0,0.0,0.135,0.13,0.14,0.010000000000000009,0.14,62804.0,54.0
KXNBAGAME-26APR07MININD,5m,1775602500,included,1775602500.0,0.0,0.135,0.13,0.14,0.010000000000000009,0.13,38161.0,59.0
KXNBAGAME-26APR07MIATOR,24h,1775518200,bar_too_old,,480.0,,,,,,,
KXNBAGAME-26APR07MIATOR,6h,1775583000,included,1775583000.0,0.0,0.545,0.54,0.55,0.010000000000000009,0.55,15226.0,50.0
KXNBAGAME-26APR07MIATOR,1h,1775601000,included,1775601000.0,0.0,0.545,0.54,0.55,0.010000000000000009,0.55,89239.0,53.0
KXNBAGAME-26APR07MIATOR,5m,1775604300,included,1775604300.0,0.0,0.565,0.56,0.57,0.009999999999999898,0.57,125807.0,57.0
KXNBAGAME-26APR07MILBKN,24h,1775518200,bar_too_old,,1740.0,,,,,,,
KXNBAGAME-26APR07MILBKN,6h,1775583000,bar_too_old,,180.0,,,,,,,
KXNBAGAME-26APR07MILBKN,1h,1775601000,included,1775601000.0,0.0,0.445,0.44,0.45,0.010000000000000009,0.45,9327.0,39.0
KXNBAGAME-26APR07MILBKN,5m,1775604300,included,1775604300.0,0.0,0.46499999999999997,0.46,0.47,0.009999999999999953,0.47,52753.0,41.0
KXNBAGAME-26APR07CHABOS,24h,1775520000,included,1775519940.0,60.0,0.675,0.67,0.68,0.010000000000000009,0.68,377.0,14.0
KXNBAGAME-26APR07CHABOS,6h,1775584800,included,1775584800.0,0.0,0.645,0.64,0.65,0.010000000000000009,,41673.0,56.0
KXNBAGAME-26APR07CHABOS,1h,1775602800,included,1775602800.0,0.0,0.645,0.64,0.65,0.010000000000000009,0.65,160118.0,60.0
KXNBAGAME-26APR07CHABOS,5m,1775606100,included,1775606100.0,0.0,0.635,0.63,0.64,0.010000000000000009,0.64,339505.0,60.0
KXNBAGAME-26APR07UTANOP,24h,1775520000,bar_too_old,,480.0,,,,,,,
KXNBAGAME-26APR07UTANOP,6h,1775584800,included,1775584800.0,0.0,0.835,0.83,0.84,0.010000000000000009,0.84,778.0,17.0
KXNBAGAME-26APR07UTANOP,1h,1775602800,included,1775602800.0,0.0,0.765,0.76,0.77,0.010000000000000009,0.76,7503.0,29.0
KXNBAGAME-26APR07UTANOP,5m,1775606100,included,1775606100.0,0.0,0.695,0.69,0.7,0.010000000000000009,0.7,33691.0,55.0
KXNBAGAME-26APR07SACGSW,24h,1775527200,included,1775527080.0,120.0,0.875,0.87,0.88,0.010000000000000009,,101.0,3.0
KXNBAGAME-26APR07SACGSW,6h,1775592000,included,1775592000.0,0.0,0.885,0.88,0.89,0.010000000000000009,,7406.0,24.0
KXNBAGAME-26APR07SACGSW,1h,1775610000,included,1775610000.0,0.0,0.895,0.89,0.9,0.010000000000000009,0.9,20472.0,41.0
KXNBAGAME-26APR07SACGSW,5m,1775613300,included,1775613300.0,0.0,0.9,0.89,0.91,0.020000000000000018,0.91,67626.0,54.0
KXNBAGAME-26APR07DALLAC,24h,1775529000,included,1775528880.0,120.0,0.835,0.83,0.84,0.010000000000000009,,116.0,7.0
KXNBAGAME-26APR07DALLAC,6h,1775593800,included,1775593740.0,60.0,0.845,0.84,0.85,0.010000000000000009,0.85,1345.0,22.0
KXNBAGAME-26APR07DALLAC,1h,1775611800,included,1775611800.0,0.0,0.845,0.84,0.85,0.010000000000000009,0.84,18924.0,37.0
KXNBAGAME-26APR07DALLAC,5m,1775615100,included,1775615100.0,0.0,0.845,0.84,0.85,0.010000000000000009,0.85,82005.0,54.0
KXNBAGAME-26APR07OKCLAL,24h,1775529000,included,1775529000.0,0.0,0.08499999999999999,0.08,0.09,0.009999999999999995,0.09,4905.0,43.0
KXNBAGAME-26APR07OKCLAL,6h,1775593800,included,1775593800.0,0.0,0.065,0.06,0.07,0.010000000000000009,0.07,60207.0,59.0
KXNBAGAME-26APR07OKCLAL,1h,1775611800,included,1775611800.0,0.0,0.065,0.06,0.07,0.010000000000000009,0.07,189381.0,60.0
KXNBAGAME-26APR07OKCLAL,5m,1775615100,included,1775615100.0,0.0,0.055,0.05,0.06,0.009999999999999995,0.06,502923.0,60.0
KXNBAGAME-26APR07HOUPHX,24h,1775530800,included,1775530800.0,0.0,0.495,0.49,0.5,0.010000000000000009,,3098.0,9.0
KXNBAGAME-26APR07HOUPHX,6h,1775595600,included,1775595600.0,0.0,0.505,0.5,0.51,0.010000000000000009,0.51,41575.0,42.0
KXNBAGAME-26APR07HOUPHX,1h,1775613600,included,1775613600.0,0.0,0.485,0.48,0.49,0.010000000000000009,0.49,33890.0,55.0
KXNBAGAME-26APR07HOUPHX,5m,1775616900,included,1775616900.0,0.0,0.475,0.47,0.48,0.010000000000000009,0.48,386795.0,60.0
KXNBAGAME-26APR08ATLCLE,24h,1775602800,included,1775602800.0,0.0,0.55,0.54,0.56,0.020000000000000018,,1505.0,15.0
KXNBAGAME-26APR08ATLCLE,6h,1775667600,included,1775667600.0,0.0,0.535,0.53,0.54,0.010000000000000009,0.54,11138.0,52.0
KXNBAGAME-26APR08ATLCLE,1h,1775685600,included,1775685600.0,0.0,0.585,0.58,0.59,0.010000000000000009,0.59,172067.0,60.0
KXNBAGAME-26APR08ATLCLE,5m,1775688900,included,1775688900.0,0.0,0.615,0.61,0.62,0.010000000000000009,0.62,484015.0,60.0
KXNBAGAME-26APR08MILDET,24h,1775602800,included,1775602800.0,0.0,0.905,0.9,0.91,0.010000000000000009,0.91,116.0,7.0
KXNBAGAME-26APR08MILDET,6h,1775667600,included,1775667540.0,60.0,0.955,0.95,0.96,0.010000000000000009,,16662.0,38.0
KXNBAGAME-26APR08MILDET,1h,1775685600,included,1775685600.0,0.0,0.955,0.95,0.96,0.010000000000000009,0.95,8050.0,41.0
KXNBAGAME-26APR08MILDET,5m,1775688900,included,1775688900.0,0.0,0.955,0.95,0.96,0.010000000000000009,0.96,220732.0,46.0
KXNBAGAME-26APR08MINORL,24h,1775602800,included,1775602800.0,0.0,0.61,0.59,0.63,0.040000000000000036,,98.0,5.0
KXNBAGAME-26APR08MINORL,6h,1775667600,included,1775667600.0,0.0,0.765,0.76,0.77,0.010000000000000009,0.77,41698.0,42.0
KXNBAGAME-26APR08MINORL,1h,1775685600,included,1775685600.0,0.0,0.785,0.78,0.79,0.010000000000000009,0.79,165824.0,59.0
KXNBAGAME-26APR08MINORL,5m,1775688900,included,1775688900.0,0.0,0.815,0.81,0.82,0.009999999999999898,0.82,425404.0,59.0
KXNBAGAME-26APR08MEMDEN,24h,1775610000,included,1775609940.0,60.0,0.945,0.94,0.95,0.010000000000000009,,13.0,3.0
KXNBAGAME-26APR08MEMDEN,6h,1775674800,included,1775674740.0,60.0,0.975,0.97,0.98,0.010000000000000009,0.97,5118.0,13.0
KXNBAGAME-26APR08MEMDEN,1h,1775692800,included,1775692800.0,0.0,0.975,0.97,0.98,0.010000000000000009,,4319.0,26.0
KXNBAGAME-26APR08MEMDEN,5m,1775696100,included,1775696100.0,0.0,0.975,0.97,0.98,0.010000000000000009,0.98,2528.0,44.0
KXNBAGAME-26APR08PORSAS,24h,1775611800,included,1775611740.0,60.0,0.605,0.6,0.61,0.010000000000000009,0.61,5199.0,23.0
KXNBAGAME-26APR08PORSAS,6h,1775676600,included,1775676600.0,0.0,0.595,0.59,0.6,0.010000000000000009,0.6,41451.0,60.0
KXNBAGAME-26APR08PORSAS,1h,1775694600,included,1775694600.0,0.0,0.605,0.6,0.61,0.010000000000000009,0.61,122818.0,60.0
KXNBAGAME-26APR08PORSAS,5m,1775697900,included,1775697900.0,0.0,0.595,0.59,0.6,0.010000000000000009,0.6,448577.0,60.0
KXNBAGAME-26APR08DALPHX,24h,1775613600,bar_too_old,,360.0,,,,,,,
KXNBAGAME-26APR08DALPHX,6h,1775678400,included,1775678400.0,0.0,0.845,0.84,0.85,0.010000000000000009,,2766.0,28.0
KXNBAGAME-26APR08DALPHX,1h,1775696400,included,1775696400.0,0.0,0.855,0.85,0.86,0.010000000000000009,0.86,15777.0,51.0
KXNBAGAME-26APR08DALPHX,5m,1775699700,included,1775699700.0,0.0,0.855,0.85,0.86,0.010000000000000009,0.86,40453.0,55.0
KXNBAGAME-26APR08OKCLAC,24h,1775613600,included,1775613480.0,120.0,0.325,0.32,0.33,0.010000000000000009,,67.0,3.0
KXNBAGAME-26APR08OKCLAC,6h,1775678400,included,1775678400.0,0.0,0.305,0.3,0.31,0.010000000000000009,0.3,1887.0,25.0
KXNBAGAME-26APR08OKCLAC,1h,1775696400,included,1775696400.0,0.0,0.255,0.25,0.26,0.010000000000000009,0.26,23456.0,52.0
KXNBAGAME-26APR08OKCLAC,5m,1775699700,included,1775699700.0,0.0,0.245,0.24,0.25,0.010000000000000009,0.25,43448.0,60.0
KXNBAGAME-26APR09CHIWAS,24h,1775689200,bar_too_old,,300.0,,,,,,,
KXNBAGAME-26APR09CHIWAS,6h,1775754000,included,1775754000.0,0.0,0.305,0.3,0.31,0.010000000000000009,0.31,1013.0,18.0
KXNBAGAME-26APR09CHIWAS,1h,1775772000,included,1775772000.0,0.0,0.295,0.29,0.3,0.010000000000000009,0.3,6815.0,51.0
KXNBAGAME-26APR09CHIWAS,5m,1775775300,included,1775775300.0,0.0,0.28500000000000003,0.28,0.29,0.009999999999999953,0.29,21885.0,55.0
KXNBAGAME-26APR09MIATOR,24h,1775689200,bar_too_old,,180.0,,,,,,,
KXNBAGAME-26APR09MIATOR,6h,1775754000,included,1775754000.0,0.0,0.6,0.59,0.61,0.020000000000000018,0.61,17541.0,53.0
KXNBAGAME-26APR09MIATOR,1h,1775772000,included,1775772000.0,0.0,0.605,0.6,0.61,0.010000000000000009,0.61,126893.0,60.0
KXNBAGAME-26APR09MIATOR,5m,1775775300,included,1775775300.0,0.0,0.605,0.6,0.61,0.010000000000000009,0.61,198363.0,60.0
KXNBAGAME-26APR09BOSNYK,24h,1775691000,included,1775691000.0,0.0,0.52,0.5,0.54,0.040000000000000036,0.55,2515.0,26.0
KXNBAGAME-26APR09BOSNYK,6h,1775755800,included,1775755800.0,0.0,0.645,0.64,0.65,0.010000000000000009,0.65,168863.0,58.0
KXNBAGAME-26APR09BOSNYK,1h,1775773800,included,1775773800.0,0.0,0.625,0.62,0.63,0.010000000000000009,0.62,201506.0,60.0
KXNBAGAME-26APR09BOSNYK,5m,1775777100,included,1775777100.0,0.0,0.605,0.6,0.61,0.010000000000000009,0.61,257139.0,60.0
KXNBAGAME-26APR09INDBKN,24h,1775691000,bar_too_old,,360.0,,,,,,,
KXNBAGAME-26APR09INDBKN,6h,1775755800,included,1775755800.0,0.0,0.405,0.4,0.41,0.009999999999999953,0.4,1135.0,24.0
KXNBAGAME-26APR09INDBKN,1h,1775773800,included,1775773800.0,0.0,0.415,0.41,0.42,0.010000000000000009,0.42,57361.0,51.0
KXNBAGAME-26APR09INDBKN,5m,1775777100,included,1775777100.0,0.0,0.405,0.4,0.41,0.009999999999999953,0.41,32063.0,56.0
KXNBAGAME-26APR09PHIHOU,24h,1775692800,bar_too_old,,180.0,,,,,,,
KXNBAGAME-26APR09PHIHOU,6h,1775757600,included,1775757600.0,0.0,0.665,0.66,0.67,0.010000000000000009,0.67,126851.0,58.0
KXNBAGAME-26APR09PHIHOU,1h,1775775600,included,1775775600.0,0.0,0.685,0.68,0.69,0.009999999999999898,0.69,134863.0,60.0
KXNBAGAME-26APR09PHIHOU,5m,1775778900,included,1775778900.0,0.0,0.695,0.69,0.7,0.010000000000000009,0.7,97739.0,60.0
KXNBAGAME-26APR09LALGSW,24h,1775700000,included,1775700000.0,0.0,0.645,0.63,0.66,0.030000000000000027,,674.0,20.0
KXNBAGAME-26APR09LALGSW,6h,1775764800,included,1775764800.0,0.0,0.555,0.55,0.56,0.010000000000000009,0.56,29096.0,57.0
KXNBAGAME-26APR09LALGSW,1h,1775782800,included,1775782800.0,0.0,0.525,0.52,0.53,0.010000000000000009,0.53,112772.0,60.0
KXNBAGAME-26APR09LALGSW,5m,1775786100,included,1775786100.0,0.0,0.525,0.52,0.53,0.010000000000000009,0.53,264512.0,60.0
KXNBAGAME-26APR10CLEATL,24h,1775775600,included,1775775600.0,0.0,0.69,0.68,0.7,0.019999999999999907,,315.0,15.0
KXNBAGAME-26APR10CLEATL,6h,1775840400,included,1775840340.0,60.0,0.75,0.74,0.76,0.020000000000000018,0.76,23219.0,49.0
KXNBAGAME-26APR10CLEATL,1h,1775858400,included,1775858400.0,0.0,0.755,0.75,0.76,0.010000000000000009,0.76,77072.0,56.0
KXNBAGAME-26APR10CLEATL,5m,1775861700,included,1775861700.0,0.0,0.755,0.75,0.76,0.010000000000000009,0.76,330820.0,59.0
KXNBAGAME-26APR10DETCHA,24h,1775775600,included,1775775600.0,0.0,0.585,0.58,0.59,0.010000000000000009,,751.0,11.0
KXNBAGAME-26APR10DETCHA,6h,1775840400,included,1775840400.0,0.0,0.645,0.64,0.65,0.010000000000000009,0.65,10834.0,55.0
KXNBAGAME-26APR10DETCHA,1h,1775858400,included,1775858400.0,0.0,0.655,0.65,0.66,0.010000000000000009,0.66,114779.0,60.0
KXNBAGAME-26APR10DETCHA,5m,1775861700,included,1775861700.0,0.0,0.655,0.65,0.66,0.010000000000000009,0.66,166687.0,60.0
KXNBAGAME-26APR10MIAWAS,24h,1775775600,included,1775775600.0,0.0,0.065,0.06,0.07,0.010000000000000009,0.07,3860.0,30.0
KXNBAGAME-26APR10MIAWAS,6h,1775840400,included,1775840400.0,0.0,0.065,0.06,0.07,0.010000000000000009,0.07,27887.0,41.0
KXNBAGAME-26APR10MIAWAS,1h,1775858400,included,1775858400.0,0.0,0.08,0.07,0.09,0.01999999999999999,0.09,85872.0,58.0
KXNBAGAME-26APR10MIAWAS,5m,1775861700,included,1775861700.0,0.0,0.08499999999999999,0.08,0.09,0.009999999999999995,0.08,48886.0,58.0
KXNBAGAME-26APR10NOPBOS,24h,1775777400,included,1775777340.0,60.0,0.905,0.9,0.91,0.010000000000000009,,120.0,4.0
KXNBAGAME-26APR10NOPBOS,6h,1775842200,included,1775842200.0,0.0,0.925,0.92,0.93,0.010000000000000009,0.93,32956.0,30.0
KXNBAGAME-26APR10NOPBOS,1h,1775860200,included,1775860200.0,0.0,0.935,0.93,0.94,0.009999999999999898,0.94,104914.0,43.0
KXNBAGAME-26APR10NOPBOS,5m,1775863500,included,1775863500.0,0.0,0.935,0.93,0.94,0.009999999999999898,0.94,130103.0,52.0
KXNBAGAME-26APR10PHIIND,24h,1775777400,included,1775777340.0,60.0,0.125,0.12,0.13,0.010000000000000009,,154.0,5.0
KXNBAGAME-26APR10PHIIND,6h,1775842200,included,1775842200.0,0.0,0.095,0.09,0.1,0.010000000000000009,,3170.0,30.0
KXNBAGAME-26APR10PHIIND,1h,1775860200,included,1775860200.0,0.0,0.10500000000000001,0.1,0.11,0.009999999999999995,0.11,65310.0,51.0
KXNBAGAME-26APR10PHIIND,5m,1775863500,included,1775863500.0,0.0,0.10500000000000001,0.1,0.11,0.009999999999999995,0.11,24199.0,51.0
KXNBAGAME-26APR10TORNYK,24h,1775777400,included,1775777340.0,60.0,0.63,0.62,0.64,0.020000000000000018,,86.0,4.0
KXNBAGAME-26APR10TORNYK,6h,1775842200,included,1775842200.0,0.0,0.705,0.7,0.71,0.010000000000000009,0.71,19771.0,48.0
KXNBAGAME-26APR10TORNYK,1h,1775860200,included,1775860200.0,0.0,0.695,0.69,0.7,0.010000000000000009,0.7,31732.0,60.0
KXNBAGAME-26APR10TORNYK,5m,1775863500,included,1775863500.0,0.0,0.705,0.7,0.71,0.010000000000000009,0.71,161121.0,60.0
KXNBAGAME-26APR10BKNMIL,24h,1775779200,bar_too_old,,360.0,,,,,,,
KXNBAGAME-26APR10BKNMIL,6h,1775844000,included,1775844000.0,0.0,0.815,0.81,0.82,0.009999999999999898,0.82,4327.0,17.0
KXNBAGAME-26APR10BKNMIL,1h,1775862000,included,1775862000.0,0.0,0.815,0.81,0.82,0.009999999999999898,0.82,3043.0,29.0
KXNBAGAME-26APR10BKNMIL,5m,1775865300,included,1775865300.0,0.0,0.805,0.8,0.81,0.010000000000000009,0.81,7781.0,42.0
KXNBAGAME-26APR10DALSAS,24h,1775779200,included,1775779200.0,0.0,0.905,0.89,0.92,0.030000000000000027,,58.0,3.0
KXNBAGAME-26APR10DALSAS,6h,1775844000,included,1775844000.0,0.0,0.935,0.93,0.94,0.009999999999999898,0.94,3887.0,19.0
KXNBAGAME-26APR10DALSAS,1h,1775862000,included,1775862000.0,0.0,0.935,0.93,0.94,0.009999999999999898,,7013.0,34.0
KXNBAGAME-26APR10DALSAS,5m,1775865300,included,1775865300.0,0.0,0.935,0.93,0.94,0.009999999999999898,0.94,85556.0,43.0
KXNBAGAME-26APR10ORLCHI,24h,1775779200,included,1775779200.0,0.0,0.12,0.11,0.13,0.020000000000000004,0.13,322.0,5.0
KXNBAGAME-26APR10ORLCHI,6h,1775844000,included,1775844000.0,0.0,0.095,0.09,0.1,0.010000000000000009,0.1,10200.0,24.0
KXNBAGAME-26APR10ORLCHI,1h,1775862000,included,1775862000.0,0.0,0.095,0.09,0.1,0.010000000000000009,0.1,19300.0,48.0
KXNBAGAME-26APR10ORLCHI,5m,1775865300,included,1775865300.0,0.0,0.095,0.09,0.1,0.010000000000000009,0.1,23045.0,55.0
KXNBAGAME-26APR10OKCDEN,24h,1775782800,included,1775782800.0,0.0,0.72,0.7,0.74,0.040000000000000036,,1796.0,19.0
KXNBAGAME-26APR10OKCDEN,6h,1775847600,included,1775847600.0,0.0,0.825,0.82,0.83,0.010000000000000009,0.83,18430.0,45.0
KXNBAGAME-26APR10OKCDEN,1h,1775865600,included,1775865600.0,0.0,0.565,0.56,0.57,0.009999999999999898,0.57,219716.0,60.0
KXNBAGAME-26APR10OKCDEN,5m,1775868900,included,1775868900.0,0.0,0.555,0.55,0.56,0.010000000000000009,0.56,208718.0,60.0
KXNBAGAME-26APR10MEMUTA,24h,1775784600,included,1775784540.0,60.0,0.62,0.61,0.63,0.020000000000000018,,71.0,3.0
KXNBAGAME-26APR10MEMUTA,6h,1775849400,included,1775849400.0,0.0,0.595,0.59,0.6,0.010000000000000009,,1827.0,29.0
KXNBAGAME-26APR10MEMUTA,1h,1775867400,included,1775867400.0,0.0,0.595,0.59,0.6,0.010000000000000009,0.61,11824.0,49.0
KXNBAGAME-26APR10MEMUTA,5m,1775870700,included,1775870700.0,0.0,0.635,0.63,0.64,0.010000000000000009,0.64,22561.0,46.0
KXNBAGAME-26APR10MINHOU,24h,1775784600,included,1775784600.0,0.0,0.725,0.72,0.73,0.010000000000000009,0.72,321.0,9.0
KXNBAGAME-26APR10MINHOU,6h,1775849400,included,1775849400.0,0.0,0.815,0.81,0.82,0.009999999999999898,0.82,2452.0,30.0
KXNBAGAME-26APR10MINHOU,1h,1775867400,included,1775867400.0,0.0,0.805,0.8,0.81,0.010000000000000009,0.81,44477.0,50.0
KXNBAGAME-26APR10MINHOU,5m,1775870700,included,1775870700.0,0.0,0.805,0.8,0.81,0.010000000000000009,0.81,138170.0,57.0
KXNBAGAME-26APR10GSWSAC,24h,1775786400,included,1775786340.0,60.0,0.15500000000000003,0.14,0.17,0.03,,403.0,14.0
KXNBAGAME-26APR10GSWSAC,6h,1775851200,included,1775851200.0,0.0,0.185,0.18,0.19,0.010000000000000009,,7373.0,20.0
KXNBAGAME-26APR10GSWSAC,1h,1775869200,included,1775869200.0,0.0,0.185,0.18,0.19,0.010000000000000009,0.19,9256.0,39.0
KXNBAGAME-26APR10GSWSAC,5m,1775872500,included,1775872500.0,0.0,0.185,0.18,0.19,0.010000000000000009,0.19,81818.0,53.0
KXNBAGAME-26APR10LACPOR,24h,1775786400,bar_too_old,,240.0,,,,,,,
KXNBAGAME-26APR10LACPOR,6h,1775851200,included,1775851200.0,0.0,0.525,0.52,0.53,0.010000000000000009,,2171.0,30.0
KXNBAGAME-26APR10LACPOR,1h,1775869200,included,1775869200.0,0.0,0.525,0.52,0.53,0.010000000000000009,0.53,38838.0,53.0
KXNBAGAME-26APR10LACPOR,5m,1775872500,included,1775872500.0,0.0,0.535,0.53,0.54,0.010000000000000009,0.54,119738.0,60.0
KXNBAGAME-26APR10PHXLAL,24h,1775788200,included,1775788200.0,0.0,0.345,0.34,0.35,0.009999999999999953,,931.0,10.0
KXNBAGAME-26APR10PHXLAL,6h,1775853000,included,1775853000.0,0.0,0.435,0.43,0.44,0.010000000000000009,0.44,22124.0,55.0
KXNBAGAME-26APR10PHXLAL,1h,1775871000,included,1775871000.0,0.0,0.44,0.43,0.45,0.020000000000000018,0.45,134428.0,60.0
KXNBAGAME-26APR10PHXLAL,5m,1775874300,included,1775874300.0,0.0,0.445,0.44,0.45,0.010000000000000009,0.45,670261.0,60.0
KXNBAGAME-26APR12ATLMIA,24h,1775944800,included,1775944800.0,0.0,0.455,0.45,0.46,0.010000000000000009,0.46,5950.0,32.0
KXNBAGAME-26APR12ATLMIA,6h,1776009600,included,1776009600.0,0.0,0.655,0.65,0.66,0.010000000000000009,,19334.0,45.0
KXNBAGAME-26APR12ATLMIA,1h,1776027600,included,1776027600.0,0.0,0.785,0.78,0.79,0.010000000000000009,0.79,200778.0,54.0
KXNBAGAME-26APR12ATLMIA,5m,1776030900,included,1776030900.0,0.0,0.795,0.79,0.8,0.010000000000000009,0.8,190826.0,56.0
KXNBAGAME-26APR12BKNTOR,24h,1775944800,included,1775944800.0,0.0,0.955,0.95,0.96,0.010000000000000009,0.96,1011.0,22.0
KXNBAGAME-26APR12BKNTOR,6h,1776009600,included,1776009600.0,0.0,0.965,0.96,0.97,0.010000000000000009,,3522.0,15.0
KXNBAGAME-26APR12BKNTOR,1h,1776027600,included,1776027600.0,0.0,0.975,0.97,0.98,0.010000000000000009,0.98,4918.0,15.0
KXNBAGAME-26APR12BKNTOR,5m,1776030900,included,1776030780.0,120.0,0.975,0.97,0.98,0.010000000000000009,0.97,5268.0,17.0
KXNBAGAME-26APR12CHANYK,24h,1775944800,included,1775944800.0,0.0,0.245,0.23,0.26,0.03,0.26,67392.0,59.0
KXNBAGAME-26APR12CHANYK,6h,1776009600,included,1776009600.0,0.0,0.135,0.13,0.14,0.010000000000000009,0.14,75001.0,59.0
KXNBAGAME-26APR12CHANYK,1h,1776027600,included,1776027600.0,0.0,0.125,0.12,0.13,0.010000000000000009,0.13,342138.0,60.0
KXNBAGAME-26APR12CHANYK,5m,1776030900,included,1776030900.0,0.0,0.125,0.12,0.13,0.010000000000000009,0.13,171769.0,60.0
KXNBAGAME-26APR12DETIND,24h,1775944800,included,1775944800.0,0.0,0.15000000000000002,0.14,0.16,0.01999999999999999,0.14,535.0,10.0
KXNBAGAME-26APR12DETIND,6h,1776009600,included,1776009540.0,60.0,0.11499999999999999,0.11,0.12,0.009999999999999995,0.12,1468.0,17.0
KXNBAGAME-26APR12DETIND,1h,1776027600,included,1776027600.0,0.0,0.10500000000000001,0.1,0.11,0.009999999999999995,0.11,5163.0,36.0
KXNBAGAME-26APR12DETIND,5m,1776030900,included,1776030900.0,0.0,0.10500000000000001,0.1,0.11,0.009999999999999995,0.11,79595.0,51.0
KXNBAGAME-26APR12MILPHI,24h,1775944800,included,1775944800.0,0.0,0.905,0.9,0.91,0.010000000000000009,0.91,2853.0,18.0
KXNBAGAME-26APR12MILPHI,6h,1776009600,included,1776009600.0,0.0,0.905,0.9,0.91,0.010000000000000009,,445.0,17.0
KXNBAGAME-26APR12MILPHI,1h,1776027600,included,1776027600.0,0.0,0.915,0.91,0.92,0.010000000000000009,0.92,6540.0,29.0
KXNBAGAME-26APR12MILPHI,5m,1776030900,included,1776030900.0,0.0,0.915,0.91,0.92,0.010000000000000009,,20833.0,36.0
KXNBAGAME-26APR12ORLBOS,24h,1775944800,included,1775944800.0,0.0,0.245,0.24,0.25,0.010000000000000009,0.24,37086.0,60.0
KXNBAGAME-26APR12ORLBOS,6h,1776009600,included,1776009600.0,0.0,0.14500000000000002,0.14,0.15,0.009999999999999981,,59887.0,59.0
KXNBAGAME-26APR12ORLBOS,1h,1776027600,included,1776027600.0,0.0,0.14500000000000002,0.14,0.15,0.009999999999999981,0.15,68734.0,60.0
KXNBAGAME-26APR12ORLBOS,5m,1776030900,included,1776030900.0,0.0,0.14500000000000002,0.14,0.15,0.009999999999999981,0.15,167958.0,60.0
KXNBAGAME-26APR12WASCLE,24h,1775944800,included,1775944800.0,0.0,0.875,0.87,0.88,0.010000000000000009,0.88,4012.0,24.0
KXNBAGAME-26APR12WASCLE,6h,1776009600,included,1776009600.0,0.0,0.825,0.82,0.83,0.010000000000000009,0.83,16549.0,32.0
KXNBAGAME-26APR12WASCLE,1h,1776027600,included,1776027600.0,0.0,0.815,0.81,0.82,0.009999999999999898,0.82,13862.0,42.0
KXNBAGAME-26APR12WASCLE,5m,1776030900,included,1776030900.0,0.0,0.805,0.8,0.81,0.010000000000000009,0.81,22040.0,46.0
KXNBAGAME-26APR12CHIDAL,24h,1775953800,bar_too_old,,300.0,,,,,,,
KXNBAGAME-26APR12CHIDAL,6h,1776018600,included,1776018600.0,0.0,0.705,0.7,0.71,0.010000000000000009,,2134.0,18.0
KXNBAGAME-26APR12CHIDAL,1h,1776036600,included,1776036600.0,0.0,0.695,0.69,0.7,0.010000000000000009,0.7,10802.0,49.0
KXNBAGAME-26APR12CHIDAL,5m,1776039900,included,1776039900.0,0.0,0.655,0.65,0.66,0.010000000000000009,0.66,73936.0,56.0
KXNBAGAME-26APR12DENSAS,24h,1775953800,included,1775953800.0,0.0,0.805,0.8,0.81,0.010000000000000009,,2387.0,24.0
KXNBAGAME-26APR12DENSAS,6h,1776018600,included,1776018600.0,0.0,0.825,0.82,0.83,0.010000000000000009,0.83,3702.0,19.0
KXNBAGAME-26APR12DENSAS,1h,1776036600,included,1776036600.0,0.0,0.795,0.79,0.8,0.010000000000000009,0.79,126920.0,60.0
KXNBAGAME-26APR12DENSAS,5m,1776039900,included,1776039900.0,0.0,0.785,0.78,0.79,0.010000000000000009,0.79,178534.0,60.0
KXNBAGAME-26APR12GSWLAC,24h,1775953800,included,1775953740.0,60.0,0.6950000000000001,0.68,0.71,0.029999999999999916,0.71,13179.0,35.0
KXNBAGAME-26APR12GSWLAC,6h,1776018600,included,1776018600.0,0.0,0.695,0.69,0.7,0.010000000000000009,0.7,10146.0,27.0
KXNBAGAME-26APR12GSWLAC,1h,1776036600,included,1776036600.0,0.0,0.635,0.63,0.64,0.010000000000000009,0.64,29498.0,60.0
KXNBAGAME-26APR12GSWLAC,5m,1776039900,included,1776039900.0,0.0,0.595,0.59,0.6,0.010000000000000009,0.6,97800.0,60.0
KXNBAGAME-26APR12MEMHOU,24h,1775953800,included,1775953800.0,0.0,0.875,0.87,0.88,0.010000000000000009,,178.0,7.0
KXNBAGAME-26APR12MEMHOU,6h,1776018600,bar_too_old,,180.0,,,,,,,
KXNBAGAME-26APR12MEMHOU,1h,1776036600,included,1776036600.0,0.0,0.895,0.89,0.9,0.010000000000000009,0.9,9604.0,41.0
KXNBAGAME-26APR12MEMHOU,5m,1776039900,included,1776039900.0,0.0,0.895,0.89,0.9,0.010000000000000009,0.9,6250.0,43.0
KXNBAGAME-26APR12NOPMIN,24h,1775953800,included,1775953800.0,0.0,0.71,0.7,0.72,0.020000000000000018,0.72,1347.0,17.0
KXNBAGAME-26APR12NOPMIN,6h,1776018600,included,1776018600.0,0.0,0.665,0.66,0.67,0.010000000000000009,0.67,6865.0,41.0
KXNBAGAME-26APR12NOPMIN,1h,1776036600,included,1776036600.0,0.0,0.655,0.65,0.66,0.010000000000000009,0.66,22307.0,59.0
KXNBAGAME-26APR12NOPMIN,5m,1776039900,included,1776039900.0,0.0,0.615,0.61,0.62,0.010000000000000009,0.62,108652.0,59.0
KXNBAGAME-26APR12PHXOKC,24h,1775953800,included,1775953800.0,0.0,0.705,0.7,0.71,0.010000000000000009,,11636.0,35.0
KXNBAGAME-26APR12PHXOKC,6h,1776018600,included,1776018600.0,0.0,0.745,0.74,0.75,0.010000000000000009,,12100.0,35.0
KXNBAGAME-26APR12PHXOKC,1h,1776036600,included,1776036600.0,0.0,0.745,0.74,0.75,0.010000000000000009,0.75,26695.0,59.0
KXNBAGAME-26APR12PHXOKC,5m,1776039900,included,1776039900.0,0.0,0.735,0.73,0.74,0.010000000000000009,0.74,80643.0,60.0
KXNBAGAME-26APR12SACPOR,24h,1775953800,included,1775953680.0,120.0,0.915,0.91,0.92,0.010000000000000009,0.92,198.0,8.0
KXNBAGAME-26APR12SACPOR,6h,1776018600,bar_too_old,,240.0,,,,,,,
KXNBAGAME-26APR12SACPOR,1h,1776036600,included,1776036600.0,0.0,0.945,0.94,0.95,0.010000000000000009,,3727.0,30.0
KXNBAGAME-26APR12SACPOR,5m,1776039900,included,1776039900.0,0.0,0.945,0.94,0.95,0.010000000000000009,0.94,8210.0,36.0
KXNBAGAME-26APR12UTALAL,24h,1775953800,included,1775953680.0,120.0,0.875,0.87,0.88,0.010000000000000009,0.88,1012.0,14.0
KXNBAGAME-26APR12UTALAL,6h,1776018600,included,1776018600.0,0.0,0.885,0.88,0.89,0.010000000000000009,0.89,2629.0,30.0
KXNBAGAME-26APR12UTALAL,1h,1776036600,included,1776036600.0,0.0,0.885,0.88,0.89,0.010000000000000009,0.89,34450.0,50.0
KXNBAGAME-26APR12UTALAL,5m,1776039900,included,1776039900.0,0.0,0.895,0.89,0.9,0.010000000000000009,0.89,142418.0,52.0
KXNBAGAME-26APR14MIACHA,24h,1776123000,included,1776123000.0,0.0,0.675,0.67,0.68,0.010000000000000009,0.68,34665.0,60.0
KXNBAGAME-26APR14MIACHA,6h,1776187800,included,1776187800.0,0.0,0.695,0.69,0.7,0.010000000000000009,0.7,43897.0,60.0
KXNBAGAME-26APR14MIACHA,1h,1776205800,included,1776205800.0,0.0,0.695,0.69,0.7,0.010000000000000009,0.69,166448.0,60.0
KXNBAGAME-26APR14MIACHA,5m,1776209100,included,1776209100.0,0.0,0.695,0.69,0.7,0.010000000000000009,0.7,430218.0,60.0
KXNBAGAME-26APR14PORPHX,24h,1776132000,included,1776132000.0,0.0,0.595,0.59,0.6,0.010000000000000009,0.6,31065.0,48.0
KXNBAGAME-26APR14PORPHX,6h,1776196800,included,1776196800.0,0.0,0.585,0.58,0.59,0.010000000000000009,0.59,38187.0,60.0
KXNBAGAME-26APR14PORPHX,1h,1776214800,included,1776214800.0,0.0,0.575,0.57,0.58,0.010000000000000009,0.58,102083.0,60.0
KXNBAGAME-26APR14PORPHX,5m,1776218100,included,1776218100.0,0.0,0.575,0.57,0.58,0.010000000000000009,0.58,721936.0,60.0
KXNBAGAME-26APR15ORLPHI,24h,1776209400,included,1776209400.0,0.0,0.535,0.53,0.54,0.010000000000000009,0.53,2948.0,40.0
KXNBAGAME-26APR15ORLPHI,6h,1776274200,included,1776274200.0,0.0,0.535,0.53,0.54,0.010000000000000009,0.54,31473.0,59.0
KXNBAGAME-26APR15ORLPHI,1h,1776292200,included,1776292200.0,0.0,0.525,0.52,0.53,0.010000000000000009,0.53,301640.0,60.0
KXNBAGAME-26APR15ORLPHI,5m,1776295500,included,1776295500.0,0.0,0.505,0.5,0.51,0.010000000000000009,0.51,623805.0,60.0
KXNBAGAME-26APR15GSWLAC,24h,1776218400,included,1776218400.0,0.0,0.665,0.66,0.67,0.010000000000000009,0.67,1416.0,26.0
KXNBAGAME-26APR15GSWLAC,6h,1776283200,included,1776283200.0,0.0,0.665,0.66,0.67,0.010000000000000009,0.67,11144.0,25.0
KXNBAGAME-26APR15GSWLAC,1h,1776301200,included,1776301200.0,0.0,0.675,0.67,0.68,0.010000000000000009,0.68,72627.0,60.0
KXNBAGAME-26APR15GSWLAC,5m,1776304500,included,1776304500.0,0.0,0.665,0.66,0.67,0.010000000000000009,0.67,118319.0,60.0
KXNBAGAME-26APR17CHAORL,24h,1776382200,included,1776382200.0,0.0,0.395,0.39,0.4,0.010000000000000009,0.4,83670.72,56.0
KXNBAGAME-26APR17CHAORL,6h,1776447000,included,1776447000.0,0.0,0.405,0.4,0.41,0.009999999999999953,0.41,21005.16,60.0
KXNBAGAME-26APR17CHAORL,1h,1776465000,included,1776465000.0,0.0,0.415,0.41,0.42,0.010000000000000009,0.42,224999.07,60.0
KXNBAGAME-26APR17CHAORL,5m,1776468300,included,1776468300.0,0.0,0.425,0.42,0.43,0.010000000000000009,0.43,323000.97,60.0
KXNBAGAME-26APR17GSWPHX,24h,1776391200,included,1776391080.0,120.0,0.58,0.57,0.59,0.020000000000000018,0.59,5770.56,38.0
KXNBAGAME-26APR17GSWPHX,6h,1776456000,included,1776456000.0,0.0,0.575,0.57,0.58,0.010000000000000009,0.58,124593.31,58.0
KXNBAGAME-26APR17GSWPHX,1h,1776474000,included,1776474000.0,0.0,0.575,0.57,0.58,0.010000000000000009,0.58,186726.96,60.0
KXNBAGAME-26APR17GSWPHX,5m,1776477300,included,1776477300.0,0.0,0.575,0.57,0.58,0.010000000000000009,0.58,479157.91,60.0
KXNBAGAME-26APR18TORCLE,24h,1776445200,included,1776445200.0,0.0,0.765,0.76,0.77,0.010000000000000009,,1093.9,20.0
KXNBAGAME-26APR18TORCLE,6h,1776510000,included,1776510000.0,0.0,0.765,0.76,0.77,0.010000000000000009,0.77,14576.04,44.0
KXNBAGAME-26APR18TORCLE,1h,1776528000,included,1776528000.0,0.0,0.765,0.76,0.77,0.010000000000000009,0.77,119159.67,60.0
KXNBAGAME-26APR18TORCLE,5m,1776531300,included,1776531300.0,0.0,0.765,0.76,0.77,0.010000000000000009,0.77,550138.0,60.0
KXNBAGAME-26APR18MINDEN,24h,1776454200,included,1776454200.0,0.0,0.705,0.7,0.71,0.010000000000000009,0.71,890.8,17.0
KXNBAGAME-26APR18MINDEN,6h,1776519000,included,1776519000.0,0.0,0.705,0.7,0.71,0.010000000000000009,0.71,9554.0,56.0
KXNBAGAME-26APR18MINDEN,1h,1776537000,included,1776537000.0,0.0,0.715,0.71,0.72,0.010000000000000009,0.72,51351.23,60.0
KXNBAGAME-26APR18MINDEN,5m,1776540300,included,1776540300.0,0.0,0.725,0.72,0.73,0.010000000000000009,0.73,425451.02,60.0
KXNBAGAME-26APR18ATLNYK,24h,1776463200,included,1776463200.0,0.0,0.675,0.67,0.68,0.010000000000000009,,4771.19,20.0
KXNBAGAME-26APR18ATLNYK,6h,1776528000,included,1776528000.0,0.0,0.685,0.68,0.69,0.009999999999999898,0.69,15804.27,59.0
KXNBAGAME-26APR18ATLNYK,1h,1776546000,included,1776546000.0,0.0,0.685,0.68,0.69,0.009999999999999898,0.69,84675.36,60.0
KXNBAGAME-26APR18ATLNYK,5m,1776549300,included,1776549300.0,0.0,0.685,0.68,0.69,0.009999999999999898,0.69,608140.33,60.0
KXNBAGAME-26APR18HOULAL,24h,1776472200,included,1776472200.0,0.0,0.35,0.34,0.36,0.019999999999999962,0.36,8189.81,45.0
KXNBAGAME-26APR18HOULAL,6h,1776537000,included,1776537000.0,0.0,0.355,0.35,0.36,0.010000000000000009,0.36,48276.44,60.0
KXNBAGAME-26APR18HOULAL,1h,1776555000,included,1776555000.0,0.0,0.435,0.43,0.44,0.010000000000000009,0.44,1019738.55,60.0
KXNBAGAME-26APR18HOULAL,5m,1776558300,included,1776558300.0,0.0,0.435,0.43,0.44,0.010000000000000009,0.44,946622.63,60.0
KXNBAGAME-26APR19PHIBOS,24h,1776531600,included,1776531600.0,0.0,0.865,0.86,0.87,0.010000000000000009,0.87,3726.26,22.0
KXNBAGAME-26APR19PHIBOS,6h,1776596400,included,1776596400.0,0.0,0.865,0.86,0.87,0.010000000000000009,0.87,69473.59,51.0
KXNBAGAME-26APR19PHIBOS,1h,1776614400,included,1776614400.0,0.0,0.875,0.87,0.88,0.010000000000000009,0.88,334343.43,60.0
KXNBAGAME-26APR19PHIBOS,5m,1776617700,included,1776617700.0,0.0,0.875,0.87,0.88,0.010000000000000009,0.88,679543.1,60.0
KXNBAGAME-26APR19PHXOKC,24h,1776540600,no_prior_bar,,,,,,,,,
KXNBAGAME-26APR19PHXOKC,6h,1776605400,included,1776605400.0,0.0,0.895,0.89,0.9,0.010000000000000009,0.9,36184.9,49.0
KXNBAGAME-26APR19PHXOKC,1h,1776623400,included,1776623400.0,0.0,0.905,0.9,0.91,0.010000000000000009,0.91,230427.65,60.0
KXNBAGAME-26APR19PHXOKC,5m,1776626700,included,1776626700.0,0.0,0.905,0.9,0.91,0.010000000000000009,0.91,653451.0,60.0
KXNBAGAME-26APR19ORLDET,24h,1776551400,bar_too_old,,180.0,,,,,,,
KXNBAGAME-26APR19ORLDET,6h,1776616200,included,1776616200.0,0.0,0.785,0.78,0.79,0.010000000000000009,0.79,14819.75,59.0
KXNBAGAME-26APR19ORLDET,1h,1776634200,included,1776634200.0,0.0,0.785,0.78,0.79,0.010000000000000009,0.79,394301.76,60.0
KXNBAGAME-26APR19ORLDET,5m,1776637500,included,1776637500.0,0.0,0.785,0.78,0.79,0.010000000000000009,0.79,872508.72,60.0
KXNBAGAME-26APR19PORSAS,24h,1776560400,included,1776560400.0,0.0,0.825,0.82,0.83,0.010000000000000009,0.83,1575.06,32.0
KXNBAGAME-26APR19PORSAS,6h,1776625200,included,1776625200.0,0.0,0.835,0.83,0.84,0.010000000000000009,0.84,100088.75,59.0
KXNBAGAME-26APR19PORSAS,1h,1776643200,included,1776643200.0,0.0,0.835,0.83,0.84,0.010000000000000009,0.84,463605.67,60.0
KXNBAGAME-26APR19PORSAS,5m,1776646500,included,1776646500.0,0.0,0.845,0.84,0.85,0.010000000000000009,0.85,924956.92,60.0
KXNBAGAME-26APR20TORCLE,24h,1776639600,included,1776639480.0,120.0,0.765,0.76,0.77,0.010000000000000009,0.77,2720.27,27.0
KXNBAGAME-26APR20TORCLE,6h,1776704400,included,1776704400.0,0.0,0.785,0.78,0.79,0.010000000000000009,0.79,22083.89,58.0
KXNBAGAME-26APR20TORCLE,1h,1776722400,included,1776722400.0,0.0,0.795,0.79,0.8,0.010000000000000009,0.8,114638.83,60.0
KXNBAGAME-26APR20TORCLE,5m,1776725700,included,1776725700.0,0.0,0.795,0.79,0.8,0.010000000000000009,0.8,439410.42,60.0
KXNBAGAME-26APR20ATLNYK,24h,1776643200,included,1776643200.0,0.0,0.685,0.68,0.69,0.009999999999999898,0.69,3214.05,32.0
KXNBAGAME-26APR20ATLNYK,6h,1776708000,included,1776708000.0,0.0,0.695,0.69,0.7,0.010000000000000009,0.7,82854.04000000001,59.0
KXNBAGAME-26APR20ATLNYK,1h,1776726000,included,1776726000.0,0.0,0.695,0.69,0.7,0.010000000000000009,0.7,108902.44,60.0
KXNBAGAME-26APR20ATLNYK,5m,1776729300,included,1776729300.0,0.0,0.685,0.68,0.69,0.009999999999999898,0.69,336002.61,60.0
KXNBAGAME-26APR20MINDEN,24h,1776652200,included,1776652200.0,0.0,0.705,0.69,0.72,0.030000000000000027,0.72,3523.3,40.0
KXNBAGAME-26APR20MINDEN,6h,1776717000,included,1776717000.0,0.0,0.735,0.73,0.74,0.010000000000000009,0.74,24413.22,59.0
KXNBAGAME-26APR20MINDEN,1h,1776735000,included,1776735000.0,0.0,0.725,0.72,0.73,0.010000000000000009,0.73,70242.79,60.0
KXNBAGAME-26APR20MINDEN,5m,1776738300,included,1776738300.0,0.0,0.725,0.72,0.73,0.010000000000000009,0.73,437007.74,60.0
KXNBAGAME-26APR21PHIBOS,24h,1776726000,included,1776726000.0,0.0,0.885,0.88,0.89,0.010000000000000009,,4536.66,22.0
KXNBAGAME-26APR21PHIBOS,6h,1776790800,included,1776790800.0,0.0,0.885,0.88,0.89,0.010000000000000009,0.89,22776.33,55.0
KXNBAGAME-26APR21PHIBOS,1h,1776808800,included,1776808800.0,0.0,0.875,0.87,0.88,0.010000000000000009,0.88,247846.96,60.0
KXNBAGAME-26APR21PHIBOS,5m,1776812100,included,1776812100.0,0.0,0.875,0.87,0.88,0.010000000000000009,0.88,515806.54,60.0
KXNBAGAME-26APR21PORSAS,24h,1776729600,included,1776729600.0,0.0,0.855,0.85,0.86,0.010000000000000009,,1296.34,18.0
KXNBAGAME-26APR21PORSAS,6h,1776794400,included,1776794400.0,0.0,0.855,0.85,0.86,0.010000000000000009,0.86,36879.78,57.0
KXNBAGAME-26APR21PORSAS,1h,1776812400,included,1776812400.0,0.0,0.835,0.83,0.84,0.010000000000000009,0.84,80755.6,60.0
KXNBAGAME-26APR21PORSAS,5m,1776815700,included,1776815700.0,0.0,0.835,0.83,0.84,0.010000000000000009,0.84,337357.68,60.0
KXNBAGAME-26APR21HOULAL,24h,1776738600,included,1776738600.0,0.0,0.37,0.36,0.38,0.020000000000000018,0.38,24991.010000000002,57.0
KXNBAGAME-26APR21HOULAL,6h,1776803400,included,1776803400.0,0.0,0.365,0.36,0.37,0.010000000000000009,0.37,89892.07,60.0
KXNBAGAME-26APR21HOULAL,1h,1776821400,included,1776821400.0,0.0,0.325,0.32,0.33,0.010000000000000009,0.33,352766.34,60.0
KXNBAGAME-26APR21HOULAL,5m,1776824700,included,1776824700.0,0.0,0.33,0.32,0.34,0.020000000000000018,0.33,1157820.36,60.0
KXNBAGAME-26APR22ORLDET,24h,1776812400,included,1776812400.0,0.0,0.795,0.79,0.8,0.010000000000000009,,919.9,25.0
KXNBAGAME-26APR22ORLDET,6h,1776877200,included,1776877200.0,0.0,0.775,0.77,0.78,0.010000000000000009,0.78,37865.88,58.0
KXNBAGAME-26APR22ORLDET,1h,1776895200,included,1776895200.0,0.0,0.775,0.77,0.78,0.010000000000000009,0.78,200922.6,60.0
KXNBAGAME-26APR22ORLDET,5m,1776898500,included,1776898500.0,0.0,0.775,0.77,0.78,0.010000000000000009,0.78,227002.42,60.0
KXNBAGAME-26APR22PHXOKC,24h,1776821400,included,1776821400.0,0.0,0.925,0.92,0.93,0.010000000000000009,0.92,3685.29,16.0
KXNBAGAME-26APR22PHXOKC,6h,1776886200,included,1776886200.0,0.0,0.915,0.91,0.92,0.010000000000000009,0.91,20137.77,58.0
KXNBAGAME-26APR22PHXOKC,1h,1776904200,included,1776904200.0,0.0,0.915,0.91,0.92,0.010000000000000009,0.92,80284.94,60.0
KXNBAGAME-26APR22PHXOKC,5m,1776907500,included,1776907500.0,0.0,0.915,0.91,0.92,0.010000000000000009,0.92,360863.7,59.0
KXNBAGAME-26APR23NYKATL,24h,1776898800,included,1776898800.0,0.0,0.505,0.5,0.51,0.010000000000000009,0.51,7227.84,45.0
KXNBAGAME-26APR23NYKATL,6h,1776963600,included,1776963600.0,0.0,0.485,0.48,0.49,0.010000000000000009,0.49,11534.23,56.0
KXNBAGAME-26APR23NYKATL,1h,1776981600,included,1776981600.0,0.0,0.495,0.49,0.5,0.010000000000000009,0.5,139206.72,60.0
KXNBAGAME-26APR23NYKATL,5m,1776984900,included,1776984900.0,0.0,0.495,0.49,0.5,0.010000000000000009,0.5,426633.28,60.0
KXNBAGAME-26APR23CLETOR,24h,1776902400,included,1776902400.0,0.0,0.415,0.41,0.42,0.010000000000000009,,518.61,13.0
KXNBAGAME-26APR23CLETOR,6h,1776967200,included,1776967200.0,0.0,0.425,0.42,0.43,0.010000000000000009,0.43,24463.989999999998,51.0
KXNBAGAME-26APR23CLETOR,1h,1776985200,included,1776985200.0,0.0,0.425,0.42,0.43,0.010000000000000009,0.43,92449.44,60.0
KXNBAGAME-26APR23CLETOR,5m,1776988500,included,1776988500.0,0.0,0.425,0.42,0.43,0.010000000000000009,0.43,118743.42,60.0
KXNBAGAME-26APR23DENMIN,24h,1776907800,included,1776907800.0,0.0,0.455,0.45,0.46,0.010000000000000009,0.46,1737.89,35.0
KXNBAGAME-26APR23DENMIN,6h,1776972600,included,1776972600.0,0.0,0.455,0.45,0.46,0.010000000000000009,0.46,36936.5,57.0
KXNBAGAME-26APR23DENMIN,1h,1776990600,included,1776990600.0,0.0,0.515,0.51,0.52,0.010000000000000009,0.52,296691.89,60.0
KXNBAGAME-26APR23DENMIN,5m,1776993900,included,1776993900.0,0.0,0.525,0.52,0.53,0.010000000000000009,0.53,209586.63,60.0
KXNBAGAME-26APR24BOSPHI,24h,1776985200,included,1776985200.0,0.0,0.275,0.27,0.28,0.010000000000000009,0.28,7796.85,48.0
KXNBAGAME-26APR24BOSPHI,6h,1777050000,included,1777050000.0,0.0,0.265,0.26,0.27,0.010000000000000009,0.27,79865.38,60.0
KXNBAGAME-26APR24BOSPHI,1h,1777068000,included,1777068000.0,0.0,0.245,0.24,0.25,0.010000000000000009,0.25,396343.15,60.0
KXNBAGAME-26APR24BOSPHI,5m,1777071300,included,1777071300.0,0.0,0.235,0.23,0.24,0.009999999999999981,0.24,528005.61,60.0
KXNBAGAME-26APR24LALHOU,24h,1776988800,included,1776988800.0,0.0,0.745,0.74,0.75,0.010000000000000009,0.75,2238.67,31.0
KXNBAGAME-26APR24LALHOU,6h,1777053600,included,1777053600.0,0.0,0.735,0.73,0.74,0.010000000000000009,0.74,24542.84,57.0
KXNBAGAME-26APR24LALHOU,1h,1777071600,included,1777071600.0,0.0,0.635,0.63,0.64,0.010000000000000009,0.64,314266.79,60.0
KXNBAGAME-26APR24LALHOU,5m,1777074900,included,1777074900.0,0.0,0.675,0.67,0.68,0.010000000000000009,0.68,488229.36,60.0
KXNBAGAME-26APR24SASPOR,24h,1776997800,included,1776997800.0,0.0,0.46499999999999997,0.46,0.47,0.009999999999999953,0.47,1987.16,26.0
KXNBAGAME-26APR24SASPOR,6h,1777062600,included,1777062600.0,0.0,0.425,0.42,0.43,0.010000000000000009,0.43,48858.31,60.0
KXNBAGAME-26APR24SASPOR,1h,1777080600,included,1777080600.0,0.0,0.46499999999999997,0.46,0.47,0.009999999999999953,0.47,447624.16000000003,60.0
KXNBAGAME-26APR24SASPOR,5m,1777083900,included,1777083900.0,0.0,0.475,0.47,0.48,0.010000000000000009,0.48,599191.87,60.0
KXNBAGAME-26APR25DETORL,24h,1777050000,bar_too_old,,240.0,,,,,,,
KXNBAGAME-26APR25DETORL,6h,1777114800,included,1777114800.0,0.0,0.435,0.43,0.44,0.010000000000000009,0.44,9047.01,42.0
KXNBAGAME-26APR25DETORL,1h,1777132800,included,1777132800.0,0.0,0.455,0.45,0.46,0.010000000000000009,0.46,77419.91,60.0
KXNBAGAME-26APR25DETORL,5m,1777136100,included,1777136100.0,0.0,0.46499999999999997,0.46,0.47,0.009999999999999953,0.47,339505.36,60.0
KXNBAGAME-26APR25OKCPHX,24h,1777059000,included,1777059000.0,0.0,0.22,0.21,0.23,0.020000000000000018,0.23,4329.34,29.0
KXNBAGAME-26APR25OKCPHX,6h,1777123800,included,1777123800.0,0.0,0.215,0.21,0.22,0.010000000000000009,0.22,157362.56,60.0
KXNBAGAME-26APR25OKCPHX,1h,1777141800,included,1777141800.0,0.0,0.225,0.22,0.23,0.010000000000000009,0.23,124699.08,60.0
KXNBAGAME-26APR25OKCPHX,5m,1777145100,included,1777145100.0,0.0,0.235,0.23,0.24,0.009999999999999981,0.24,451377.71,60.0
KXNBAGAME-26APR25NYKATL,24h,1777068000,included,1777067940.0,60.0,0.46499999999999997,0.46,0.47,0.009999999999999953,0.47,989.35,15.0
KXNBAGAME-26APR25NYKATL,6h,1777132800,included,1777132800.0,0.0,0.46499999999999997,0.46,0.47,0.009999999999999953,0.47,15725.17,56.0
KXNBAGAME-26APR25NYKATL,1h,1777150800,included,1777150800.0,0.0,0.455,0.45,0.46,0.010000000000000009,0.46,130298.92,60.0
KXNBAGAME-26APR25NYKATL,5m,1777154100,included,1777154100.0,0.0,0.46499999999999997,0.46,0.47,0.009999999999999953,0.47,693847.01,60.0
KXNBAGAME-26APR25DENMIN,24h,1777077000,bar_too_old,,180.0,,,,,,,
KXNBAGAME-26APR25DENMIN,6h,1777141800,included,1777141800.0,0.0,0.485,0.48,0.49,0.010000000000000009,0.49,25059.72,58.0
KXNBAGAME-26APR25DENMIN,1h,1777159800,included,1777159800.0,0.0,0.515,0.51,0.52,0.010000000000000009,0.52,207771.9,60.0
KXNBAGAME-26APR25DENMIN,5m,1777163100,included,1777163100.0,0.0,0.475,0.47,0.48,0.010000000000000009,0.48,910825.37,60.0
KXNBAGAME-26APR26CLETOR,24h,1777136400,included,1777136400.0,0.0,0.395,0.39,0.4,0.010000000000000009,,610.68,12.0
KXNBAGAME-26APR26CLETOR,6h,1777201200,included,1777201200.0,0.0,0.395,0.39,0.4,0.010000000000000009,0.4,5605.54,33.0
KXNBAGAME-26APR26CLETOR,1h,1777219200,included,1777219200.0,0.0,0.385,0.38,0.39,0.010000000000000009,0.39,225601.86,60.0
KXNBAGAME-26APR26CLETOR,5m,1777222500,included,1777222500.0,0.0,0.385,0.38,0.39,0.010000000000000009,0.39,253939.99,60.0
KXNBAGAME-26APR26SASPOR,24h,1777145400,included,1777145400.0,0.0,0.335,0.33,0.34,0.010000000000000009,0.34,2104.87,32.0
KXNBAGAME-26APR26SASPOR,6h,1777210200,included,1777210200.0,0.0,0.345,0.34,0.35,0.009999999999999953,0.35,9661.07,50.0
KXNBAGAME-26APR26SASPOR,1h,1777228200,included,1777228200.0,0.0,0.355,0.35,0.36,0.010000000000000009,0.36,94772.18000000001,60.0
KXNBAGAME-26APR26SASPOR,5m,1777231500,included,1777231500.0,0.0,0.325,0.32,0.33,0.010000000000000009,0.33,409348.58,60.0
KXNBAGAME-26APR26BOSPHI,24h,1777158000,included,1777157940.0,60.0,0.275,0.27,0.28,0.010000000000000009,,3093.2599999999998,32.0
KXNBAGAME-26APR26BOSPHI,6h,1777222800,included,1777222800.0,0.0,0.265,0.26,0.27,0.010000000000000009,0.27,54362.24,60.0
KXNBAGAME-26APR26BOSPHI,1h,1777240800,included,1777240800.0,0.0,0.305,0.3,0.31,0.010000000000000009,0.31,1122992.69,60.0
KXNBAGAME-26APR26BOSPHI,5m,1777244100,included,1777244100.0,0.0,0.335,0.33,0.34,0.010000000000000009,0.34,2195444.34,60.0
KXNBAGAME-26APR26LALHOU,24h,1777167000,included,1777167000.0,0.0,0.62,0.61,0.63,0.020000000000000018,0.63,1171.76,31.0
KXNBAGAME-26APR26LALHOU,6h,1777231800,included,1777231800.0,0.0,0.565,0.56,0.57,0.009999999999999898,0.57,83780.25,56.0
KXNBAGAME-26APR26LALHOU,1h,1777249800,included,1777249800.0,0.0,0.575,0.57,0.58,0.010000000000000009,0.58,252601.91,60.0
KXNBAGAME-26APR26LALHOU,5m,1777253100,included,1777253100.0,0.0,0.595,0.59,0.6,0.010000000000000009,0.6,504225.42,60.0
KXNBAGAME-26APR27DETORL,24h,1777248000,included,1777247880.0,120.0,0.425,0.42,0.43,0.010000000000000009,0.43,1778.27,27.0
KXNBAGAME-26APR27DETORL,6h,1777312800,included,1777312800.0,0.0,0.415,0.41,0.42,0.010000000000000009,0.42,28422.76,60.0
KXNBAGAME-26APR27DETORL,1h,1777330800,included,1777330800.0,0.0,0.405,0.4,0.41,0.009999999999999953,0.41,434582.32,60.0
KXNBAGAME-26APR27DETORL,5m,1777334100,included,1777334100.0,0.0,0.395,0.39,0.4,0.010000000000000009,0.4,506310.21,60.0
KXNBAGAME-26APR27OKCPHX,24h,1777253400,included,1777253400.0,0.0,0.195,0.19,0.2,0.010000000000000009,0.2,5761.900000000001,39.0
KXNBAGAME-26APR27OKCPHX,6h,1777318200,included,1777318200.0,0.0,0.185,0.18,0.19,0.010000000000000009,0.19,47932.68,60.0
KXNBAGAME-26APR27OKCPHX,1h,1777336200,included,1777336200.0,0.0,0.185,0.18,0.19,0.010000000000000009,0.19,128699.14,60.0
KXNBAGAME-26APR27OKCPHX,5m,1777339500,included,1777339500.0,0.0,0.185,0.18,0.19,0.010000000000000009,0.19,256695.51,60.0
KXNBAGAME-26APR27MINDEN,24h,1777257000,included,1777257000.0,0.0,0.805,0.8,0.81,0.010000000000000009,0.81,1498.18,35.0
KXNBAGAME-26APR27MINDEN,6h,1777321800,included,1777321800.0,0.0,0.805,0.8,0.81,0.010000000000000009,0.81,340923.87,59.0
KXNBAGAME-26APR27MINDEN,1h,1777339800,included,1777339800.0,0.0,0.815,0.81,0.82,0.009999999999999898,0.82,64156.8,60.0
KXNBAGAME-26APR27MINDEN,5m,1777343100,included,1777343100.0,0.0,0.805,0.8,0.81,0.010000000000000009,0.8,258018.29,60.0
KXNBAGAME-26APR28PHIBOS,24h,1777330800,included,1777330740.0,60.0,0.825,0.82,0.83,0.010000000000000009,0.83,1661.6599999999999,21.0
KXNBAGAME-26APR28PHIBOS,6h,1777395600,included,1777395600.0,0.0,0.825,0.82,0.83,0.010000000000000009,0.83,9245.16,57.0
KXNBAGAME-26APR28PHIBOS,1h,1777413600,included,1777413600.0,0.0,0.795,0.79,0.8,0.010000000000000009,0.8,336855.11,60.0
KXNBAGAME-26APR28PHIBOS,5m,1777416900,included,1777416900.0,0.0,0.795,0.79,0.8,0.010000000000000009,0.8,224993.69,60.0
KXNBAGAME-26APR28ATLNYK,24h,1777334400,included,1777334400.0,0.0,0.715,0.71,0.72,0.010000000000000009,,511.71,14.0
KXNBAGAME-26APR28ATLNYK,6h,1777399200,included,1777399200.0,0.0,0.695,0.69,0.7,0.010000000000000009,0.7,27610.45,59.0
KXNBAGAME-26APR28ATLNYK,1h,1777417200,included,1777417200.0,0.0,0.695,0.69,0.7,0.010000000000000009,0.7,83369.62,60.0
KXNBAGAME-26APR28ATLNYK,5m,1777420500,included,1777420500.0,0.0,0.695,0.69,0.7,0.010000000000000009,0.7,193430.22,60.0
KXNBAGAME-26APR28PORSAS,24h,1777339800,included,1777339800.0,0.0,0.835,0.83,0.84,0.010000000000000009,0.84,455.06,17.0
KXNBAGAME-26APR28PORSAS,6h,1777404600,included,1777404600.0,0.0,0.835,0.83,0.84,0.010000000000000009,0.84,18038.57,55.0
KXNBAGAME-26APR28PORSAS,1h,1777422600,included,1777422600.0,0.0,0.825,0.82,0.83,0.010000000000000009,0.83,78451.91,60.0
KXNBAGAME-26APR28PORSAS,5m,1777425900,included,1777425900.0,0.0,0.825,0.82,0.83,0.010000000000000009,0.83,157787.99,60.0
KXNBAGAME-26APR29ORLDET,24h,1777417200,included,1777417200.0,0.0,0.765,0.76,0.77,0.010000000000000009,,746.18,16.0
KXNBAGAME-26APR29ORLDET,6h,1777482000,included,1777482000.0,0.0,0.765,0.76,0.77,0.010000000000000009,0.77,13781.74,55.0
KXNBAGAME-26APR29ORLDET,1h,1777500000,included,1777500000.0,0.0,0.775,0.77,0.78,0.010000000000000009,0.78,333918.31,60.0
KXNBAGAME-26APR29ORLDET,5m,1777503300,included,1777503300.0,0.0,0.785,0.78,0.79,0.010000000000000009,0.78,481503.75,60.0
KXNBAGAME-26APR29TORCLE,24h,1777419000,included,1777419000.0,0.0,0.765,0.76,0.77,0.010000000000000009,0.77,151.22,12.0
KXNBAGAME-26APR29TORCLE,6h,1777483800,included,1777483800.0,0.0,0.765,0.76,0.77,0.010000000000000009,0.77,13168.86,56.0
KXNBAGAME-26APR29TORCLE,1h,1777501800,included,1777501800.0,0.0,0.775,0.77,0.78,0.010000000000000009,0.78,92007.98,58.0
KXNBAGAME-26APR29TORCLE,5m,1777505100,included,1777505100.0,0.0,0.775,0.77,0.78,0.010000000000000009,0.78,128200.94,60.0
KXNBAGAME-26APR29HOULAL,24h,1777428000,included,1777428000.0,0.0,0.625,0.62,0.63,0.010000000000000009,0.63,44314.71,58.0
KXNBAGAME-26APR29HOULAL,6h,1777492800,included,1777492800.0,0.0,0.605,0.6,0.61,0.010000000000000009,0.61,81020.77,60.0
KXNBAGAME-26APR29HOULAL,1h,1777510800,included,1777510800.0,0.0,0.605,0.6,0.61,0.010000000000000009,0.61,195583.91,60.0
KXNBAGAME-26APR29HOULAL,5m,1777514100,included,1777514100.0,0.0,0.595,0.59,0.6,0.010000000000000009,0.6,817867.03,60.0
KXNBAGAME-26APR30NYKATL,24h,1777503600,included,1777503600.0,0.0,0.445,0.44,0.45,0.010000000000000009,,946.55,18.0
KXNBAGAME-26APR30NYKATL,6h,1777568400,included,1777568400.0,0.0,0.435,0.43,0.44,0.010000000000000009,0.44,21916.32,54.0
KXNBAGAME-26APR30NYKATL,1h,1777586400,included,1777586400.0,0.0,0.425,0.42,0.43,0.010000000000000009,0.43,186208.21,60.0
KXNBAGAME-26APR30NYKATL,5m,1777589700,included,1777589700.0,0.0,0.415,0.41,0.42,0.010000000000000009,0.42,395466.0,60.0
KXNBAGAME-26APR30BOSPHI,24h,1777507200,bar_too_old,,360.0,,,,,,,
KXNBAGAME-26APR30BOSPHI,6h,1777572000,included,1777571940.0,60.0,0.315,0.31,0.32,0.010000000000000009,0.32,44302.31,59.0
KXNBAGAME-26APR30BOSPHI,1h,1777590000,included,1777590000.0,0.0,0.315,0.31,0.32,0.010000000000000009,0.32,201836.67,60.0
KXNBAGAME-26APR30BOSPHI,5m,1777593300,included,1777593300.0,0.0,0.315,0.31,0.32,0.010000000000000009,0.32,768501.0,60.0
KXNBAGAME-26APR30DENMIN,24h,1777512600,included,1777512600.0,0.0,0.335,0.33,0.34,0.010000000000000009,0.34,1448.76,28.0
KXNBAGAME-26APR30DENMIN,6h,1777577400,included,1777577400.0,0.0,0.325,0.32,0.33,0.010000000000000009,0.33,25806.86,59.0
KXNBAGAME-26APR30DENMIN,1h,1777595400,included,1777595400.0,0.0,0.28500000000000003,0.28,0.29,0.009999999999999953,0.29,304120.09,60.0
KXNBAGAME-26APR30DENMIN,5m,1777598700,included,1777598700.0,0.0,0.275,0.27,0.28,0.010000000000000009,0.28,475925.51,60.0
KXNBAGAME-26MAY01DETORL,24h,1777590000,included,1777590000.0,0.0,0.405,0.4,0.41,0.009999999999999953,,1497.9,27.0
KXNBAGAME-26MAY01DETORL,6h,1777654800,included,1777654800.0,0.0,0.395,0.39,0.4,0.010000000000000009,0.4,57647.979999999996,60.0
KXNBAGAME-26MAY01DETORL,1h,1777672800,included,1777672800.0,0.0,0.405,0.4,0.41,0.009999999999999953,0.41,367289.16,60.0
KXNBAGAME-26MAY01DETORL,5m,1777676100,included,1777676100.0,0.0,0.405,0.4,0.41,0.009999999999999953,0.41,862403.36,60.0
KXNBAGAME-26MAY01CLETOR,24h,1777591800,included,1777591680.0,120.0,0.395,0.39,0.4,0.010000000000000009,0.4,455.0,21.0
KXNBAGAME-26MAY01CLETOR,6h,1777656600,included,1777656600.0,0.0,0.375,0.37,0.38,0.010000000000000009,0.38,23935.34,57.0
KXNBAGAME-26MAY01CLETOR,1h,1777674600,included,1777674600.0,0.0,0.355,0.35,0.36,0.010000000000000009,0.36,99098.6,60.0
KXNBAGAME-26MAY01CLETOR,5m,1777677900,included,1777677900.0,0.0,0.365,0.36,0.37,0.010000000000000009,0.37,176725.81,60.0
KXNBAGAME-26MAY01LALHOU,24h,1777599000,included,1777598940.0,60.0,0.615,0.61,0.62,0.010000000000000009,0.62,2198.36,25.0
KXNBAGAME-26MAY01LALHOU,6h,1777663800,included,1777663800.0,0.0,0.595,0.59,0.6,0.010000000000000009,0.6,15955.84,57.0
KXNBAGAME-26MAY01LALHOU,1h,1777681800,included,1777681800.0,0.0,0.595,0.59,0.6,0.010000000000000009,0.6,112751.67,60.0
KXNBAGAME-26MAY01LALHOU,5m,1777685100,included,1777685100.0,0.0,0.605,0.6,0.61,0.010000000000000009,0.61,426107.49,60.0
KXNBAGAME-26MAY04PHINYK,24h,1777852800,included,1777852680.0,120.0,0.715,0.71,0.72,0.010000000000000009,,6231.68,43.0
KXNBAGAME-26MAY04PHINYK,6h,1777917600,included,1777917600.0,0.0,0.705,0.7,0.71,0.010000000000000009,0.71,43637.71,60.0
KXNBAGAME-26MAY04PHINYK,1h,1777935600,included,1777935600.0,0.0,0.705,0.7,0.71,0.010000000000000009,0.71,236975.75,60.0
KXNBAGAME-26MAY04PHINYK,5m,1777938900,included,1777938900.0,0.0,0.715,0.71,0.72,0.010000000000000009,0.72,425224.76,60.0
KXNBAGAME-26MAY04MINSAS,24h,1777858200,included,1777858200.0,0.0,0.845,0.84,0.85,0.010000000000000009,,2930.44,38.0
KXNBAGAME-26MAY04MINSAS,6h,1777923000,included,1777923000.0,0.0,0.755,0.75,0.76,0.010000000000000009,0.76,173104.61000000002,60.0
KXNBAGAME-26MAY04MINSAS,1h,1777941000,included,1777941000.0,0.0,0.775,0.77,0.78,0.010000000000000009,0.78,104150.75,60.0
KXNBAGAME-26MAY04MINSAS,5m,1777944300,included,1777944300.0,0.0,0.775,0.77,0.78,0.010000000000000009,0.78,292744.49,60.0
KXNBAGAME-26MAY05CLEDET,24h,1777935600,included,1777935540.0,60.0,0.585,0.58,0.59,0.010000000000000009,0.59,1947.6100000000001,25.0
KXNBAGAME-26MAY05CLEDET,6h,1778000400,included,1778000400.0,0.0,0.585,0.58,0.59,0.010000000000000009,0.59,31628.170000000002,59.0
KXNBAGAME-26MAY05CLEDET,1h,1778018400,included,1778018400.0,0.0,0.585,0.58,0.59,0.010000000000000009,0.59,249587.43,60.0
KXNBAGAME-26MAY05CLEDET,5m,1778021700,included,1778021700.0,0.0,0.595,0.59,0.6,0.010000000000000009,0.6,352636.92,60.0
KXNBAGAME-26MAY05LALOKC,24h,1777941000,included,1777941000.0,0.0,0.875,0.87,0.88,0.010000000000000009,0.87,4017.96,33.0
KXNBAGAME-26MAY05LALOKC,6h,1778005800,included,1778005800.0,0.0,0.865,0.86,0.87,0.010000000000000009,0.87,32123.47,59.0
KXNBAGAME-26MAY05LALOKC,1h,1778023800,included,1778023800.0,0.0,0.855,0.85,0.86,0.010000000000000009,0.85,232565.07,60.0
KXNBAGAME-26MAY05LALOKC,5m,1778027100,included,1778027100.0,0.0,0.855,0.85,0.86,0.010000000000000009,0.86,668018.08,60.0
KXNBAGAME-26MAY06PHINYK,24h,1778022000,included,1778022000.0,0.0,0.71,0.7,0.72,0.020000000000000018,0.72,1918.11,34.0
KXNBAGAME-26MAY06PHINYK,6h,1778086800,included,1778086800.0,0.0,0.775,0.77,0.78,0.010000000000000009,0.78,965480.75,60.0
KXNBAGAME-26MAY06PHINYK,1h,1778104800,included,1778104800.0,0.0,0.795,0.79,0.8,0.010000000000000009,0.8,237312.84,60.0
KXNBAGAME-26MAY06PHINYK,5m,1778108100,included,1778108100.0,0.0,0.795,0.79,0.8,0.010000000000000009,0.8,272709.55,60.0
KXNBAGAME-26MAY06MINSAS,24h,1778031000,included,1778031000.0,0.0,0.775,0.77,0.78,0.010000000000000009,0.78,3315.47,39.0
KXNBAGAME-26MAY06MINSAS,6h,1778095800,included,1778095800.0,0.0,0.775,0.77,0.78,0.010000000000000009,0.78,24654.76,59.0
KXNBAGAME-26MAY06MINSAS,1h,1778113800,included,1778113800.0,0.0,0.775,0.77,0.78,0.010000000000000009,0.78,114006.29,60.0
KXNBAGAME-26MAY06MINSAS,5m,1778117100,included,1778117100.0,0.0,0.775,0.77,0.78,0.010000000000000009,0.78,113700.16,60.0
KXNBAGAME-26MAY07CLEDET,24h,1778108400,included,1778108400.0,0.0,0.595,0.59,0.6,0.010000000000000009,0.6,4688.45,40.0
KXNBAGAME-26MAY07CLEDET,6h,1778173200,included,1778173200.0,0.0,0.605,0.6,0.61,0.010000000000000009,0.61,25713.0,60.0
KXNBAGAME-26MAY07CLEDET,1h,1778191200,included,1778191200.0,0.0,0.605,0.6,0.61,0.010000000000000009,0.61,308919.62,60.0
KXNBAGAME-26MAY07CLEDET,5m,1778194500,included,1778194500.0,0.0,0.615,0.61,0.62,0.010000000000000009,0.62,435726.2,60.0
KXNBAGAME-26MAY07LALOKC,24h,1778117400,included,1778117400.0,0.0,0.875,0.87,0.88,0.010000000000000009,0.88,8581.73,31.0
KXNBAGAME-26MAY07LALOKC,6h,1778182200,included,1778182200.0,0.0,0.875,0.87,0.88,0.010000000000000009,0.88,381975.68,58.0
KXNBAGAME-26MAY07LALOKC,1h,1778200200,included,1778200200.0,0.0,0.875,0.87,0.88,0.010000000000000009,0.88,174475.08000000002,60.0
KXNBAGAME-26MAY07LALOKC,5m,1778203500,included,1778203500.0,0.0,0.885,0.88,0.89,0.010000000000000009,0.89,2213403.5,60.0
KXNBAGAME-26MAY08NYKPHI,24h,1778194800,included,1778194800.0,0.0,0.505,0.5,0.51,0.010000000000000009,0.51,2756.54,42.0
KXNBAGAME-26MAY08NYKPHI,6h,1778259600,included,1778259600.0,0.0,0.515,0.51,0.52,0.010000000000000009,0.52,86340.03,60.0
KXNBAGAME-26MAY08NYKPHI,1h,1778277600,included,1778277600.0,0.0,0.605,0.6,0.61,0.010000000000000009,0.61,339804.26,60.0
KXNBAGAME-26MAY08NYKPHI,5m,1778280900,included,1778280900.0,0.0,0.585,0.58,0.59,0.010000000000000009,0.59,643348.72,60.0
KXNBAGAME-26MAY08SASMIN,24h,1778203800,included,1778203800.0,0.0,0.355,0.35,0.36,0.010000000000000009,0.36,2892.66,37.0
KXNBAGAME-26MAY08SASMIN,6h,1778268600,included,1778268600.0,0.0,0.345,0.34,0.35,0.009999999999999953,0.35,203641.76,60.0
KXNBAGAME-26MAY08SASMIN,1h,1778286600,included,1778286600.0,0.0,0.335,0.33,0.34,0.010000000000000009,0.34,285114.3,60.0
KXNBAGAME-26MAY08SASMIN,5m,1778289900,included,1778289900.0,0.0,0.345,0.34,0.35,0.009999999999999953,0.35,630900.56,60.0
KXNBAGAME-26MAY09DETCLE,24h,1778266800,included,1778266800.0,0.0,0.615,0.61,0.62,0.010000000000000009,,904.36,23.0
KXNBAGAME-26MAY09DETCLE,6h,1778331600,included,1778331600.0,0.0,0.615,0.61,0.62,0.010000000000000009,0.62,20790.14,58.0
KXNBAGAME-26MAY09DETCLE,1h,1778349600,included,1778349600.0,0.0,0.625,0.62,0.63,0.010000000000000009,0.62,170201.72,59.0
KXNBAGAME-26MAY09DETCLE,5m,1778352900,included,1778352900.0,0.0,0.625,0.62,0.63,0.010000000000000009,0.62,344687.05,60.0
KXNBAGAME-26MAY09OKCLAL,24h,1778286600,included,1778286600.0,0.0,0.235,0.23,0.24,0.009999999999999981,,30054.87,58.0
KXNBAGAME-26MAY09OKCLAL,6h,1778351400,included,1778351400.0,0.0,0.245,0.24,0.25,0.010000000000000009,0.25,236055.02,60.0
KXNBAGAME-26MAY09OKCLAL,1h,1778369400,included,1778369400.0,0.0,0.245,0.24,0.25,0.010000000000000009,0.25,1037499.68,60.0
KXNBAGAME-26MAY09OKCLAL,5m,1778372700,included,1778372700.0,0.0,0.245,0.24,0.25,0.010000000000000009,0.25,1595461.1199999999,60.0
KXNBAGAME-26MAY10NYKPHI,24h,1778355000,included,1778354940.0,60.0,0.475,0.47,0.48,0.010000000000000009,0.48,1347.23,21.0
KXNBAGAME-26MAY10NYKPHI,6h,1778419800,included,1778419800.0,0.0,0.475,0.47,0.48,0.010000000000000009,0.48,26525.43,56.0
KXNBAGAME-26MAY10NYKPHI,1h,1778437800,included,1778437800.0,0.0,0.475,0.47,0.48,0.010000000000000009,0.48,168225.33,60.0
KXNBAGAME-26MAY10NYKPHI,5m,1778441100,included,1778441100.0,0.0,0.455,0.45,0.46,0.010000000000000009,0.46,576957.59,60.0
KXNBAGAME-26MAY10SASMIN,24h,1778369400,included,1778369400.0,0.0,0.365,0.36,0.37,0.010000000000000009,0.37,4533.43,43.0
KXNBAGAME-26MAY10SASMIN,6h,1778434200,included,1778434200.0,0.0,0.355,0.35,0.36,0.010000000000000009,0.36,38729.41,60.0
KXNBAGAME-26MAY10SASMIN,1h,1778452200,included,1778452200.0,0.0,0.365,0.36,0.37,0.010000000000000009,0.37,771403.72,60.0
KXNBAGAME-26MAY10SASMIN,5m,1778455500,included,1778455500.0,0.0,0.365,0.36,0.37,0.010000000000000009,0.37,1107140.89,60.0
KXNBAGAME-26MAY11DETCLE,24h,1778457600,included,1778457600.0,0.0,0.595,0.59,0.6,0.010000000000000009,,4150.28,30.0
KXNBAGAME-26MAY11DETCLE,6h,1778522400,included,1778522400.0,0.0,0.605,0.6,0.61,0.010000000000000009,0.61,35290.73,60.0
KXNBAGAME-26MAY11DETCLE,1h,1778540400,included,1778540400.0,0.0,0.595,0.59,0.6,0.010000000000000009,0.59,191290.11,60.0
KXNBAGAME-26MAY11DETCLE,5m,1778543700,included,1778543700.0,0.0,0.595,0.59,0.6,0.010000000000000009,0.6,291291.83,60.0
KXNBAGAME-26MAY11OKCLAL,24h,1778466600,included,1778466600.0,0.0,0.185,0.18,0.19,0.010000000000000009,0.19,96346.57,59.0
KXNBAGAME-26MAY11OKCLAL,6h,1778531400,included,1778531400.0,0.0,0.185,0.18,0.19,0.010000000000000009,0.19,294063.89,60.0
KXNBAGAME-26MAY11OKCLAL,1h,1778549400,included,1778549400.0,0.0,0.175,0.17,0.18,0.009999999999999981,0.18,967109.02,60.0
KXNBAGAME-26MAY11OKCLAL,5m,1778552700,included,1778552700.0,0.0,0.175,0.17,0.18,0.009999999999999981,0.18,2318074.85,60.0
KXNBAGAME-26MAY12MINSAS,24h,1778544000,included,1778544000.0,0.0,0.775,0.77,0.78,0.010000000000000009,,5346.6,52.0
KXNBAGAME-26MAY12MINSAS,6h,1778608800,included,1778608800.0,0.0,0.775,0.77,0.78,0.010000000000000009,0.78,42521.46,60.0
KXNBAGAME-26MAY12MINSAS,1h,1778626800,included,1778626800.0,0.0,0.785,0.78,0.79,0.010000000000000009,0.79,205635.52,60.0
KXNBAGAME-26MAY12MINSAS,5m,1778630100,included,1778630100.0,0.0,0.785,0.78,0.79,0.010000000000000009,0.79,341584.85,60.0
KXNBAGAME-26MAY13CLEDET,24h,1778630400,included,1778630400.0,0.0,0.615,0.61,0.62,0.010000000000000009,0.62,17097.62,58.0
KXNBAGAME-26MAY13CLEDET,6h,1778695200,included,1778695200.0,0.0,0.615,0.61,0.62,0.010000000000000009,0.62,37921.96,60.0
KXNBAGAME-26MAY13CLEDET,1h,1778713200,included,1778713200.0,0.0,0.615,0.61,0.62,0.010000000000000009,0.62,412156.88,60.0
KXNBAGAME-26MAY13CLEDET,5m,1778716500,included,1778716500.0,0.0,0.615,0.61,0.62,0.010000000000000009,0.62,491996.98,60.0
KXNBAGAME-26MAY15DETCLE,24h,1778799600,included,1778799600.0,0.0,0.615,0.61,0.62,0.010000000000000009,0.62,67279.04,58.0
KXNBAGAME-26MAY15DETCLE,6h,1778864400,included,1778864400.0,0.0,0.615,0.61,0.62,0.010000000000000009,0.62,25714.55,59.0
KXNBAGAME-26MAY15DETCLE,1h,1778882400,included,1778882400.0,0.0,0.615,0.61,0.62,0.010000000000000009,0.61,156422.56,60.0
KXNBAGAME-26MAY15DETCLE,5m,1778885700,included,1778885700.0,0.0,0.615,0.61,0.62,0.010000000000000009,0.62,338709.95,60.0
KXNBAGAME-26MAY15SASMIN,24h,1778808600,included,1778808600.0,0.0,0.345,0.34,0.35,0.009999999999999953,0.35,21194.77,59.0
KXNBAGAME-26MAY15SASMIN,6h,1778873400,included,1778873400.0,0.0,0.335,0.33,0.34,0.010000000000000009,0.34,95439.86,60.0
KXNBAGAME-26MAY15SASMIN,1h,1778891400,included,1778891400.0,0.0,0.325,0.32,0.33,0.010000000000000009,0.33,260936.43,60.0
KXNBAGAME-26MAY15SASMIN,5m,1778894700,included,1778894700.0,0.0,0.325,0.32,0.33,0.010000000000000009,0.33,572177.42,60.0
KXNBAGAME-26MAY18SASOKC,24h,1779064200,included,1779064200.0,0.0,0.685,0.68,0.69,0.009999999999999898,0.69,6704.58,55.0
KXNBAGAME-26MAY18SASOKC,6h,1779129000,included,1779129000.0,0.0,0.675,0.67,0.68,0.010000000000000009,0.67,37552.8,60.0
KXNBAGAME-26MAY18SASOKC,1h,1779147000,included,1779147000.0,0.0,0.675,0.67,0.68,0.010000000000000009,0.68,278328.15,60.0
KXNBAGAME-26MAY18SASOKC,5m,1779150300,included,1779150300.0,0.0,0.695,0.69,0.7,0.010000000000000009,0.7,5210801.2299999995,60.0
KXNBAGAME-26MAY19CLENYK,24h,1779148800,included,1779148800.0,0.0,0.705,0.7,0.71,0.010000000000000009,0.71,6992.49,58.0
KXNBAGAME-26MAY19CLENYK,6h,1779213600,included,1779213600.0,0.0,0.685,0.68,0.69,0.009999999999999898,0.69,93713.85,60.0
KXNBAGAME-26MAY19CLENYK,1h,1779231600,included,1779231600.0,0.0,0.675,0.67,0.68,0.010000000000000009,0.68,499490.58,60.0
KXNBAGAME-26MAY19CLENYK,5m,1779234900,included,1779234900.0,0.0,0.675,0.67,0.68,0.010000000000000009,0.68,904451.61,60.0
KXNBAGAME-26MAY20SASOKC,24h,1779237000,included,1779237000.0,0.0,0.675,0.67,0.68,0.010000000000000009,0.68,9937.140000000001,50.0
KXNBAGAME-26MAY20SASOKC,6h,1779301800,included,1779301800.0,0.0,0.685,0.68,0.69,0.009999999999999898,0.69,92908.15,60.0
KXNBAGAME-26MAY20SASOKC,1h,1779319800,included,1779319800.0,0.0,0.685,0.68,0.69,0.009999999999999898,0.69,494054.32,60.0
KXNBAGAME-26MAY20SASOKC,5m,1779323100,included,1779323100.0,0.0,0.685,0.68,0.69,0.009999999999999898,0.69,912260.96,60.0
KXNBAGAME-26MAY21CLENYK,24h,1779321600,included,1779321600.0,0.0,0.675,0.67,0.68,0.010000000000000009,0.68,7452.54,46.0
KXNBAGAME-26MAY21CLENYK,6h,1779386400,included,1779386400.0,0.0,0.655,0.65,0.66,0.010000000000000009,0.66,115487.7,60.0
KXNBAGAME-26MAY21CLENYK,1h,1779404400,included,1779404400.0,0.0,0.645,0.64,0.65,0.010000000000000009,0.65,363188.31,60.0
KXNBAGAME-26MAY21CLENYK,5m,1779407700,included,1779407700.0,0.0,0.645,0.64,0.65,0.010000000000000009,0.65,707066.02,60.0
KXNBAGAME-26MAY22OKCSAS,24h,1779409800,included,1779409800.0,0.0,0.535,0.53,0.54,0.010000000000000009,0.54,14215.31,60.0
KXNBAGAME-26MAY22OKCSAS,6h,1779474600,included,1779474600.0,0.0,0.545,0.54,0.55,0.010000000000000009,0.55,230540.42,60.0
KXNBAGAME-26MAY22OKCSAS,1h,1779492600,included,1779492600.0,0.0,0.545,0.54,0.55,0.010000000000000009,0.55,729435.4400000001,60.0
KXNBAGAME-26MAY22OKCSAS,5m,1779495900,included,1779495900.0,0.0,0.575,0.57,0.58,0.010000000000000009,0.58,1830770.03,60.0
KXNBAGAME-26MAY23NYKCLE,24h,1779494400,included,1779494400.0,0.0,0.545,0.54,0.55,0.010000000000000009,0.55,3916.41,34.0
KXNBAGAME-26MAY23NYKCLE,6h,1779559200,included,1779559200.0,0.0,0.555,0.55,0.56,0.010000000000000009,0.56,73820.24,60.0
KXNBAGAME-26MAY23NYKCLE,1h,1779577200,included,1779577200.0,0.0,0.565,0.56,0.57,0.009999999999999898,0.57,334501.27999999997,60.0
KXNBAGAME-26MAY23NYKCLE,5m,1779580500,included,1779580500.0,0.0,0.565,0.56,0.57,0.009999999999999898,0.57,774735.11,60.0
KXNBAGAME-26MAY24OKCSAS,24h,1779580800,included,1779580800.0,0.0,0.555,0.55,0.56,0.010000000000000009,0.55,138887.63,54.0
KXNBAGAME-26MAY24OKCSAS,6h,1779645600,included,1779645600.0,0.0,0.575,0.57,0.58,0.010000000000000009,0.58,94297.71,60.0
KXNBAGAME-26MAY24OKCSAS,1h,1779663600,included,1779663600.0,0.0,0.575,0.57,0.58,0.010000000000000009,0.58,563630.11,60.0
KXNBAGAME-26MAY24OKCSAS,5m,1779666900,included,1779666900.0,0.0,0.575,0.57,0.58,0.010000000000000009,0.58,1321297.94,60.0
KXNBAGAME-26MAY25NYKCLE,24h,1779667200,included,1779667200.0,0.0,0.445,0.44,0.45,0.010000000000000009,0.45,1998.48,37.0
KXNBAGAME-26MAY25NYKCLE,6h,1779732000,included,1779732000.0,0.0,0.455,0.45,0.46,0.010000000000000009,0.45,158634.45,60.0
KXNBAGAME-26MAY25NYKCLE,1h,1779750000,included,1779750000.0,0.0,0.46499999999999997,0.46,0.47,0.009999999999999953,0.47,606124.71,60.0
KXNBAGAME-26MAY25NYKCLE,5m,1779753300,included,1779753300.0,0.0,0.46499999999999997,0.46,0.47,0.009999999999999953,0.47,992171.95,60.0
KXNBAGAME-26MAY26SASOKC,24h,1779755400,included,1779755400.0,0.0,0.625,0.62,0.63,0.010000000000000009,,3647.31,44.0
KXNBAGAME-26MAY26SASOKC,6h,1779820200,included,1779820200.0,0.0,0.605,0.6,0.61,0.010000000000000009,0.61,88574.95,60.0
KXNBAGAME-26MAY26SASOKC,1h,1779838200,included,1779838200.0,0.0,0.585,0.58,0.59,0.010000000000000009,0.59,451997.69,60.0
KXNBAGAME-26MAY26SASOKC,5m,1779841500,included,1779841500.0,0.0,0.585,0.58,0.59,0.010000000000000009,0.59,939229.09,60.0
KXNBAGAME-26MAY28OKCSAS,24h,1779928200,included,1779928200.0,0.0,0.595,0.59,0.6,0.010000000000000009,0.6,44304.71,60.0
KXNBAGAME-26MAY28OKCSAS,6h,1779993000,included,1779993000.0,0.0,0.595,0.59,0.6,0.010000000000000009,0.6,165460.13999999998,60.0
KXNBAGAME-26MAY28OKCSAS,1h,1780011000,included,1780011000.0,0.0,0.595,0.59,0.6,0.010000000000000009,0.6,727781.42,60.0
KXNBAGAME-26MAY28OKCSAS,5m,1780014300,included,1780014300.0,0.0,0.595,0.59,0.6,0.010000000000000009,0.6,1379803.65,60.0
KXNBAGAME-26JUN03NYKSAS,24h,1780446600,included,1780446600.0,0.0,0.635,0.63,0.64,0.010000000000000009,0.64,98399.25,60.0
KXNBAGAME-26JUN03NYKSAS,6h,1780511400,included,1780511400.0,0.0,0.635,0.63,0.64,0.010000000000000009,0.64,459291.38999999996,60.0
KXNBAGAME-26JUN03NYKSAS,1h,1780529400,included,1780529400.0,0.0,0.635,0.63,0.64,0.010000000000000009,0.64,906565.25,60.0
KXNBAGAME-26JUN03NYKSAS,5m,1780532700,included,1780532700.0,0.0,0.635,0.63,0.64,0.010000000000000009,0.64,1488073.15,60.0
KXNBAGAME-26JUN05NYKSAS,24h,1780619400,included,1780619400.0,0.0,0.665,0.66,0.67,0.010000000000000009,0.67,42153.22,60.0
KXNBAGAME-26JUN05NYKSAS,6h,1780684200,included,1780684200.0,0.0,0.675,0.67,0.68,0.010000000000000009,0.68,181548.5,60.0
KXNBAGAME-26JUN05NYKSAS,1h,1780702200,included,1780702200.0,0.0,0.675,0.67,0.68,0.010000000000000009,0.68,796350.21,60.0
KXNBAGAME-26JUN05NYKSAS,5m,1780705500,included,1780705500.0,0.0,0.685,0.68,0.69,0.009999999999999898,0.69,1511607.32,60.0
KXNBAGAME-26JUN08SASNYK,24h,1780878600,included,1780878600.0,0.0,0.545,0.54,0.55,0.010000000000000009,0.55,169095.86000000002,60.0
KXNBAGAME-26JUN08SASNYK,6h,1780943400,included,1780943400.0,0.0,0.535,0.53,0.54,0.010000000000000009,0.54,335810.18,60.0
KXNBAGAME-26JUN08SASNYK,1h,1780961400,included,1780961400.0,0.0,0.535,0.53,0.54,0.010000000000000009,0.54,919886.96,60.0
KXNBAGAME-26JUN08SASNYK,5m,1780964700,included,1780964700.0,0.0,0.525,0.52,0.53,0.010000000000000009,0.53,2205352.67,60.0
KXNBAGAME-26JUN10SASNYK,24h,1781051400,included,1781051400.0,0.0,0.535,0.53,0.54,0.010000000000000009,0.54,36364.38,60.0
KXNBAGAME-26JUN10SASNYK,6h,1781116200,included,1781116200.0,0.0,0.535,0.53,0.54,0.010000000000000009,0.54,286893.73,60.0
KXNBAGAME-26JUN10SASNYK,1h,1781134200,included,1781134200.0,0.0,0.545,0.54,0.55,0.010000000000000009,0.55,1513976.8,60.0
KXNBAGAME-26JUN10SASNYK,5m,1781137500,included,1781137500.0,0.0,0.545,0.54,0.55,0.010000000000000009,0.55,2660968.4,60.0
KXNBAGAME-26JUN13NYKSAS,24h,1781310600,included,1781310600.0,0.0,0.645,0.64,0.65,0.010000000000000009,0.64,108691.53,60.0
KXNBAGAME-26JUN13NYKSAS,6h,1781375400,included,1781375400.0,0.0,0.645,0.64,0.65,0.010000000000000009,0.65,397969.72,60.0
KXNBAGAME-26JUN13NYKSAS,1h,1781393400,included,1781393400.0,0.0,0.645,0.64,0.65,0.010000000000000009,0.65,799600.52,60.0
KXNBAGAME-26JUN13NYKSAS,5m,1781396700,included,1781396700.0,0.0,0.645,0.64,0.65,0.010000000000000009,0.65,2230083.28,60.0
